,Unnamed: 0.1,Unnamed: 0,ID,Exercise,Calories Burn,Dream Weight,Actual Weight,Age,Gender,Duration,Heart Rate,BMI,Weather Conditions,Exercise Intensity
0,0,0,1,2,286.9598505,91.89253067,96.30111546,45,1,37,170,29.42627467,1,5
1,1,1,2,7,343.4530361,64.16509681,61.1046681,25,1,43,142,21.28634599,1,5
2,2,2,3,4,261.2234649,70.84622352,71.76672384,20,1,20,148,27.8995916,0,4
3,3,3,4,5,127.1838584,79.47700756,82.98445557,33,1,39,170,33.72955245,2,1
4,4,4,5,1,416.3183735,89.96022608,85.64317443,29,0,34,118,23.28611341,0,3
5,5,5,6,0,479.7226901,78.88757763,80.59659152,60,0,41,169,34.71933604,1,1
6,6,6,7,9,457.6313614,65.68112526,61.81538551,18,1,53,103,34.59464132,0,1
7,7,7,8,4,272.9569819,64.92956278,62.80648911,42,1,25,104,22.05010343,0,2
8,8,8,9,1,195.0322726,52.73106505,54.53768847,49,1,37,161,30.94884687,2,0
9,9,9,10,8,259.5311447,95.164097,97.43683277,41,1,55,103,31.22404465,0,1
10,10,10,11,5,248.5361176,56.8297759,54.14440184,41,1,52,151,34.01756731,0,3
11,11,11,12,0,376.5526493,95.19628309,97.36896072,35,0,28,158,34.56511678,2,6
12,12,12,13,0,311.1060239,83.67915156,84.42865874,54,0,48,173,34.52263692,1,4
13,13,13,14,8,497.549588,59.42012239,60.02686967,41,1,43,121,28.9313826,2,0
14,14,14,15,1,451.8532602,65.27981192,61.25935824,19,1,59,174,26.34012389,0,4
15,15,15,16,7,325.056217,89.07299305,86.46496723,54,1,42,105,28.9570926,2,9
16,16,16,17,2,216.8663933,84.63807523,88.31452671,38,0,46,119,33.67888188,1,7
17,17,17,18,1,377.1229305,79.64940102,84.14403879,42,1,26,126,23.89336292,2,9
18,18,18,19,0,457.6203214,70.2601051,70.75616296,40,0,23,129,33.2386129,2,2
19,19,19,20,9,103.3354905,88.75086513,84.43614261,49,1,59,149,20.44761953,1,8
20,20,20,21,7,335.1512709,84.92312857,80.99303296,38,1,55,114,24.8895933,2,7
21,21,21,22,9,131.4575318,54.97493556,52.29681481,29,1,37,135,20.54155838,2,2
22,22,22,23,0,187.2145211,70.6800884,69.65255976,54,0,26,117,30.59981568,1,3
23,23,23,24,7,129.0192376,58.10413954,54.69985051,30,1,26,145,33.35999724,2,9
24,24,24,25,0,293.464795,60.08372848,59.86013459,45,0,36,135,18.74376699,2,7
25,25,25,26,1,344.1352887,75.58965322,72.0983609,24,1,57,159,31.57504828,0,2
26,26,26,27,9,297.6813903,79.36560717,81.68863135,56,1,39,133,20.0330802,2,0
27,27,27,28,1,126.4961165,93.80578537,98.57062426,54,1,33,118,18.94809579,0,6
28,28,28,29,8,279.7251573,76.76067757,78.70795184,21,1,21,164,21.339318,1,1
29,29,29,30,6,214.2193561,50.81220347,49.31561328,55,0,48,155,29.23556137,2,0
30,30,30,31,4,115.3368677,87.03452476,86.24767046,47,1,26,154,22.17566114,2,7
31,31,31,32,5,444.6904555,82.72059543,86.45526301,24,1,37,168,24.37234879,0,2
32,32,32,33,0,261.0427782,87.93811297,90.68068215,57,0,47,111,30.42326681,1,8
33,33,33,34,0,343.2067297,80.10790122,77.83226162,30,0,31,170,24.94641272,2,4
34,34,34,35,8,483.4970362,75.61763231,78.03340967,52,0,49,121,26.27883251,2,9
35,35,35,36,8,364.4688538,96.88634887,95.66982226,20,1,43,103,24.83308985,2,7
36,36,36,37,9,353.2051257,54.24162087,54.53063568,37,1,51,155,34.36954017,1,1
37,37,37,38,7,182.3335938,96.92153758,96.08917838,47,0,25,106,28.17738168,2,5
38,38,38,39,8,316.0366931,76.44365295,79.82720402,28,0,31,157,21.77174362,2,0
39,39,39,40,3,280.5911131,99.79883357,99.0966335,57,0,27,150,32.25019059,0,4
40,40,40,41,3,240.9247871,98.84875202,100.8967673,41,0,53,162,27.39231586,0,5
41,41,41,42,4,455.6056505,90.00990748,85.40862776,19,1,60,153,22.21856755,0,0
42,42,42,43,0,119.4725546,53.20619588,51.17641475,32,0,37,168,19.43018046,1,9
43,43,43,44,9,121.0886855,60.46042111,58.06911618,55,1,36,159,31.76605422,0,7
44,44,44,45,9,207.9759501,67.72806592,70.58058256,39,0,59,177,30.65263465,2,2
45,45,45,46,2,355.6478253,78.55073371,76.65819193,32,0,28,126,23.04409145,1,2
46,46,46,47,1,176.4886037,76.97485323,75.47957349,58,1,36,151,26.22608119,1,7
47,47,47,48,7,453.4353571,62.04763518,66.54716531,40,1,52,158,20.05025199,0,6
48,48,48,49,6,120.0669036,86.6758351,82.55090155,48,0,34,174,25.8040189,2,2
49,49,49,50,3,379.3709879,84.14863746,88.76687023,36,1,54,137,29.99401277,0,2
50,50,50,51,2,244.9790358,82.43364998,77.79195722,35,1,21,129,20.10679707,1,7
51,51,51,52,1,447.7851241,57.90317356,56.59718028,28,1,39,124,24.51337316,1,3
52,52,52,53,9,117.819875,74.29894484,70.505351,37,1,32,146,19.00649414,1,3
53,53,53,54,0,217.7570965,77.63226847,81.53358944,25,0,50,136,33.61687435,0,7
54,54,54,55,6,371.1216261,76.78404005,81.76218279,51,1,52,146,34.29477546,2,3
55,55,55,56,9,441.770923,74.27839097,72.56739655,28,0,20,108,21.1134036,1,0
56,56,56,57,5,277.7292176,93.72924375,90.70424116,27,0,53,103,29.92696454,2,5
57,57,57,58,9,168.6552217,96.99129988,92.2778923,52,1,38,136,20.23433582,0,8
58,58,58,59,8,126.6017619,76.93070857,75.98180486,49,0,26,112,22.83994622,2,0
59,59,59,60,2,283.2182582,65.65555298,62.78632646,48,1,21,101,34.1017927,0,8
60,60,60,61,9,301.4196335,57.83633874,61.49848031,40,1,48,119,18.55321683,1,6
61,61,61,62,7,318.4410057,76.49824545,79.84324315,47,0,21,164,19.24402432,0,4
62,62,62,63,6,141.0364555,87.40573433,83.15299584,40,0,25,156,28.19329989,0,1
63,63,63,64,0,170.5211824,65.45832237,67.53030977,26,1,39,174,34.31000845,0,2
64,64,64,65,8,151.3656289,85.21196044,83.80386672,60,0,35,121,26.38069687,0,7
65,65,65,66,9,365.6369757,76.6660257,78.45646952,20,1,30,151,31.07880384,0,4
66,66,66,67,3,127.9066818,78.8011706,78.62363525,52,1,52,172,21.65583392,0,2
67,67,67,68,0,111.4136934,71.71853757,74.92635505,50,1,23,147,21.91606524,1,4
68,68,68,69,6,455.756085,81.1732508,81.75920467,36,1,40,118,22.45509707,0,0
69,69,69,70,4,324.9529154,60.94100863,62.46149413,40,0,41,171,23.8444923,2,1
70,70,70,71,9,224.7566667,53.58722902,53.78396297,51,1,26,139,28.62831618,1,7
71,71,71,72,4,251.9707701,79.66824254,76.38530131,19,0,34,107,25.38978365,2,2
72,72,72,73,9,346.4365542,99.07569469,95.95126884,32,0,49,127,27.447053,2,8
73,73,73,74,3,233.3392462,55.8392404,52.15090762,58,1,30,153,24.9464804,0,6
74,74,74,75,6,222.7406397,97.72148267,100.4104576,25,1,53,166,19.62559444,2,4
75,75,75,76,8,254.9823965,78.1162371,77.33768093,60,1,27,128,29.80454185,2,2
76,76,76,77,1,387.9547256,81.0726531,81.78720798,42,0,34,118,27.81412391,1,4
77,77,77,78,0,129.4225026,92.55242138,95.12661104,59,0,51,176,32.99199182,2,9
78,78,78,79,1,211.9936538,98.59539471,96.4680018,52,0,36,125,32.3516948,0,3
79,79,79,80,6,187.1540026,95.02492746,96.17884077,43,0,28,146,19.14769677,1,2
80,80,80,81,4,362.8855991,65.77778426,61.23949091,52,1,44,145,32.27281532,1,9
81,81,81,82,0,145.4125641,69.8404642,72.72992098,27,1,42,110,26.67828159,1,1
82,82,82,83,0,305.3738804,97.58691919,102.2311965,56,0,46,103,22.06029777,1,2
83,83,83,84,4,472.5085347,61.69187834,62.93349247,33,0,45,143,31.64764776,0,1
84,84,84,85,0,364.7305563,65.50027596,64.29150459,57,1,24,176,18.85074319,0,0
85,85,85,86,3,218.439501,91.59064132,88.75571394,25,0,55,156,21.63796084,1,2
86,86,86,87,7,120.509324,66.37023873,61.68558378,55,1,46,110,34.0370336,0,7
87,87,87,88,4,194.3341766,55.45791564,57.37963507,18,0,42,121,28.68479934,2,4
88,88,88,89,9,169.705561,53.7830683,55.08886643,40,1,51,152,20.96051879,2,6
89,89,89,90,6,178.0728415,80.1558737,82.52777519,43,0,52,108,27.19984173,1,7
90,90,90,91,9,299.8187299,67.94857152,65.07531403,28,1,32,137,24.3270678,2,8
91,91,91,92,1,443.5856836,53.55212315,50.02107892,57,1,40,139,33.30809063,1,5
92,92,92,93,4,271.0956442,86.20290906,83.79618992,36,0,22,180,24.6627078,0,3
93,93,93,94,6,413.8854243,66.92549295,68.8660001,35,1,36,109,22.10955455,2,5
94,94,94,95,9,176.433223,54.41506976,59.19067336,35,1,27,166,23.4711098,0,8
95,95,95,96,1,147.1726527,69.72905757,71.09468662,40,0,56,115,28.76920033,1,6
96,96,96,97,3,408.4146909,87.41431198,87.5055916,34,0,23,154,21.47705405,2,7
97,97,97,98,9,168.0208161,97.42627824,98.55154754,57,0,52,107,30.60448801,0,5
98,98,98,99,2,267.576432,90.12892254,86.43440433,41,1,46,163,32.0156202,0,7
99,99,99,100,3,366.0372045,79.75710513,75.32676972,37,1,38,115,34.25747047,0,1
100,100,100,101,5,309.7996685,76.27469891,78.86926562,42,1,57,128,30.16709554,2,0
101,101,101,102,3,377.2902571,50.70619304,50.5837702,27,1,50,166,21.55475318,2,8
102,102,102,103,6,306.2712633,54.14344982,56.99475918,53,0,20,152,25.57786558,1,3
103,103,103,104,9,234.0254065,71.31793923,67.57261021,56,0,30,106,33.17709401,1,0
104,104,104,105,4,329.4466802,56.68192287,60.79754678,38,1,46,108,24.52088084,0,9
105,105,105,106,6,442.5630513,52.05940184,55.71856453,22,1,51,176,32.70903152,2,7
106,106,106,107,3,399.4897422,81.84193836,80.84973657,28,1,28,151,27.61331775,1,7
107,107,107,108,1,483.969752,94.31314947,95.80545927,54,1,51,127,21.38166209,0,4
108,108,108,109,5,420.1160418,78.95308602,79.63577637,42,0,58,125,27.29355873,2,5
109,109,109,110,4,209.8023499,54.2371572,59.09725982,18,1,39,123,34.1207098,0,8
110,110,110,111,4,124.8124867,57.00863719,57.63665394,57,0,60,109,23.15990606,0,8
111,111,111,112,7,118.3385206,84.5444396,82.51560728,47,0,38,141,31.35652295,2,6
112,112,112,113,8,408.4920534,93.12616649,94.38356843,58,0,22,145,32.09962909,1,5
113,113,113,114,7,118.1771261,99.5113162,102.9782737,43,1,22,151,28.66587115,0,5
114,114,114,115,0,422.7135013,60.69999543,63.44628513,58,0,22,108,20.15866046,0,2
115,115,115,116,7,240.0177788,53.32739946,56.20362011,23,1,42,135,20.06185171,0,7
116,116,116,117,9,419.3066769,85.90666573,88.79659313,49,0,41,101,26.4000158,1,5
117,117,117,118,1,483.7782894,56.35911615,57.06837366,39,0,26,163,21.42123002,0,4
118,118,118,119,7,266.54832,91.46747422,92.75547183,34,1,52,144,22.27836045,0,0
119,119,119,120,2,104.8550273,63.53499848,67.04093332,19,1,39,122,20.33647415,0,2
120,120,120,121,2,302.9548246,78.63395151,83.11037908,32,0,37,103,27.45571038,2,4
121,121,121,122,5,283.4472034,88.55364482,89.99851689,43,0,54,118,24.89526987,1,7
122,122,122,123,1,239.5529794,92.31470194,91.07660295,57,0,33,173,31.4402438,1,7
123,123,123,124,5,410.136624,56.9317965,55.98469128,44,0,29,105,28.29870262,2,2
124,124,124,125,0,472.2571261,73.32088288,70.13620933,34,0,50,146,22.92826784,1,1
125,125,125,126,9,440.3696002,57.83001371,53.042103,40,0,44,169,28.11696786,0,4
126,126,126,127,6,475.4189059,52.11344316,50.86320199,57,0,36,161,22.21944956,2,2
127,127,127,128,1,142.9766065,97.24472774,93.00075247,59,0,25,116,22.31779856,1,9
128,128,128,129,3,115.8819824,95.96800941,99.24127998,18,0,50,144,31.96373669,2,4
129,129,129,130,5,443.3890037,80.83581477,84.33421187,39,1,41,177,24.11116561,1,9
130,130,130,131,5,187.0619427,61.66302264,61.73193421,58,0,27,130,29.31747581,2,7
131,131,131,132,6,310.3643974,82.73871276,85.16440129,43,0,23,124,29.69361279,2,3
132,132,132,133,7,129.611367,59.36482569,55.16087683,30,1,28,117,30.5449893,0,2
133,133,133,134,6,383.2635156,56.26033451,61.24653066,25,0,28,104,21.62008808,0,1
134,134,134,135,4,144.7993694,76.41797628,78.5115556,52,0,53,177,21.25129781,1,0
135,135,135,136,5,102.0959253,91.53400426,92.41374766,55,0,50,106,33.35338189,2,6
136,136,136,137,1,344.712567,61.98804603,58.7253541,43,1,59,108,19.09399718,2,0
137,137,137,138,4,237.6189713,82.4925542,86.58468232,29,1,23,137,24.93561004,2,0
138,138,138,139,1,192.364994,95.81706922,100.4090798,40,1,31,170,20.03404579,1,2
139,139,139,140,9,471.6148446,79.65763617,75.91369081,29,1,58,160,21.51597702,0,5
140,140,140,141,5,280.455236,75.32336965,74.96073161,36,0,58,131,33.71839827,1,7
141,141,141,142,0,474.2340328,65.58163045,65.80857826,26,0,59,107,24.40223101,2,1
142,142,142,143,8,184.4730934,64.73910381,68.3741302,46,0,45,141,28.94278738,0,4
143,143,143,144,5,137.7745595,51.05534575,53.69455335,22,1,42,109,26.34117322,2,7
144,144,144,145,3,414.4423123,96.5655895,97.80677203,44,0,31,121,27.51271829,0,3
145,145,145,146,4,439.2877189,95.0383254,98.57887801,44,1,40,106,28.42239194,1,8
146,146,146,147,0,152.3731861,70.97200523,74.43379193,28,1,28,100,28.59196993,0,3
147,147,147,148,5,313.1435338,82.27331216,84.64565117,52,1,48,126,27.55570647,0,5
148,148,148,149,9,376.4953334,85.24942967,82.52383881,26,0,32,109,19.39886868,1,5
149,149,149,150,9,448.9890478,92.22488557,94.61001335,35,1,30,141,22.85568356,2,6
150,150,150,151,9,293.0344535,55.50903185,53.24650478,56,1,20,176,29.78677836,0,0
151,151,151,152,3,233.122857,94.29167377,90.220902,38,0,22,105,21.34916053,0,8
152,152,152,153,9,151.5991295,54.17946007,57.12792775,23,0,43,167,31.33151701,2,5
153,153,153,154,0,246.0202278,62.12980391,62.26845357,27,0,23,104,22.51498621,0,7
154,154,154,155,4,295.1513244,98.9389131,96.4338872,50,0,36,178,24.54884642,0,0
155,155,155,156,9,119.6067548,67.81632892,70.97223588,23,1,25,170,18.94521484,0,5
156,156,156,157,5,418.2618341,69.30636197,69.18487084,54,1,23,177,23.62638167,0,2
157,157,157,158,9,419.7180341,74.24094884,75.59689133,38,0,51,151,26.50197594,2,6
158,158,158,159,7,237.1214052,70.27505826,74.84338458,45,1,26,154,24.49874184,0,9
159,159,159,160,4,488.9969371,88.25870267,83.66405641,19,0,55,175,19.49576172,0,3
160,160,160,161,3,485.0860445,72.31580813,69.31447707,60,1,37,133,30.15399805,2,3
161,161,161,162,9,185.5255732,80.02737334,81.14219998,60,1,56,111,25.12063694,0,7
162,162,162,163,8,165.9993912,69.5446766,72.99273153,56,1,51,162,22.66285542,1,2
163,163,163,164,7,312.9282633,89.47824503,88.61938842,53,1,55,176,26.06325689,1,3
164,164,164,165,6,310.7992823,94.95883136,96.36457188,52,0,35,168,20.68000992,1,2
165,165,165,166,2,194.9421322,72.69081273,75.08330305,24,0,26,102,32.39776582,1,4
166,166,166,167,2,491.9044704,92.5834038,88.22157221,42,1,29,153,23.19780894,2,7
167,167,167,168,1,334.6332176,55.68245556,54.81757182,19,1,30,136,26.48644482,1,1
168,168,168,169,7,458.8810485,53.83608215,51.86215132,26,1,33,133,33.52926921,2,5
169,169,169,170,2,221.3818281,72.23064443,75.38185875,49,0,56,175,23.94210442,0,8
170,170,170,171,7,325.8452919,96.0349605,93.34441029,51,0,27,129,22.29424576,0,9
171,171,171,172,5,271.7984607,96.23437792,91.8210386,18,1,55,159,19.57181441,0,3
172,172,172,173,5,218.1117723,83.12915796,87.46190442,35,0,54,131,32.33269169,2,6
173,173,173,174,5,372.581496,97.81003857,94.37463386,54,1,31,158,33.27434395,2,0
174,174,174,175,6,479.8325592,91.36767018,95.911693,49,0,54,107,27.17379536,0,2
175,175,175,176,9,394.1783809,51.52025874,48.40048431,56,1,31,123,22.68855345,2,1
176,176,176,177,2,444.2549306,96.93743153,95.56601888,24,0,21,152,30.9707873,2,3
177,177,177,178,7,317.3206578,50.68907642,47.45277461,37,0,36,166,22.99728844,0,0
178,178,178,179,4,294.440263,94.2268042,96.36381065,20,0,33,172,32.29393205,1,1
179,179,179,180,9,336.160237,81.85502061,78.27247592,51,0,40,145,25.56755187,1,5
180,180,180,181,8,179.1368748,96.11824221,94.01242775,21,1,24,126,33.44114105,2,6
181,181,181,182,8,241.2112347,59.20834713,55.78219929,31,0,35,166,20.54830706,1,5
182,182,182,183,1,468.6631805,68.2300733,64.57042377,38,0,30,114,28.01156596,1,8
183,183,183,184,3,370.6934327,81.27285503,78.20786746,25,0,31,144,31.51282138,1,9
184,184,184,185,5,235.4808427,62.75129513,63.56491265,18,1,29,130,19.24520096,0,3
185,185,185,186,7,497.6911217,71.99043663,69.05311312,27,0,34,155,25.57548596,2,7
186,186,186,187,7,461.5139356,71.32622876,67.17188522,52,0,45,102,33.81707437,1,1
187,187,187,188,2,358.1260719,97.29009016,101.0450295,49,1,27,165,31.14741497,2,9
188,188,188,189,2,420.185107,78.51290543,79.41729076,48,1,35,119,34.16084238,1,2
189,189,189,190,1,247.3177278,66.85790055,66.77762847,58,0,43,136,27.66865811,2,4
190,190,190,191,0,304.6376978,59.58972611,62.54535184,60,1,37,171,22.59039568,0,1
191,191,191,192,5,485.9618233,76.38874557,73.95241722,42,1,25,113,20.31656797,1,4
192,192,192,193,3,452.3517684,94.86783143,93.46029553,28,0,23,141,28.69268691,1,4
193,193,193,194,5,430.4024765,63.48585996,60.11646252,48,1,47,123,25.2372257,2,7
194,194,194,195,0,283.3606445,75.1904096,77.88313682,51,0,41,171,20.45067266,2,4
195,195,195,196,2,212.742105,79.76207885,83.47986826,53,0,34,117,33.34423973,1,5
196,196,196,197,7,497.8515018,68.93369316,65.71073511,25,0,47,110,34.38153041,2,2
197,197,197,198,0,390.1075923,64.75229773,67.73405712,31,1,45,160,26.13938514,2,4
198,198,198,199,0,214.5143714,63.83401715,68.24753501,34,1,21,159,26.5913335,0,1
199,199,199,200,7,188.6152102,96.73989768,100.3214275,43,1,55,173,28.1726826,1,9
200,200,200,201,5,122.6847362,75.55821512,73.90294643,22,1,58,116,20.81564035,0,7
201,201,201,202,8,259.0072069,99.40958568,102.5759785,40,1,52,107,30.199875,2,1
202,202,202,203,9,258.7209122,68.76460705,65.9868247,24,1,32,136,32.38559416,2,0
203,203,203,204,4,154.7629008,90.34390764,86.9147589,59,0,21,179,30.79285681,0,8
204,204,204,205,2,282.6603086,95.03513001,94.72751555,53,0,42,120,19.17657562,2,4
205,205,205,206,1,262.1380834,98.54044053,99.44447884,25,0,36,103,20.53391978,1,4
206,206,206,207,6,489.7061081,72.99231194,74.53645217,24,1,23,110,21.69213114,0,0
207,207,207,208,1,308.560274,76.29655502,72.94929275,19,0,33,105,22.79244181,0,8
208,208,208,209,5,303.4398397,94.57317166,92.63114444,44,1,44,146,21.4929567,1,6
209,209,209,210,9,242.4507635,68.97793856,67.15173698,48,0,42,104,22.05978155,0,5
210,210,210,211,8,224.3531034,70.03991788,73.94830679,60,1,40,159,26.40999771,2,7
211,211,211,212,0,387.9751554,86.54081641,91.02035846,52,0,34,142,22.55585982,0,2
212,212,212,213,5,240.2690206,58.71842776,58.12264191,60,1,54,136,34.26105261,2,2
213,213,213,214,5,324.107922,95.40474681,91.80876937,45,0,34,113,21.72348561,1,4
214,214,214,215,4,126.1531014,74.81935703,76.758792,30,0,50,129,29.00556556,0,1
215,215,215,216,5,145.840523,75.13242544,76.49065871,35,0,37,171,29.8985682,0,2
216,216,216,217,0,118.6470115,51.67232034,51.61450441,25,1,38,110,33.82190219,1,5
217,217,217,218,8,279.5525288,88.23354287,87.63950887,59,0,35,126,34.00291981,2,9
218,218,218,219,3,114.0978791,51.5847937,47.25295118,44,1,57,180,22.89634691,1,7
219,219,219,220,3,323.1393326,53.36734089,51.0539001,38,1,29,120,29.2261896,1,1
220,220,220,221,5,299.4536977,70.36119841,67.68934097,41,1,23,115,31.7652518,0,1
221,221,221,222,3,433.6218435,92.99259898,88.015325,50,0,53,119,28.98058516,2,6
222,222,222,223,3,131.4758952,73.66603495,77.49636925,25,0,49,173,24.50330969,2,6
223,223,223,224,3,238.3390773,88.4643151,91.84575014,25,1,26,102,24.95522302,2,6
224,224,224,225,9,445.9066828,90.30070673,93.55516577,53,0,54,151,30.97390197,2,3
225,225,225,226,2,250.6072627,61.12086094,59.79740766,28,0,34,146,24.64626143,0,0
226,226,226,227,4,319.6223011,72.00819989,69.53764157,31,0,45,155,30.90135908,2,1
227,227,227,228,5,191.1171928,85.72444463,90.47551048,48,0,41,117,19.25112935,2,9
228,228,228,229,5,363.3425898,89.06139724,90.25399127,55,1,52,135,31.22855908,0,9
229,229,229,230,3,222.4347461,53.77242771,52.53937694,39,0,39,100,24.48579821,2,5
230,230,230,231,7,213.921272,98.18922448,93.67878248,42,1,51,143,18.54234137,0,6
231,231,231,232,7,194.7017851,91.54321605,87.88988989,48,0,59,179,33.29581566,0,5
232,232,232,233,6,254.4716117,60.37831842,55.78997996,34,0,60,151,34.98571687,0,2
233,233,233,234,7,331.535759,65.54597657,63.66141161,20,1,27,175,26.43131346,0,1
234,234,234,235,4,255.1511815,51.72987654,55.34159526,48,1,51,139,21.32289277,1,9
235,235,235,236,8,168.4553504,93.63590805,95.85150615,32,1,48,132,26.33741437,1,6
236,236,236,237,0,388.0302215,98.07338041,97.51100213,41,0,44,163,20.95288539,2,3
237,237,237,238,7,327.7262024,88.56898311,83.59971205,28,0,36,100,22.69986994,0,7
238,238,238,239,1,415.060294,61.33188581,60.26897653,54,0,25,130,23.98040468,0,6
239,239,239,240,1,385.1856873,98.98788724,100.6622709,59,0,34,161,29.72536235,2,5
240,240,240,241,2,181.9180309,78.03411582,81.75602055,60,0,45,125,21.77943765,0,7
241,241,241,242,6,308.1344965,87.65768193,86.62404938,33,1,28,108,25.62145083,2,3
242,242,242,243,6,417.0429093,78.09088878,79.26890552,39,1,53,143,34.1228394,0,3
243,243,243,244,4,308.5380208,65.20203933,62.93323959,57,1,34,107,26.50494475,2,7
244,244,244,245,3,403.6280814,78.79455625,80.72214674,21,0,29,180,25.490055,0,4
245,245,245,246,8,454.6685624,88.7980383,88.43255009,40,1,44,167,32.2979395,0,0
246,246,246,247,4,286.4576245,58.91103944,55.12313268,41,0,25,144,22.99997405,2,4
247,247,247,248,6,390.9885057,53.79172818,53.91204673,44,0,32,108,25.09384749,1,4
248,248,248,249,1,310.270577,99.17696961,95.23066175,19,0,58,148,33.92163942,2,2
249,249,249,250,0,362.8638865,91.50202327,93.79851035,48,1,45,164,29.80356061,1,9
250,250,250,251,2,322.4907182,77.88304304,73.94803631,18,1,34,116,25.23060779,2,0
251,251,251,252,2,441.4491581,96.50479509,98.47403214,28,0,54,159,34.63480035,0,2
252,252,252,253,3,159.1317833,63.91988695,63.89765467,37,0,44,122,23.17639498,0,1
253,253,253,254,5,493.7813433,67.11663076,70.08391828,38,0,54,104,32.17548469,0,6
254,254,254,255,7,216.1592428,72.54392001,70.50374018,22,1,49,120,30.93797691,0,4
255,255,255,256,5,326.532619,74.14516433,70.23640316,58,0,28,160,21.5512308,1,1
256,256,256,257,7,455.2579295,67.33329576,65.25413296,24,1,44,137,22.96582098,1,7
257,257,257,258,2,460.995065,82.65908838,79.01064398,60,1,49,178,24.99600087,2,8
258,258,258,259,8,459.8698899,76.80096868,80.535058,59,0,25,103,25.16837564,0,1
259,259,259,260,7,440.2043132,60.22072815,58.08897521,40,1,22,180,31.57757632,1,8
260,260,260,261,7,278.1967269,66.22890819,70.7713874,57,1,27,132,20.87132541,0,1
261,261,261,262,6,161.6621582,54.98457117,52.05841484,29,0,53,120,33.58432215,1,3
262,262,262,263,4,496.1194256,80.41071319,77.41519775,35,0,34,152,31.73631604,2,1
263,263,263,264,2,312.1965692,60.14283902,55.41210375,21,0,26,117,21.56606221,2,0
264,264,264,265,6,289.5039568,51.4126883,55.32812567,19,0,59,102,20.74087439,2,6
265,265,265,266,8,451.3558735,54.00657727,58.25794246,31,1,39,158,34.13992,1,2
266,266,266,267,7,205.4822903,50.80994275,51.10745895,35,1,30,151,33.41957239,2,8
267,267,267,268,4,228.9977038,75.96628696,72.49935442,48,0,58,168,32.95397849,0,7
268,268,268,269,5,412.8717973,99.43406735,98.99602467,51,1,36,166,33.08167402,1,5
269,269,269,270,0,125.3188633,61.66126373,62.93773009,60,1,60,140,25.50366824,0,9
270,270,270,271,9,332.2157903,79.50702411,82.90077002,18,0,56,107,31.49407517,2,0
271,271,271,272,0,170.3770551,69.55536825,70.98652946,54,0,24,112,18.58827479,1,8
272,272,272,273,0,480.8794249,60.56365223,61.05276,35,1,22,176,33.03941552,1,9
273,273,273,274,7,458.836108,59.45034665,60.27206231,19,0,55,141,34.4811694,1,6
274,274,274,275,2,152.0253587,57.5357302,55.00439332,40,1,20,138,23.40905355,1,4
275,275,275,276,0,202.6962407,69.97506025,71.43576989,57,1,38,170,23.16198917,1,2
276,276,276,277,6,340.7412607,71.7618215,70.57669883,45,1,25,159,34.53310207,1,8
277,277,277,278,6,181.6505208,53.50719133,53.64369787,58,1,41,113,34.80267975,0,5
278,278,278,279,4,296.237181,85.59008795,90.29951198,55,0,56,159,33.97005736,0,2
279,279,279,280,0,414.0052653,83.18856385,87.17224165,43,1,27,126,30.8375631,2,1
280,280,280,281,6,365.7079677,78.18353651,82.31624701,25,0,60,169,18.59892834,0,4
281,281,281,282,4,348.0929836,54.29839255,49.79118232,31,0,28,177,21.83482571,0,8
282,282,282,283,6,456.5835377,87.67809256,90.26654198,22,1,59,138,22.48202902,0,1
283,283,283,284,9,215.5900112,72.96037911,74.50439035,30,1,22,108,28.55221574,0,0
284,284,284,285,4,249.0236668,54.71944775,57.63360856,59,0,40,154,19.34307393,1,4
285,285,285,286,9,278.6110562,96.79539475,92.97289312,49,0,40,123,22.49851017,2,0
286,286,286,287,9,265.2251986,80.68212331,79.548377,21,1,42,176,31.17042026,2,3
287,287,287,288,2,455.903897,86.97470778,89.10269181,23,1,20,163,27.98404912,2,8
288,288,288,289,0,422.8064437,50.37197878,49.46376539,52,1,42,103,26.71492286,2,3
289,289,289,290,4,446.3728861,95.03089349,94.53201313,52,0,41,123,24.96293481,2,2
290,290,290,291,1,428.4618685,51.61870125,50.81730665,41,1,31,139,24.54790438,2,1
291,291,291,292,8,166.7512424,94.84912768,95.00903929,30,1,49,179,23.51175625,2,5
292,292,292,293,0,160.8038414,85.96624063,83.17303177,26,0,57,143,28.82431738,2,0
293,293,293,294,3,310.7268313,71.08093495,68.49501401,50,0,38,173,29.107554,0,4
294,294,294,295,1,184.5605075,73.22127459,76.17260938,44,1,56,157,30.38884623,2,6
295,295,295,296,9,471.515755,63.37740771,63.89690295,19,0,20,112,34.31492756,1,1
296,296,296,297,8,490.9832922,83.84120414,84.85824043,22,1,59,162,29.08226346,0,7
297,297,297,298,7,216.548184,90.96677934,94.58201652,21,1,35,111,23.18880761,1,8
298,298,298,299,2,330.849155,65.78704728,61.21898835,30,0,37,133,29.73208603,0,4
299,299,299,300,3,339.3830995,96.60189359,95.33283953,42,0,22,137,28.21130926,0,0
300,300,300,301,9,151.461179,57.83950131,62.78126409,36,0,24,149,25.24085672,0,1
301,301,301,302,9,306.5809613,74.55841832,75.71544404,30,1,56,122,19.54459704,1,4
302,302,302,303,8,254.7415239,67.98009312,64.59699077,56,0,46,170,19.97470835,2,6
303,303,303,304,5,285.6125742,69.03532005,68.78811679,37,1,50,135,25.45210618,0,6
304,304,304,305,4,413.4908856,52.96289251,56.05930883,31,0,53,119,34.63148137,1,6
305,305,305,306,1,483.5791915,69.62651046,71.24835918,41,0,55,126,24.50260017,0,3
306,306,306,307,4,405.6742994,94.42501051,89.91824843,53,0,35,161,19.18158969,2,2
307,307,307,308,4,180.1020082,90.21292968,88.50337847,43,0,34,108,28.29871048,1,2
308,308,308,309,5,491.1956175,75.79915362,73.55545085,19,0,42,179,27.56666752,0,5
309,309,309,310,1,231.7764398,89.70255589,90.04297324,35,1,46,175,30.00699053,1,5
310,310,310,311,4,120.2328577,50.77705733,49.77671281,23,1,52,172,31.62463111,1,3
311,311,311,312,4,178.690855,54.57704458,57.77895327,47,1,36,157,29.66816308,1,6
312,312,312,313,3,421.9922433,85.11000387,85.75016112,25,1,22,170,29.36377752,2,9
313,313,313,314,5,231.7819505,52.07232852,48.34034898,53,0,50,107,33.7985402,0,6
314,314,314,315,7,481.3714627,51.63513732,51.15406525,45,0,21,167,26.66030359,0,6
315,315,315,316,2,248.6070358,79.60267154,78.98980121,60,0,57,117,20.03105055,2,7
316,316,316,317,5,148.6082488,71.76925781,67.42142456,48,0,55,110,25.8424954,0,6
317,317,317,318,0,401.2463231,59.9213893,63.44800037,36,0,42,116,21.28403508,2,7
318,318,318,319,5,245.3714936,82.77052048,78.52993627,26,0,40,125,25.53774139,0,9
319,319,319,320,8,142.8070474,75.98647697,79.13887358,58,1,53,180,29.14203375,0,4
320,320,320,321,0,224.3930595,56.67296082,59.05334451,34,0,25,174,21.31593985,0,9
321,321,321,322,8,466.0550527,95.42130737,99.81726666,20,0,20,101,34.57665453,1,1
322,322,322,323,8,181.6099815,59.0992315,58.30241662,49,0,29,115,20.65715982,0,8
323,323,323,324,3,305.3195624,70.89521707,75.19700458,46,1,44,159,19.59179372,2,8
324,324,324,325,0,423.0853574,59.27816258,62.6611276,58,0,22,180,25.92492438,2,9
325,325,325,326,6,399.9880015,82.36266135,81.60575188,19,1,30,115,19.12327793,0,5
326,326,326,327,9,400.428286,74.72864757,70.79323875,50,1,32,170,20.66918561,1,6
327,327,327,328,6,458.8880881,52.43863264,55.5680401,42,0,35,148,20.06381379,2,8
328,328,328,329,7,329.3561362,81.82365595,86.70820752,43,1,59,116,18.8895982,1,7
329,329,329,330,1,261.2450959,51.83804864,53.82303744,19,1,21,178,23.72146954,0,1
330,330,330,331,1,158.1545606,59.26270289,62.5721434,44,1,45,156,28.35548439,0,7
331,331,331,332,0,123.0468662,91.0004721,95.18618148,22,1,24,180,21.88936074,1,8
332,332,332,333,2,494.2516457,81.70405806,84.35284143,26,1,38,103,33.89920168,2,4
333,333,333,334,0,184.3670115,53.56049867,51.57456244,46,1,34,150,32.54984331,0,5
334,334,334,335,9,411.6674071,54.72996876,49.921153,26,1,41,165,27.68472164,2,7
335,335,335,336,3,355.2367304,53.21026665,52.04597545,59,1,28,143,19.46962907,1,8
336,336,336,337,8,403.5083872,81.62922074,81.03242889,21,1,43,107,21.95965802,0,4
337,337,337,338,9,300.5238837,75.58980132,72.34243772,58,0,43,156,18.56066334,1,1
338,338,338,339,4,216.4842087,76.36079085,77.65955473,29,1,34,176,21.86450925,0,0
339,339,339,340,1,288.0463141,74.42708102,71.58298537,57,0,60,115,25.44253104,2,1
340,340,340,341,3,247.0820312,59.76799406,57.47826482,29,1,33,145,32.98381379,1,4
341,341,341,342,3,136.3502737,57.94207659,62.58651766,24,1,38,117,24.603464,0,8
342,342,342,343,8,450.0478028,72.68206162,74.32203924,24,0,41,175,31.63706131,1,4
343,343,343,344,5,204.9536094,64.81246366,61.41064244,55,0,22,144,27.47585867,2,4
344,344,344,345,7,184.6779309,52.50763394,52.44358948,26,0,34,139,28.32671343,0,5
345,345,345,346,8,208.9533031,99.62767161,97.63294365,59,0,25,115,28.18492741,0,3
346,346,346,347,3,187.1126847,63.76325387,65.53738059,23,1,37,148,23.11954572,1,2
347,347,347,348,3,463.0966938,76.79768238,77.21661968,20,0,55,170,23.03472355,1,4
348,348,348,349,9,298.5443919,57.33144272,57.36036849,42,1,24,115,19.13758509,0,7
349,349,349,350,7,489.1441813,87.90009234,87.52639417,28,1,60,168,31.5147621,1,1
350,350,350,351,0,115.8031822,92.42372395,95.35911638,48,0,59,106,21.92907831,2,3
351,351,351,352,6,260.8174077,51.96020689,54.37169733,38,0,32,125,26.29046954,1,5
352,352,352,353,2,410.8112718,86.77433841,87.83470688,55,1,59,147,29.70650978,0,1
353,353,353,354,7,419.2784609,71.85667465,72.5148958,31,1,49,129,30.95600026,0,7
354,354,354,355,2,113.1786548,71.50165316,69.97104814,30,1,45,133,19.39258381,2,3
355,355,355,356,4,291.7262097,67.3068012,63.68606161,37,1,38,107,31.58904307,1,0
356,356,356,357,7,254.0620735,82.9234016,84.34899752,59,1,45,160,22.30338819,2,1
357,357,357,358,4,180.535173,85.95417358,85.63849178,33,0,53,114,20.31832517,2,8
358,358,358,359,6,456.4332913,94.35143557,91.28217723,43,1,43,155,23.30957609,1,2
359,359,359,360,7,469.0207909,71.46113663,71.54805326,32,1,52,153,32.97564179,2,1
360,360,360,361,3,247.1174833,91.41895551,93.68090206,25,0,50,137,23.90398421,2,0
361,361,361,362,5,147.2493424,55.09298471,50.72098733,47,1,34,131,30.00223557,1,6
362,362,362,363,9,187.5142295,58.54595282,61.44955386,24,1,35,165,18.67705133,0,5
363,363,363,364,1,168.3402704,98.85392177,94.30641492,21,0,26,144,32.5786749,1,4
364,364,364,365,3,240.6076274,94.3180403,98.48234984,37,0,49,128,33.87590092,2,4
365,365,365,366,7,296.3476865,65.02293893,63.9018863,26,1,27,147,32.67414535,0,3
366,366,366,367,3,324.8394184,57.18002379,57.08611012,43,0,44,114,29.04596772,2,7
367,367,367,368,0,349.9257365,97.66366261,96.93965084,36,0,58,136,28.9551125,2,4
368,368,368,369,0,408.2691002,55.654306,52.15180862,28,0,59,136,31.42627908,1,5
369,369,369,370,3,468.2812717,56.10295438,57.01489026,38,0,60,136,23.86985935,2,0
370,370,370,371,8,216.1510908,87.83598567,90.32786641,36,1,35,161,28.77170485,2,8
371,371,371,372,8,287.3193103,81.74266609,84.94581369,42,1,21,158,33.07809833,1,4
372,372,372,373,7,144.6462718,65.76599635,64.75995348,48,1,50,129,33.66334913,1,2
373,373,373,374,7,234.385722,92.86260012,88.20981224,56,1,55,168,22.52023142,1,6
374,374,374,375,7,134.2520968,97.58986434,98.68042824,21,0,55,118,22.48446556,2,5
375,375,375,376,3,477.9962144,83.85055912,87.23160216,59,0,24,132,22.99754328,1,8
376,376,376,377,6,288.9131064,84.9621274,86.45005595,38,0,34,141,26.40216848,2,3
377,377,377,378,7,158.1282137,97.61102448,99.84345975,37,0,48,118,22.50830759,2,0
378,378,378,379,0,235.9513724,91.49916851,86.7953898,42,0,56,145,28.97385066,0,4
379,379,379,380,2,459.9240829,91.87159761,96.04531807,18,1,43,177,34.82835151,1,2
380,380,380,381,0,118.7328617,53.95946567,55.46661161,25,1,20,126,20.49641424,1,5
381,381,381,382,4,201.3066614,70.87556015,66.35769351,38,0,57,157,24.7127525,1,2
382,382,382,383,3,369.0942459,76.64919927,76.97046693,58,1,44,171,33.72881085,2,6
383,383,383,384,9,451.2216375,62.02322013,60.0829114,30,0,34,162,22.38683541,1,5
384,384,384,385,1,426.8229159,98.48577313,98.95344842,57,1,23,120,25.35427391,1,4
385,385,385,386,5,366.9700625,50.68737351,51.77966327,18,0,46,167,33.55067313,1,5
386,386,386,387,3,316.071905,97.09691063,93.47101498,50,1,31,133,32.8818679,0,4
387,387,387,388,7,274.9951649,51.64405734,54.10767485,30,0,55,134,23.96603628,2,2
388,388,388,389,3,347.6299577,52.35473707,50.38570573,47,1,32,149,25.41240432,0,2
389,389,389,390,2,387.15983,88.52507283,85.50386934,52,0,29,104,22.02125599,1,9
390,390,390,391,4,280.2025657,70.80244274,72.77275738,25,1,27,174,30.24902305,0,1
391,391,391,392,6,214.0563329,57.23288349,54.69312995,33,1,21,166,34.53053885,0,9
392,392,392,393,3,285.3950804,81.75596595,78.50259025,18,1,32,112,27.50377598,1,3
393,393,393,394,9,215.7590068,56.20603435,51.99318611,41,1,44,175,27.97145489,0,9
394,394,394,395,4,207.7196189,77.84747492,77.94541112,35,0,31,162,19.85515341,0,1
395,395,395,396,7,271.0046608,53.0664565,48.58804338,45,0,37,154,28.12016498,1,8
396,396,396,397,0,253.0751371,72.20812103,69.23537423,18,0,56,106,25.0264355,2,1
397,397,397,398,7,190.3247056,75.47691667,76.81115279,42,1,40,156,34.48911308,0,5
398,398,398,399,8,492.430158,55.99493862,57.33110017,43,0,48,171,22.24187516,1,7
399,399,399,400,0,192.0501081,67.09438241,64.38638292,34,0,26,158,34.50563981,1,0
400,400,400,401,6,208.2925551,50.41754582,51.88197155,51,1,32,133,30.81712934,2,6
401,401,401,402,7,477.6755303,81.04339735,84.7905715,41,1,35,104,22.16264101,1,7
402,402,402,403,3,205.1652999,92.2953315,96.58482484,38,1,43,126,28.34554892,1,4
403,403,403,404,4,170.0462889,77.95635658,74.32789715,52,0,52,118,22.11515706,1,8
404,404,404,405,9,178.4252134,93.96206593,96.4963819,46,0,32,123,24.13492387,1,6
405,405,405,406,4,252.2319844,69.47743599,74.36998967,37,1,24,126,21.22972967,2,7
406,406,406,407,4,340.5840371,65.58104635,62.48204383,45,1,43,126,30.45304697,0,0
407,407,407,408,0,127.425054,93.17342768,91.50314289,50,1,24,114,21.60465941,0,7
408,408,408,409,6,107.3080578,95.03617896,99.58803582,29,1,21,112,31.12968457,1,1
409,409,409,410,8,475.29051,67.28135982,62.28731363,40,1,44,101,34.24120371,1,6
410,410,410,411,1,497.927929,71.29763889,69.98919176,35,0,53,144,21.68560908,2,4
411,411,411,412,9,340.5581323,81.94003106,84.19338541,21,1,58,161,24.90406254,2,3
412,412,412,413,4,456.4650424,57.68567841,61.2107751,32,0,55,173,20.06407304,0,9
413,413,413,414,5,167.3702841,57.48591488,57.44383499,50,0,46,148,19.42318543,0,2
414,414,414,415,1,454.4133889,91.46429433,88.74569802,43,0,20,104,20.94458329,1,4
415,415,415,416,5,237.0676596,52.156506,50.37034965,20,0,45,126,33.66218269,0,1
416,416,416,417,9,393.6860283,67.86876453,68.52538578,38,0,23,111,26.52779665,2,2
417,417,417,418,2,319.5863841,98.18622871,93.65156702,56,1,51,111,18.69603299,1,1
418,418,418,419,4,120.4914923,81.5954524,83.11213438,32,0,50,133,29.60965936,0,7
419,419,419,420,4,136.5715819,64.72012896,62.48291431,19,1,54,139,28.16366232,2,3
420,420,420,421,6,158.8514844,52.96037383,53.45290274,58,1,48,115,31.38717024,2,0
421,421,421,422,1,374.7373633,78.19075452,73.4235804,57,1,26,179,21.85159671,2,6
422,422,422,423,4,322.9729779,91.86849773,88.51637447,51,1,60,111,33.2738094,0,5
423,423,423,424,2,368.0326813,99.43718568,99.380252,59,1,27,151,23.64767141,0,0
424,424,424,425,1,358.3466383,69.78423526,70.36141086,49,0,26,147,31.45953251,2,8
425,425,425,426,4,160.9690713,84.39487173,80.18789306,18,0,54,144,32.55908847,2,6
426,426,426,427,4,433.3784083,52.2117963,48.53275564,53,1,28,138,32.3289205,1,6
427,427,427,428,4,416.4097674,76.88836695,77.63616703,20,1,31,119,22.14673854,0,4
428,428,428,429,1,464.8525488,86.91087324,87.95259143,39,0,20,178,24.65789705,1,3
429,429,429,430,8,455.2976662,83.7719737,82.66011092,20,0,30,171,23.71954549,2,8
430,430,430,431,2,208.5658383,95.61467976,94.53015679,60,1,33,115,21.25913549,2,2
431,431,431,432,8,406.3145746,78.78790781,81.29137195,55,1,56,107,29.26123386,1,2
432,432,432,433,4,353.6219754,59.69215555,63.8397907,40,0,27,105,32.26876915,0,0
433,433,433,434,9,387.8853538,62.37007224,60.70038569,26,1,40,110,30.80855537,1,0
434,434,434,435,7,414.1461206,78.50840507,74.45428441,33,1,58,161,31.38089801,0,9
435,435,435,436,6,188.3104409,74.81187529,77.63738752,35,1,35,130,23.76923545,2,3
436,436,436,437,4,490.264163,89.90115894,88.0860307,45,1,59,150,19.91298988,2,6
437,437,437,438,6,375.5726389,84.20643567,85.57966624,53,1,57,107,20.60638636,0,8
438,438,438,439,9,317.5683017,69.33097185,69.90100388,30,0,35,165,28.82624577,1,0
439,439,439,440,0,172.7404259,56.32741505,57.69120866,26,0,33,142,20.24297758,2,4
440,440,440,441,2,424.5709976,96.62145857,97.13676905,37,0,31,116,30.50512057,0,7
441,441,441,442,3,494.110048,89.87011168,93.73434085,40,0,23,126,18.69967061,1,7
442,442,442,443,5,235.5968701,77.21316744,72.85848006,40,0,41,141,27.60522207,0,7
443,443,443,444,8,464.249638,58.32246752,62.05626345,35,0,58,163,33.11129923,1,4
444,444,444,445,6,151.9028056,74.16401364,76.54170053,56,0,29,143,27.55497745,2,2
445,445,445,446,8,231.8466207,72.35450939,67.93233313,46,1,34,173,28.50002039,2,1
446,446,446,447,6,211.5690332,78.45086412,74.78379577,19,0,20,113,28.63461603,0,7
447,447,447,448,9,432.5814861,68.29771634,70.90804248,52,1,60,174,30.06443828,1,5
448,448,448,449,0,185.6912255,94.344094,91.55953764,26,0,39,108,24.90687825,0,9
449,449,449,450,3,130.6716919,75.63783477,74.82810607,34,0,53,175,32.68915046,0,0
450,450,450,451,9,405.7350129,54.98736513,55.20029219,37,1,34,121,33.96003305,0,5
451,451,451,452,0,429.2259457,60.81328133,62.52092213,49,1,35,156,33.76834964,1,1
452,452,452,453,2,457.7859377,62.3777118,59.50071749,60,1,20,152,27.78900819,2,3
453,453,453,454,7,234.6971393,71.75326177,75.49812964,31,0,33,109,29.79524487,1,9
454,454,454,455,4,325.583073,84.91298444,80.07794564,52,1,59,121,27.49563182,1,7
455,455,455,456,6,485.9187709,72.52419861,70.55148345,53,0,56,123,24.84138033,0,7
456,456,456,457,4,356.1919797,62.97346243,67.09731404,29,1,29,131,20.57043402,2,1
457,457,457,458,8,205.3105086,60.98600936,61.70546074,25,1,34,170,32.20986738,2,6
458,458,458,459,4,402.8856762,93.24686418,89.19636444,35,1,37,166,32.56545696,1,6
459,459,459,460,8,117.4860917,99.13451174,94.19149736,58,1,59,139,32.88107776,0,7
460,460,460,461,6,286.0712716,76.30453456,78.80074319,36,1,48,176,24.89631692,0,9
461,461,461,462,0,356.008851,78.70915533,76.88315527,28,0,56,139,18.97547292,2,5
462,462,462,463,4,443.5633539,65.35387936,67.77907437,28,1,33,140,32.45666921,1,9
463,463,463,464,8,284.6317117,90.54875528,92.05053161,57,1,22,173,20.24783223,2,5
464,464,464,465,2,230.8768453,90.54156879,95.13604625,54,0,31,112,31.28580408,2,7
465,465,465,466,2,174.2992364,60.9453824,57.17940076,48,1,40,158,18.94616344,2,3
466,466,466,467,3,267.3769996,68.97944774,65.80457841,55,1,29,108,27.99533169,2,5
467,467,467,468,0,286.1914351,72.43033682,76.19877072,36,1,35,163,26.32556151,1,4
468,468,468,469,5,234.0054001,75.0149815,78.68874734,38,0,35,172,31.84876288,2,4
469,469,469,470,5,362.3959666,54.22346309,52.9856708,54,1,26,121,18.5073579,1,5
470,470,470,471,5,239.320521,81.86097495,82.85396089,32,0,37,135,21.96848172,2,0
471,471,471,472,9,210.2778187,99.27225692,94.78839529,22,1,49,161,27.06778613,1,7
472,472,472,473,8,293.207588,59.37007366,61.96036712,27,1,56,161,34.74591277,1,8
473,473,473,474,8,244.3192902,61.26111575,59.87344803,32,0,59,172,21.41510889,2,2
474,474,474,475,0,403.7854978,88.16942602,90.11062593,36,1,32,125,23.5151407,0,1
475,475,475,476,8,369.5554399,57.3235138,60.62896142,55,0,53,105,30.60633638,1,0
476,476,476,477,0,393.9093282,50.32851911,46.01182596,19,0,54,118,26.95388329,1,7
477,477,477,478,0,176.0152056,78.27284629,81.57185851,57,0,43,169,29.97871541,0,3
478,478,478,479,5,365.064624,80.85039832,82.1621455,35,0,48,157,19.39602526,2,6
479,479,479,480,0,237.0104572,84.42407101,84.24216616,43,0,58,129,23.5115786,1,5
480,480,480,481,5,448.1459669,90.1052786,94.9942727,51,1,44,148,23.83007556,2,2
481,481,481,482,3,421.7743341,83.23683392,79.27657729,42,1,31,129,30.5228411,1,7
482,482,482,483,0,112.4696283,68.99230111,69.06057404,38,0,23,165,24.41600157,2,0
483,483,483,484,6,497.4458291,97.53501693,102.3994684,47,0,20,129,28.66393937,1,4
484,484,484,485,1,118.1249583,94.56020247,94.50599144,20,0,49,161,29.59468014,2,9
485,485,485,486,3,389.2848722,60.86397586,56.48557929,27,1,39,100,19.44573733,0,4
486,486,486,487,4,183.8333267,80.59471616,85.27946771,47,0,44,180,34.67216239,2,2
487,487,487,488,5,460.3334213,96.9182288,93.36150376,57,1,22,110,33.11354844,2,2
488,488,488,489,5,322.2219591,99.80951955,96.73177695,41,1,60,170,33.18319193,1,1
489,489,489,490,5,324.0535777,81.08411214,82.89063802,43,0,40,164,20.29201348,1,8
490,490,490,491,0,319.0717729,80.43079742,80.1532844,24,1,46,103,30.43215475,2,0
491,491,491,492,7,272.1037386,54.37275332,50.83708547,50,1,52,100,33.09343493,0,1
492,492,492,493,8,345.0829471,92.12799854,88.92841469,23,0,58,160,33.82521305,1,1
493,493,493,494,9,340.6127521,52.11980137,50.61060835,42,1,33,134,26.73067945,2,3
494,494,494,495,0,170.4308566,62.26303582,58.32967159,20,0,22,173,33.05920683,1,4
495,495,495,496,5,257.008504,69.9956521,67.267426,30,0,38,156,34.22072786,2,0
496,496,496,497,2,190.6263787,81.57416861,84.18330431,56,0,36,126,32.01706691,0,8
497,497,497,498,8,187.0339816,95.91252051,100.2216347,36,0,33,140,31.6866112,0,3
498,498,498,499,0,314.1332223,52.45943446,51.00308239,58,0,56,137,24.2652069,0,2
499,499,499,500,4,468.1328403,80.43549308,80.54713811,38,1,24,139,25.41720088,0,4
500,500,500,501,1,404.9578894,56.24341483,55.24933072,58,0,36,100,22.36818768,0,8
501,501,501,502,5,418.8612354,65.08610498,66.74462861,20,0,52,113,23.65520498,2,8
502,502,502,503,5,197.2051516,80.04867191,80.78375375,18,1,51,160,33.61275116,0,7
503,503,503,504,8,278.726369,81.68805743,81.18764582,19,0,57,115,28.3355345,0,1
504,504,504,505,8,127.7115905,84.61721629,86.66002042,54,0,23,163,26.51388403,1,0
505,505,505,506,3,410.539158,87.74400523,88.56067214,29,1,57,171,25.79794485,2,5
506,506,506,507,8,182.6056498,99.48628782,100.7805254,59,1,32,138,23.76426714,0,7
507,507,507,508,3,131.3426149,98.86932647,99.23552721,51,0,30,172,27.6403941,2,8
508,508,508,509,1,463.417436,54.98276113,53.59928224,56,0,37,134,26.33731411,2,8
509,509,509,510,3,471.5948003,68.33149022,72.35174449,23,1,54,136,28.24448254,1,9
510,510,510,511,4,257.1698498,81.23792571,81.9879958,58,1,39,178,29.68097663,1,8
511,511,511,512,1,339.9604748,53.04060193,49.97882404,19,1,20,122,31.34453458,2,5
512,512,512,513,9,244.0539757,64.2239372,68.15207725,59,1,28,178,32.59771716,1,0
513,513,513,514,8,257.5737804,71.95045288,70.97033879,48,1,55,112,31.39387898,0,6
514,514,514,515,7,273.2742054,92.34423118,87.72757221,29,0,38,110,32.89558236,2,2
515,515,515,516,5,352.6037483,55.13400999,59.16763762,60,0,36,163,25.12404636,1,5
516,516,516,517,9,173.2961994,82.13032505,87.02831491,33,0,40,128,23.93778216,1,7
517,517,517,518,0,129.7115151,51.26624803,50.11442084,23,0,43,169,22.15022532,2,8
518,518,518,519,8,127.3315282,69.73376742,67.49904233,41,1,26,173,22.65926728,0,1
519,519,519,520,1,261.7598554,69.85577732,66.02616453,41,1,32,179,25.449714,1,9
520,520,520,521,3,471.9837407,67.02773793,66.25734267,37,0,38,110,22.11113718,1,2
521,521,521,522,1,459.6147362,96.49406923,94.70963061,40,0,47,176,21.99310836,0,7
522,522,522,523,9,393.4636436,96.66262328,98.05311322,19,1,41,149,29.80488867,0,2
523,523,523,524,5,101.9456791,59.33669228,59.82161483,59,1,25,169,33.42305528,2,7
524,524,524,525,3,409.108234,50.55076101,48.42827548,19,1,56,125,19.26643117,0,8
525,525,525,526,1,341.1224165,86.02355256,85.79607161,58,1,56,176,28.97555057,1,6
526,526,526,527,2,378.2517597,93.63338839,97.94466485,56,0,41,116,25.63658453,0,6
527,527,527,528,1,159.8061431,95.41476682,94.56582528,49,1,41,100,26.03087932,1,2
528,528,528,529,1,129.2620494,66.52672892,66.57596745,57,1,38,101,26.5239871,2,4
529,529,529,530,8,107.9959272,74.12862092,72.69554686,25,0,44,138,23.43823705,0,8
530,530,530,531,5,496.0086544,83.32162024,82.46629141,52,0,56,131,34.23957776,1,7
531,531,531,532,6,187.2563534,94.09274199,90.28865434,44,1,52,137,32.9590802,1,3
532,532,532,533,1,368.3936582,54.68634595,52.85641986,20,1,36,106,22.45858356,1,8
533,533,533,534,0,183.7913774,59.3204972,60.64784364,26,1,51,104,32.46193126,0,8
534,534,534,535,0,306.0503365,73.99801342,71.62449689,52,0,54,136,31.04303979,2,7
535,535,535,536,4,265.3289125,94.61189307,92.84790394,34,0,37,107,29.61682562,2,6
536,536,536,537,9,431.6148496,61.11982566,57.80149477,25,0,21,118,32.46646657,0,3
537,537,537,538,1,496.7950935,77.07022734,78.71210509,56,0,43,146,23.93206161,0,2
538,538,538,539,1,436.2065549,86.60016527,89.10669233,27,1,33,118,22.71502243,0,8
539,539,539,540,5,328.7430989,76.71765132,77.97534444,60,1,33,124,20.09019203,1,0
540,540,540,541,9,104.5275351,64.14693214,60.99051768,42,1,47,106,30.56249882,0,1
541,541,541,542,2,456.356002,93.09899044,93.57637788,23,1,56,123,33.2012949,0,8
542,542,542,543,2,183.0805073,94.25674568,96.07842259,41,1,28,161,28.44850025,1,9
543,543,543,544,7,259.7044384,91.41024752,93.21155731,51,0,60,148,29.05966143,0,6
544,544,544,545,3,305.7963564,76.3784701,80.63024418,47,1,51,125,20.32827219,0,7
545,545,545,546,9,475.6462773,60.0316005,60.43993037,50,0,42,140,29.43600406,1,3
546,546,546,547,4,277.5152065,83.71287558,81.07957007,44,0,59,102,31.16997944,2,3
547,547,547,548,8,233.3755865,61.29065611,63.23851868,59,1,56,161,32.04431307,2,8
548,548,548,549,7,412.9835672,65.97985278,70.03536806,59,0,59,114,31.78903105,2,4
549,549,549,550,7,261.7210024,61.16978906,59.17882143,51,1,24,119,29.72747559,1,4
550,550,550,551,2,248.1474431,88.13262136,90.9953564,42,0,24,109,24.98332527,1,6
551,551,551,552,4,160.1302124,64.98523224,67.40229799,21,1,56,179,21.32134972,1,0
552,552,552,553,2,463.8339627,97.17173557,94.9246915,37,1,40,171,21.32228228,0,4
553,553,553,554,2,138.6453662,60.38974646,59.68784883,45,1,53,175,34.13680301,2,0
554,554,554,555,8,123.4365622,74.57301973,72.28899665,43,0,22,137,27.49186328,1,1
555,555,555,556,1,218.6866969,95.31717003,92.53107666,26,1,31,171,25.22507797,1,9
556,556,556,557,5,248.9448197,79.05416771,82.06509275,37,1,22,160,29.25586606,0,1
557,557,557,558,9,271.5022227,92.07883875,93.20338184,26,1,45,118,28.96534582,0,5
558,558,558,559,4,342.1363484,65.31935736,60.78265788,57,1,40,162,31.84889614,0,2
559,559,559,560,1,390.6000338,60.19918849,64.83104357,58,0,47,112,27.05391565,1,4
560,560,560,561,7,297.5506098,68.3103513,68.91322174,49,1,22,157,33.19295465,1,0
561,561,561,562,4,301.09828,89.58975428,88.57452544,58,1,48,126,19.09314532,2,6
562,562,562,563,4,273.8540031,80.92965305,78.65303628,49,1,33,178,21.57960853,0,2
563,563,563,564,6,441.5993911,68.88603748,66.39177617,47,1,28,105,23.96816418,0,5
564,564,564,565,6,249.9648609,50.93938693,51.08175774,24,0,30,114,27.21387286,0,0
565,565,565,566,0,427.5970686,94.74025509,96.55437324,34,0,34,118,23.825378,0,8
566,566,566,567,8,199.8486339,87.71072979,89.49429548,21,1,26,177,19.87165907,2,7
567,567,567,568,8,208.2976469,87.51902407,82.9243293,60,1,54,101,22.50919131,2,1
568,568,568,569,0,496.5307403,60.19930729,55.73707261,55,0,33,113,33.90195831,0,1
569,569,569,570,9,173.1337536,53.46367312,54.60708398,52,0,30,101,18.76004455,1,6
570,570,570,571,0,351.436715,75.04846792,75.29036616,32,0,59,147,29.72094994,1,0
571,571,571,572,4,444.539486,92.74258301,94.47192841,49,1,47,141,26.41724702,0,9
572,572,572,573,3,485.5292029,51.77073776,47.53686479,59,0,22,148,26.92160258,2,8
573,573,573,574,4,229.3349966,66.9118656,69.02468347,41,0,38,147,28.42559737,2,0
574,574,574,575,9,415.8832712,81.16910607,76.77279901,47,1,42,156,21.42444027,0,9
575,575,575,576,8,307.8165088,50.42578643,50.60231002,41,0,23,139,25.24123047,0,3
576,576,576,577,8,443.9359189,90.93648064,91.74121877,38,1,31,152,29.40020837,0,2
577,577,577,578,1,291.7868938,59.78541501,64.71027401,45,0,41,135,25.39183359,0,6
578,578,578,579,7,394.3712058,62.36231312,59.40174084,31,0,45,108,29.07602693,2,4
579,579,579,580,0,270.9413785,74.90335712,74.58110061,22,1,57,117,31.18376012,2,7
580,580,580,581,7,280.462558,56.10994405,59.65742298,24,1,54,163,32.26357281,1,9
581,581,581,582,9,461.165023,75.05311298,75.14177505,51,1,38,133,23.07423898,2,4
582,582,582,583,2,366.6164127,92.09795908,95.63439447,32,0,56,103,23.67799706,0,6
583,583,583,584,0,258.5768409,56.83180048,58.11314437,31,0,21,123,28.68187496,2,3
584,584,584,585,3,358.9394395,95.52455142,99.93382914,49,1,58,137,29.94743003,2,3
585,585,585,586,8,338.9693345,75.17680004,76.76334112,33,1,56,123,24.20344732,1,2
586,586,586,587,8,134.6387889,53.45833686,51.80567046,53,1,40,110,24.40163175,1,4
587,587,587,588,3,418.9604363,58.59034881,58.30742847,52,0,49,122,30.85516667,0,6
588,588,588,589,9,196.2587191,51.68022559,51.41301861,33,0,27,152,34.32560496,1,9
589,589,589,590,7,156.5221355,52.86383543,49.16857796,39,0,55,139,30.32574042,1,7
590,590,590,591,7,313.1700696,79.88213056,82.55854303,34,1,60,108,26.87459091,1,8
591,591,591,592,2,485.1610645,63.71098497,63.80815805,35,1,58,174,28.45025381,2,0
592,592,592,593,0,227.1652651,53.50420455,55.2505794,59,1,37,162,34.09751447,1,7
593,593,593,594,0,413.1440996,62.06594811,59.23468497,20,0,47,125,22.84530899,1,6
594,594,594,595,6,487.4544519,78.01017608,77.41609269,47,0,20,153,28.65811266,2,8
595,595,595,596,5,197.7266191,94.45413972,97.93469801,35,0,37,176,23.36592666,2,1
596,596,596,597,5,406.2170982,60.29495241,57.61978984,23,1,38,103,30.75447334,0,4
597,597,597,598,2,396.2769424,58.49810932,60.81148796,19,0,58,115,31.52676839,2,9
598,598,598,599,2,275.3862652,63.46716218,58.61658778,47,1,55,137,20.73061052,2,4
599,599,599,600,5,194.0064618,62.41526277,59.8595706,25,1,22,169,24.31361876,0,9
600,600,600,601,7,160.2910292,73.82130477,77.89938834,60,1,35,128,31.07434388,1,8
601,601,601,602,6,406.7678732,83.07990417,83.16686811,53,0,46,166,24.48897045,0,3
602,602,602,603,5,392.5873554,78.80457388,74.95869381,54,0,44,120,24.8002778,0,3
603,603,603,604,2,479.347641,87.99566186,87.58059632,21,1,38,135,24.59769782,1,5
604,604,604,605,5,348.1014776,98.74683524,103.1251866,44,0,56,161,31.85008339,1,0
605,605,605,606,6,222.3616463,80.46416963,81.3495156,27,0,27,137,32.57814328,1,8
606,606,606,607,3,155.2710119,70.47956461,67.59708022,27,1,38,163,28.82736894,0,3
607,607,607,608,5,473.7248772,71.75985673,70.72356107,34,1,47,123,20.60079174,2,2
608,608,608,609,6,457.6141243,77.94649689,73.37305165,48,0,58,146,30.03688392,0,7
609,609,609,610,0,445.6552717,84.29252124,83.16252691,41,0,34,132,26.58757489,0,4
610,610,610,611,5,242.3973997,80.06359087,76.11807478,45,0,42,141,23.34693033,0,6
611,611,611,612,9,179.5913281,54.84624374,57.03715678,53,1,49,164,23.16953046,2,8
612,612,612,613,0,208.1112056,59.85476432,63.46724398,29,1,31,144,34.97276023,0,2
613,613,613,614,8,461.2211577,72.07626758,72.15697427,55,1,30,114,18.87226503,0,1
614,614,614,615,7,388.0816449,57.30175083,60.45699878,41,0,33,169,21.02211253,2,4
615,615,615,616,2,120.0435369,98.75448561,103.7238436,21,0,34,135,28.37680018,2,5
616,616,616,617,3,467.3351155,72.32714245,70.96404584,59,1,28,116,18.79286478,0,9
617,617,617,618,6,220.7655037,69.16410842,70.05263741,40,1,58,115,20.52099181,0,5
618,618,618,619,8,456.3488269,86.88213618,90.46416921,33,0,45,134,18.70207884,0,0
619,619,619,620,1,277.9297144,64.10647133,64.39466108,29,0,35,176,22.38000654,0,2
620,620,620,621,6,136.1870591,71.89227348,69.35746447,24,1,41,165,27.32063719,2,3
621,621,621,622,3,285.9950891,93.59280311,97.45869922,55,1,59,103,26.36185802,2,8
622,622,622,623,5,337.9455217,79.02346663,82.92973765,52,0,47,116,25.44047458,1,5
623,623,623,624,2,302.1526105,92.58179078,92.8157527,49,0,54,112,23.27000728,1,9
624,624,624,625,3,176.6063354,58.4607952,61.43728631,50,0,34,157,26.75234097,1,4
625,625,625,626,7,435.4859438,85.14157092,85.62956273,24,0,57,156,29.49077285,0,2
626,626,626,627,5,275.7359378,96.68233528,100.4845428,34,0,20,166,24.93618775,1,4
627,627,627,628,0,295.7742984,85.62106259,88.83333141,29,0,54,134,25.57566234,1,9
628,628,628,629,2,488.2116763,72.65581987,74.3432301,58,0,43,141,31.43703046,0,5
629,629,629,630,4,294.684948,85.6798222,83.37634502,27,1,27,117,30.42448159,2,4
630,630,630,631,9,430.4799263,94.44812347,93.8914167,22,1,33,159,32.44479176,1,1
631,631,631,632,4,417.2725346,55.49957545,52.99399844,59,1,54,134,32.25522548,0,1
632,632,632,633,0,155.5391732,75.51944464,78.34907155,46,1,56,169,33.18506302,1,1
633,633,633,634,8,357.0550679,70.98929644,68.65445943,35,1,26,176,26.23387658,1,1
634,634,634,635,0,330.039779,60.87308456,65.14440439,46,1,55,108,19.55505774,0,9
635,635,635,636,3,481.4752927,63.65507221,63.70336616,38,0,33,141,19.07881536,0,3
636,636,636,637,3,165.4901266,50.97919123,54.69765656,42,1,48,128,20.4665765,1,9
637,637,637,638,6,429.9462911,82.00365801,86.52017689,28,1,37,172,24.82121505,0,2
638,638,638,639,9,149.6297614,55.40236104,51.87572112,44,1,57,103,27.80830381,0,5
639,639,639,640,0,490.6705774,85.97960925,82.68141062,25,0,42,169,23.47191846,0,9
640,640,640,641,2,343.1199338,90.62752491,92.63005671,58,0,30,104,27.32177516,0,8
641,641,641,642,3,196.6262674,58.28323892,59.99614427,48,0,49,149,28.19720363,0,5
642,642,642,643,7,386.4257478,53.44537487,57.70635026,43,1,51,152,25.33657102,2,9
643,643,643,644,0,152.2425792,51.9201525,49.23964171,50,1,56,159,21.30093101,1,7
644,644,644,645,5,368.3674191,78.9132599,75.85294182,59,0,36,180,19.16528853,1,2
645,645,645,646,5,476.9980336,94.56731314,97.34699446,43,1,32,176,21.48724118,1,2
646,646,646,647,4,209.3801683,68.16348175,69.68981808,21,0,39,148,34.30913696,1,9
647,647,647,648,7,312.2388838,99.33101928,98.31631903,24,0,31,148,24.69221723,1,9
648,648,648,649,8,367.6615904,66.16843551,68.74948287,46,1,28,157,32.86538205,1,4
649,649,649,650,6,401.4889825,91.99043232,89.79024452,35,1,22,148,19.80265866,1,4
650,650,650,651,0,346.4060753,95.6097133,93.85553383,40,1,53,148,32.18785006,1,1
651,651,651,652,3,442.4770175,52.1032832,49.63693073,28,1,45,164,27.48136691,0,7
652,652,652,653,2,216.8162508,50.62075938,54.49460447,53,0,56,133,27.50295765,1,7
653,653,653,654,4,296.0790753,98.65550969,98.80521136,51,0,28,157,23.00127375,1,9
654,654,654,655,6,309.285072,74.14753009,73.76746585,34,0,53,152,30.88258929,2,3
655,655,655,656,3,494.4202607,55.22148885,59.54066004,56,0,47,172,30.31696522,2,9
656,656,656,657,5,393.9742021,73.548199,74.88559887,57,1,48,153,22.43710926,0,1
657,657,657,658,1,198.9756699,99.61973467,98.76421118,52,0,24,152,20.18412419,2,9
658,658,658,659,6,156.8540686,73.49916372,72.00716449,54,1,52,168,20.26967629,1,6
659,659,659,660,1,368.9004735,97.44523386,94.63403031,58,0,42,159,18.81878869,2,8
660,660,660,661,9,182.2605262,67.14701581,70.24774059,21,1,29,165,24.08824971,2,9
661,661,661,662,6,446.9897784,73.90954004,76.03214605,39,1,44,111,30.64594763,1,2
662,662,662,663,7,366.2249759,61.72507123,58.55834986,29,1,29,107,27.53919389,0,8
663,663,663,664,4,345.1738141,91.98183645,88.4861596,20,0,32,153,32.42341889,1,8
664,664,664,665,5,340.303388,95.61223733,92.34470222,34,0,33,102,19.57154584,2,5
665,665,665,666,8,106.4433503,91.98195493,92.78912961,31,1,33,101,19.59853005,0,8
666,666,666,667,3,479.4611205,55.05377406,52.55993296,27,0,26,144,28.01483451,1,5
667,667,667,668,8,108.6442605,53.25526907,53.17780791,36,0,50,153,33.39044828,2,2
668,668,668,669,1,268.6979237,98.53737921,95.76289949,60,1,36,108,26.96212297,1,7
669,669,669,670,3,215.0907995,89.34538902,89.72407471,29,1,60,112,32.0156605,0,4
670,670,670,671,3,354.0319982,88.04000996,91.54353561,18,1,20,157,32.23806154,0,7
671,671,671,672,2,451.5578498,64.72654846,61.04424813,60,1,52,120,32.68831345,1,4
672,672,672,673,7,397.469511,99.09837013,99.98317932,41,1,42,177,22.95522568,1,8
673,673,673,674,5,373.3599113,84.49474509,80.67761405,20,1,55,118,18.95587774,1,5
674,674,674,675,2,296.7307886,61.99910055,59.43167831,43,1,23,169,31.36519288,0,7
675,675,675,676,0,331.1035708,69.99619163,67.23701657,33,1,47,160,31.06106456,0,7
676,676,676,677,3,489.5289243,79.16915059,81.97282995,25,0,46,104,23.2930999,0,9
677,677,677,678,1,299.9417953,96.91188962,100.3705747,20,0,25,170,27.54839982,2,5
678,678,678,679,9,453.2201934,56.86406041,58.62123405,23,1,56,156,20.15809764,0,0
679,679,679,680,0,494.8621471,51.56528478,54.01084813,51,1,33,148,32.10794044,2,6
680,680,680,681,6,119.8779034,98.45152813,95.33446802,43,1,33,103,22.67102612,2,9
681,681,681,682,3,369.2815314,77.57180463,74.6552583,58,0,21,146,34.64946984,2,7
682,682,682,683,8,393.1365623,94.25281359,93.03505595,48,0,47,170,19.37754285,1,2
683,683,683,684,9,448.5944132,86.76244166,88.44284316,53,1,29,107,21.46258435,1,6
684,684,684,685,7,457.7535505,70.88935562,70.64012391,41,1,26,148,30.23537606,1,0
685,685,685,686,2,273.0366021,95.41254828,92.50890193,24,1,34,169,30.14694731,1,6
686,686,686,687,1,102.8454435,67.81892909,65.2296254,42,0,53,114,31.10100223,1,7
687,687,687,688,9,102.6676832,63.94889668,67.66234689,26,0,60,113,33.8115174,0,1
688,688,688,689,3,132.4905861,96.86893686,93.62609056,53,0,36,180,28.87033593,1,6
689,689,689,690,7,475.0789018,75.00249079,75.75508537,60,1,44,152,20.56011918,1,9
690,690,690,691,4,218.4345121,71.99684072,74.57705139,60,1,39,180,31.11449852,1,8
691,691,691,692,2,433.9225755,63.51522522,61.31553807,34,0,36,135,34.98744425,2,3
692,692,692,693,3,350.4933108,91.15444353,86.57163196,42,0,37,152,29.538504,0,4
693,693,693,694,9,386.643238,50.15364578,52.61600037,56,1,53,119,29.56794382,2,6
694,694,694,695,0,377.6529715,53.62760801,53.58449352,54,1,44,133,22.06641402,1,2
695,695,695,696,6,456.7539929,91.63381034,96.23092127,53,1,45,112,21.59148795,0,4
696,696,696,697,1,312.188039,85.60614815,88.62842994,59,0,41,133,20.23773466,0,0
697,697,697,698,3,401.876739,72.32656939,74.19205497,58,0,26,101,28.19654529,0,3
698,698,698,699,0,389.1195405,81.07526607,81.39483005,50,1,20,123,29.99163349,2,1
699,699,699,700,2,334.9984846,59.99958886,55.53320388,50,0,46,133,29.96853507,2,1
700,700,700,701,8,323.4321065,66.74649979,66.00312364,41,0,36,138,25.99708521,0,8
701,701,701,702,2,446.3133391,86.70993019,82.08775935,40,0,39,126,27.19598862,1,0
702,702,702,703,8,232.9297726,74.53081938,79.43575161,21,1,49,113,32.3987804,2,2
703,703,703,704,6,167.2888192,51.24225992,50.52992915,50,0,48,129,33.22451579,1,4
704,704,704,705,5,219.8190816,59.97586596,62.77143202,50,1,30,172,31.24801939,2,7
705,705,705,706,7,299.8234759,77.07229761,72.13635567,49,0,20,173,22.85539823,1,6
706,706,706,707,9,301.410042,99.27199595,95.49149075,39,1,36,151,19.41526378,1,6
707,707,707,708,8,148.2437634,96.34660227,93.48011484,48,0,59,163,34.37236659,1,4
708,708,708,709,1,343.9640531,90.14138623,92.98392164,50,0,51,166,25.45468937,1,4
709,709,709,710,9,221.4891477,51.62740941,56.52439319,36,1,24,103,32.48561206,1,0
710,710,710,711,1,162.3562277,65.21842799,61.73869085,35,1,41,148,25.81949335,0,0
711,711,711,712,9,189.9550455,72.50501883,69.00590071,58,0,56,138,31.71565407,2,2
712,712,712,713,0,313.720441,59.11625335,63.09485127,49,0,44,131,33.44503232,0,7
713,713,713,714,0,432.9879844,87.95103801,89.54318998,27,1,37,174,19.03086107,0,7
714,714,714,715,7,113.4311512,56.43080277,56.66523359,40,1,41,173,20.26165608,0,7
715,715,715,716,2,224.5541446,84.76704567,84.6790704,53,1,21,177,28.60088254,2,9
716,716,716,717,3,260.3474969,99.60576727,103.3150954,24,0,39,120,21.87222916,1,1
717,717,717,718,0,490.5096969,50.87748838,55.15345869,55,1,37,106,33.96743971,0,9
718,718,718,719,9,113.4890864,54.73928636,50.43251386,58,0,22,152,24.83908997,1,2
719,719,719,720,8,238.7047849,77.41299085,75.87907128,23,0,22,171,32.891829,1,0
720,720,720,721,3,116.9130543,86.42807922,83.25939773,59,0,30,139,25.98806191,1,8
721,721,721,722,0,494.2712336,62.88200726,60.87131918,49,1,31,177,20.87178697,2,5
722,722,722,723,0,405.6150029,90.85601077,95.17890279,43,0,48,158,25.60047584,1,0
723,723,723,724,7,415.7631086,93.34631444,95.20542494,57,1,24,124,27.88839318,1,0
724,724,724,725,6,443.1748657,91.7024404,90.08988146,46,1,27,119,25.10624268,0,5
725,725,725,726,8,246.4314737,78.76323023,81.94778477,48,0,60,179,31.41234919,0,7
726,726,726,727,5,245.2748082,61.6919181,65.68642841,30,0,38,151,34.03793883,1,8
727,727,727,728,1,124.3632992,58.31048159,55.76224414,38,1,38,107,18.50094138,1,1
728,728,728,729,1,328.5830945,80.46873923,84.88540708,53,0,58,106,25.01940852,1,3
729,729,729,730,8,283.4187201,60.80060543,60.3909087,42,1,25,118,31.5665321,0,8
730,730,730,731,2,259.6367696,64.96060742,65.81389835,26,1,28,114,24.6667539,0,3
731,731,731,732,2,342.8877113,53.31178287,52.11519061,44,0,35,160,26.02754999,1,3
732,732,732,733,4,472.427866,59.87433152,56.50600707,53,1,21,159,28.45891073,0,0
733,733,733,734,4,243.8344686,63.73884927,66.9672305,60,0,23,105,24.80543343,1,3
734,734,734,735,2,123.631147,90.58414574,87.70271858,49,0,26,119,32.45967169,1,4
735,735,735,736,0,473.6423932,86.0974997,81.16764878,26,1,21,128,23.74767541,0,7
736,736,736,737,4,435.3131376,68.22698353,67.58421809,37,0,45,163,18.63776193,0,4
737,737,737,738,5,390.4958228,57.50299947,53.65991445,57,1,26,141,20.13704153,0,8
738,738,738,739,3,498.0578514,74.20000425,79.16918802,34,1,48,121,18.9255964,1,6
739,739,739,740,7,443.6820677,94.43012024,89.73343541,52,0,45,163,31.89347249,1,9
740,740,740,741,2,404.2296632,90.98429452,95.76955949,36,1,40,154,34.9957331,0,9
741,741,741,742,7,160.9989652,53.28045932,49.98519215,45,0,38,109,21.26684443,1,4
742,742,742,743,3,405.8400528,53.14255885,49.62522941,20,0,28,180,23.97574471,1,5
743,743,743,744,5,236.6634862,71.3869378,70.60146836,32,0,24,134,33.45693767,2,1
744,744,744,745,0,305.7134946,52.85761722,51.85128667,50,1,32,143,23.28183023,0,9
745,745,745,746,0,158.6061856,65.51804893,64.82173167,21,1,29,163,30.305596,2,7
746,746,746,747,3,183.265881,97.76345969,99.36416549,56,1,55,105,25.56217045,1,9
747,747,747,748,5,396.1938119,86.90410021,86.60823319,41,0,35,105,33.66220852,1,0
748,748,748,749,3,195.1433728,97.527925,94.00996241,34,1,55,111,29.60302439,2,6
749,749,749,750,3,264.4952955,58.81727069,61.10081625,59,1,57,106,28.46731435,1,7
750,750,750,751,5,384.2900691,82.21144093,80.35438797,21,0,33,172,22.52752152,0,3
751,751,751,752,5,434.4348526,65.89479134,68.45425956,43,0,58,144,32.94050558,2,2
752,752,752,753,8,338.4604877,58.60703564,54.7720467,49,1,31,152,28.26467044,0,8
753,753,753,754,1,465.5977867,82.00003263,77.67140395,43,0,50,167,32.26424453,1,0
754,754,754,755,5,106.5164492,63.30655,61.89333702,54,0,24,134,29.56891414,0,1
755,755,755,756,7,342.7167344,71.25234658,74.82449979,21,1,52,129,22.09681246,1,3
756,756,756,757,8,132.2370805,66.22388294,66.40925037,58,1,52,161,31.25068304,1,1
757,757,757,758,7,153.1517219,71.93397616,67.46479368,19,0,54,134,28.56160943,1,2
758,758,758,759,1,436.9822546,59.30624429,61.99247124,34,0,42,156,27.47628878,2,2
759,759,759,760,9,139.3461872,66.20168621,65.79004498,60,0,31,146,23.41069288,1,2
760,760,760,761,3,298.4747285,90.1103319,87.58412027,20,0,51,174,23.88840633,2,6
761,761,761,762,2,141.7876269,52.32213793,56.12956879,28,0,37,118,34.02149817,1,5
762,762,762,763,5,421.2605123,60.02878792,60.45569574,56,1,41,148,23.79302913,1,2
763,763,763,764,6,426.9735908,63.00576032,64.88928279,39,1,53,103,30.39390712,0,8
764,764,764,765,9,126.8243443,81.23779788,81.23770249,42,1,25,151,27.5708638,0,9
765,765,765,766,8,390.0771505,83.95677072,79.58351931,22,0,59,148,22.99735452,1,1
766,766,766,767,3,223.7913115,51.09546019,51.23731331,55,1,23,154,28.46775077,0,9
767,767,767,768,3,262.7924783,70.40849851,71.98353713,59,1,29,149,27.35297515,2,4
768,768,768,769,8,339.2596803,57.14323944,52.95404225,46,0,42,144,23.95051288,2,8
769,769,769,770,2,198.3333177,62.49060953,60.05109754,36,1,22,167,32.8079599,0,7
770,770,770,771,8,122.175859,50.73172597,46.44185815,54,1,34,154,24.88914628,1,9
771,771,771,772,9,339.6366481,83.39366231,81.24148404,56,0,36,150,20.41007613,1,6
772,772,772,773,1,481.3547785,63.88763263,64.17820926,44,0,31,101,25.81872193,2,1
773,773,773,774,9,204.3039008,74.94931168,78.14254078,37,1,23,146,27.53325034,2,2
774,774,774,775,1,224.3922235,68.31266037,67.36546662,54,0,41,141,32.08336714,1,6
775,775,775,776,7,339.3398319,98.15349951,97.61378945,30,1,28,125,33.11518632,1,4
776,776,776,777,7,433.213999,82.55626323,77.84296928,29,1,40,178,27.69314099,2,4
777,777,777,778,6,147.9409531,52.648525,52.8862411,50,1,44,148,28.26394145,2,3
778,778,778,779,5,288.3752684,50.97664668,54.98218052,54,0,31,125,21.69882999,1,3
779,779,779,780,8,169.1729085,59.76197499,56.26756049,37,0,21,106,31.24716183,1,9
780,780,780,781,4,288.3727125,65.43368335,64.31887139,43,0,38,171,23.72247273,2,1
781,781,781,782,3,104.7105399,82.34420791,79.0760502,37,1,60,153,21.50685245,1,2
782,782,782,783,1,272.924756,77.3712008,79.24870786,46,1,56,160,24.76881755,2,5
783,783,783,784,8,207.9720971,66.67800765,68.72388554,43,0,36,148,19.28582854,2,8
784,784,784,785,8,381.0539419,69.44055513,73.83757924,42,0,37,103,31.81334693,0,1
785,785,785,786,7,145.4272497,81.0096396,84.43620203,56,1,44,180,23.23960485,0,0
786,786,786,787,1,109.3417457,79.93807075,81.23059115,25,0,43,164,32.36210287,0,6
787,787,787,788,7,314.5997773,59.18473338,56.34399315,20,1,44,158,27.3028577,1,5
788,788,788,789,2,439.1071332,80.244991,77.80566017,57,0,52,162,24.5978231,1,1
789,789,789,790,0,327.7625568,61.76834224,64.13877185,32,1,28,111,33.84127048,0,8
790,790,790,791,7,298.6637251,80.91930245,80.8568611,43,1,35,104,30.66146154,1,0
791,791,791,792,6,264.6853643,81.26293633,77.446007,51,1,35,179,30.72338948,2,3
792,792,792,793,7,146.0460356,54.51330244,56.95166478,34,0,37,115,26.67337137,1,1
793,793,793,794,6,277.8503669,96.93098704,95.61246176,23,0,50,149,23.45554184,1,9
794,794,794,795,9,393.4616476,58.20274732,54.48572091,23,0,43,106,30.01028956,0,3
795,795,795,796,3,168.81148,73.98773898,74.2264794,23,0,38,106,28.12996708,2,8
796,796,796,797,0,166.4929856,56.89076626,53.82180137,56,0,30,129,27.96635347,0,7
797,797,797,798,3,458.4827377,62.38315655,66.28899531,21,1,26,176,25.72309284,1,6
798,798,798,799,0,167.8359708,89.00909895,91.75873998,58,1,37,169,27.82106428,0,7
799,799,799,800,0,300.926652,96.6400353,94.00071902,18,0,25,149,29.24147397,0,8
800,800,800,801,8,305.1315214,62.03124352,57.36874343,51,1,29,172,31.37961312,1,3
801,801,801,802,6,338.6593868,66.02202535,69.0894311,45,1,58,147,18.69076776,0,2
802,802,802,803,2,313.3578849,93.29877163,97.51194468,38,1,54,112,23.60857205,2,4
803,803,803,804,8,435.904466,92.90011332,94.40152667,26,1,32,108,20.03461446,2,2
804,804,804,805,4,198.8614153,79.07498212,79.13544545,53,0,29,117,20.07067471,1,8
805,805,805,806,3,407.0392255,98.47056724,101.3820027,26,0,52,115,22.86544402,1,5
806,806,806,807,6,161.2751282,66.05507576,64.53209747,50,1,36,157,29.66423868,0,5
807,807,807,808,4,133.3609136,51.63626067,47.0671459,33,1,43,144,26.57907281,0,9
808,808,808,809,1,443.8741518,69.74826111,74.72667573,45,0,46,120,21.57900024,2,3
809,809,809,810,4,104.4865029,50.21362042,50.5551279,53,0,45,180,19.63223641,2,6
810,810,810,811,2,331.6546889,82.76643986,82.33238071,22,0,53,137,19.8546931,0,7
811,811,811,812,2,350.0819478,82.34879063,87.06511555,56,1,50,113,28.56924944,1,3
812,812,812,813,5,497.1074685,82.74795774,78.48968963,20,1,31,172,23.82732512,0,6
813,813,813,814,0,246.116311,84.59919638,80.03669616,18,0,28,123,28.66554373,0,6
814,814,814,815,6,205.5428236,76.67603898,77.71283694,39,1,48,139,23.41278353,1,9
815,815,815,816,5,107.7727187,79.61778734,77.55186863,36,0,24,105,24.78360664,1,4
816,816,816,817,3,356.3657632,78.05093354,77.92576769,31,1,51,122,25.07170508,2,8
817,817,817,818,1,279.7525876,88.41388154,91.28102828,31,1,37,117,23.03983643,2,3
818,818,818,819,9,352.9912474,80.99861941,76.12905942,48,0,36,125,23.37627653,0,3
819,819,819,820,4,440.6746367,68.66847261,67.08841357,41,1,26,102,27.19801817,1,6
820,820,820,821,1,358.9232923,84.61077668,85.17044067,60,0,56,168,30.08538859,0,0
821,821,821,822,5,315.1098437,79.09351786,74.39215193,32,0,57,170,24.35634271,0,9
822,822,822,823,3,223.9818966,86.81427351,91.76199621,53,1,47,175,32.80446577,0,1
823,823,823,824,3,212.808226,50.97394183,49.47102489,24,1,25,113,27.604746,1,7
824,824,824,825,7,250.6913712,83.27904273,81.0694189,28,1,30,105,33.74063578,2,3
825,825,825,826,0,305.8887684,54.94767652,54.28414685,41,1,45,161,31.30434764,0,8
826,826,826,827,4,349.6416414,78.42011099,80.58455146,45,1,31,102,29.50461936,1,2
827,827,827,828,4,298.7697469,89.75872122,90.30128201,46,1,35,138,31.67715278,0,5
828,828,828,829,5,289.2051718,99.70469011,95.04744714,27,1,26,109,29.39456559,1,5
829,829,829,830,6,398.0513164,96.61184794,100.0032314,60,1,53,136,20.97717994,2,2
830,830,830,831,1,270.1047476,95.81946417,98.33326839,47,1,49,139,28.8590214,0,4
831,831,831,832,0,291.5200879,51.13072451,49.2653927,28,0,45,110,24.67906223,0,7
832,832,832,833,3,155.9238308,84.86953972,84.50160501,24,1,39,100,24.08121928,2,3
833,833,833,834,5,136.7732452,79.18639125,77.19376971,39,1,31,151,20.67500861,0,1
834,834,834,835,5,155.9653185,70.57422802,67.98162413,23,0,51,111,21.88807946,1,8
835,835,835,836,0,156.0659293,97.81538169,96.97753976,23,1,55,172,32.01457003,1,4
836,836,836,837,2,341.4907645,68.76604828,65.91967979,50,1,25,172,32.30775308,0,6
837,837,837,838,0,126.0064904,79.53283157,78.17846431,24,0,52,105,24.55559542,1,0
838,838,838,839,0,487.7179556,54.60490068,52.86331053,18,1,44,129,24.54716699,0,0
839,839,839,840,0,265.9936322,85.22291683,84.75635961,47,0,43,158,29.84020943,1,0
840,840,840,841,3,260.4144157,99.24778291,98.63059584,37,0,42,122,24.72264154,1,1
841,841,841,842,6,266.086394,70.98441952,66.09054453,60,0,46,148,29.98782345,2,1
842,842,842,843,7,361.8118776,72.28119249,73.45525134,47,1,49,144,19.98226881,1,1
843,843,843,844,5,134.7168267,86.63894748,86.69748746,20,0,26,141,25.30945571,1,7
844,844,844,845,6,282.2510047,96.59907622,95.17099128,32,1,22,178,20.2870286,2,2
845,845,845,846,3,267.586877,98.83225831,98.67068777,57,0,39,131,25.51307022,2,3
846,846,846,847,9,240.9749707,62.58997129,59.87686013,51,1,23,156,32.39230564,0,2
847,847,847,848,0,499.0092086,87.87294826,89.66203019,42,1,55,122,22.84430194,2,1
848,848,848,849,9,260.1289784,54.56481481,50.52448332,31,1,36,171,19.6942162,1,6
849,849,849,850,0,260.1806305,83.88367934,83.164439,19,0,28,129,34.5236267,0,2
850,850,850,851,9,319.0068672,90.33488845,86.26539429,34,0,21,105,29.09217471,2,7
851,851,851,852,4,477.7139892,66.12459994,63.9809101,38,0,54,148,33.29241066,1,0
852,852,852,853,0,418.167066,94.6017168,93.20738479,59,0,46,116,31.88781879,0,6
853,853,853,854,0,139.4602474,98.55343436,93.66556515,20,0,29,174,19.19470182,1,7
854,854,854,855,0,391.3887273,88.9874774,88.89183828,38,1,38,106,21.94038178,1,1
855,855,855,856,2,380.787887,63.38305022,64.03490767,29,0,43,143,24.2766863,0,1
856,856,856,857,1,402.1127623,83.32469208,83.33134961,51,0,37,150,27.57794997,2,7
857,857,857,858,1,329.0753192,94.19906078,95.96402561,26,1,58,155,32.47662133,2,7
858,858,858,859,7,256.274608,62.99738543,64.81364821,23,1,39,167,34.48649265,1,3
859,859,859,860,7,185.4503509,65.66820393,66.68676212,25,1,51,161,34.12409786,0,6
860,860,860,861,8,217.1481696,94.55532999,94.94767338,24,1,42,162,26.05305642,2,1
861,861,861,862,0,372.8505784,92.43341736,89.49929066,44,1,56,171,21.73269185,0,7
862,862,862,863,9,186.7721477,64.67074647,65.42648061,47,0,23,102,22.66333299,1,2
863,863,863,864,5,372.3081067,83.50797567,88.04480068,40,0,47,125,23.67226821,0,1
864,864,864,865,5,343.4785538,80.58458679,78.87334081,32,1,25,158,34.65662579,0,7
865,865,865,866,4,330.5417311,68.305246,69.36847802,53,0,45,139,24.09517182,2,0
866,866,866,867,1,465.258229,69.78069848,67.12343179,25,1,56,147,25.96004497,2,3
867,867,867,868,6,472.4686178,67.74106283,68.52139985,54,0,56,172,24.3185592,2,9
868,868,868,869,3,323.1310121,76.77352423,81.4576435,47,0,23,117,19.29812338,2,3
869,869,869,870,3,180.7807528,99.64153948,96.58474891,25,0,28,146,29.63543861,2,6
870,870,870,871,3,135.3739579,59.34674092,61.97982817,41,1,54,142,32.82067973,2,8
871,871,871,872,0,100.8171249,65.97525127,63.92828245,42,0,21,143,32.74827401,2,1
872,872,872,873,3,462.8386827,73.88480715,78.09651507,18,0,46,162,30.35701358,0,7
873,873,873,874,3,256.7752865,93.12903845,89.29376979,37,0,55,158,29.27546675,2,5
874,874,874,875,5,404.8349139,69.19935278,69.66447041,22,1,31,170,32.39047151,2,1
875,875,875,876,5,165.2359521,92.11712536,91.09344431,59,0,42,114,29.76829049,0,5
876,876,876,877,5,173.1615547,91.38030727,90.22574327,26,1,35,151,33.66545526,0,9
877,877,877,878,5,403.7873481,65.08479303,62.59713219,57,1,47,105,32.96886577,2,5
878,878,878,879,7,465.9585907,50.15819015,54.06357463,59,1,44,126,30.83844444,2,4
879,879,879,880,1,324.3945641,74.38378032,71.90327768,39,0,26,155,33.36018822,0,6
880,880,880,881,3,443.7914416,94.90323751,97.70031136,50,0,22,122,31.99305347,0,0
881,881,881,882,4,301.740186,80.26295647,80.78738482,50,1,38,166,33.65889847,0,6
882,882,882,883,2,237.2091041,85.98504849,83.1828616,38,1,27,101,34.89795432,2,0
883,883,883,884,1,201.105826,76.36589672,78.9208087,20,0,24,166,28.96913875,0,0
884,884,884,885,2,246.6226109,87.94449324,90.70745531,42,0,45,126,22.41373983,0,7
885,885,885,886,5,458.1424681,53.66057009,56.95082171,21,0,22,175,19.43511788,1,7
886,886,886,887,3,102.0398982,53.63359222,53.22416226,26,1,42,167,23.53711603,0,9
887,887,887,888,0,423.9541624,89.76122521,85.76374546,59,1,32,121,28.67462472,1,1
888,888,888,889,7,315.7532393,71.28493791,75.43835211,31,1,59,112,33.22947375,1,4
889,889,889,890,9,289.8018695,93.71401564,93.80739843,33,1,27,166,30.95497762,0,4
890,890,890,891,5,410.9064588,82.89342043,78.78408718,22,0,25,155,29.39905426,0,4
891,891,891,892,0,126.1210925,66.79120805,63.96263926,56,0,56,130,32.73105349,0,6
892,892,892,893,8,286.6909708,92.9999723,91.7248578,21,0,20,148,30.26908789,2,3
893,893,893,894,5,465.961073,89.10047579,92.95628773,43,0,45,171,20.66410127,2,1
894,894,894,895,3,309.0129545,65.43875139,67.88341227,58,0,37,145,34.64665707,0,7
895,895,895,896,9,390.3935847,86.56802864,89.6707948,54,1,33,138,21.742272,1,8
896,896,896,897,7,342.548678,85.724766,88.90573187,41,1,44,150,29.76625029,1,1
897,897,897,898,7,106.4132817,58.50942804,55.0495087,43,0,35,174,33.61568704,2,4
898,898,898,899,7,238.7262061,62.6901718,61.78594622,37,1,20,123,32.10949788,2,2
899,899,899,900,3,491.9093239,98.35717157,97.08327035,26,0,51,176,24.26604693,0,2
900,900,900,901,6,433.6209401,81.97821535,83.90886446,26,0,37,120,26.65782841,1,1
901,901,901,902,9,216.3115831,78.1128231,80.90884399,31,1,24,100,22.45355922,1,1
902,902,902,903,8,440.386177,76.82958881,72.33797313,27,1,31,119,31.47072205,0,4
903,903,903,904,0,198.2423623,81.33116088,83.0079285,45,1,34,154,34.31918048,0,0
904,904,904,905,1,299.9412377,84.12683543,85.55423418,58,0,53,109,20.71082185,0,2
905,905,905,906,0,444.5400257,62.04520943,61.67668212,55,1,25,102,34.74141081,1,0
906,906,906,907,0,434.2419322,77.22594745,75.57405369,45,0,46,148,18.99583703,1,7
907,907,907,908,0,135.4414264,53.48977002,58.22036872,25,1,32,139,19.95537691,1,9
908,908,908,909,7,273.2186518,72.98194542,73.78167287,26,1,21,103,20.50023759,2,7
909,909,909,910,8,496.3403955,50.93678611,53.93676375,36,1,60,165,24.7725106,2,4
910,910,910,911,3,179.8074075,96.33711753,92.45879115,31,0,60,175,27.62368258,2,8
911,911,911,912,5,104.7045272,93.18289269,88.39375329,49,0,28,125,27.09726352,0,1
912,912,912,913,8,433.39958,82.23060585,85.68601425,51,1,54,104,28.14739605,2,2
913,913,913,914,4,269.4295034,94.76418244,92.95584495,47,0,22,130,20.80071334,2,4
914,914,914,915,4,164.6719231,62.10348831,62.22239164,44,0,54,132,23.79742624,2,2
915,915,915,916,6,239.9908334,83.98043347,88.78364649,56,1,33,137,19.76457494,2,0
916,916,916,917,8,325.2010868,95.49701633,95.62595446,50,0,25,114,34.85108739,1,3
917,917,917,918,3,142.9809507,79.44643791,78.49070499,24,0,38,101,27.06241794,0,4
918,918,918,919,8,310.4636727,50.30306532,49.80409618,23,0,25,180,19.30402556,0,4
919,919,919,920,9,395.432049,52.00194357,53.26396061,25,1,43,153,32.59710908,1,5
920,920,920,921,9,332.9229849,62.53222381,59.81304637,30,0,22,111,20.30553369,2,2
921,921,921,922,0,431.8649125,64.70361484,68.14123038,29,0,28,107,30.57013221,2,1
922,922,922,923,1,375.897929,53.61418869,53.10750732,21,0,55,175,26.37759624,2,0
923,923,923,924,6,190.2642051,95.86157885,100.2106216,19,1,35,104,27.5353001,0,5
924,924,924,925,8,234.815832,97.42408416,93.12630188,55,0,43,100,30.31221526,2,8
925,925,925,926,9,223.4818253,83.74825425,83.54721749,22,1,45,137,34.43601991,1,7
926,926,926,927,4,334.2387586,69.96176201,73.76155933,54,0,53,163,21.24333868,1,5
927,927,927,928,1,233.7292846,52.33453267,50.01673436,25,0,49,119,32.05226451,1,0
928,928,928,929,9,299.1610069,63.71154223,64.19387383,49,1,35,153,22.38219937,1,6
929,929,929,930,9,166.4654607,60.23423892,64.69902765,45,1,34,111,23.9905051,2,6
930,930,930,931,8,188.8214197,66.32316379,66.62741951,38,0,44,106,29.44398269,1,4
931,931,931,932,4,321.4566737,63.83086331,66.08157135,18,0,46,132,34.93172275,1,4
932,932,932,933,0,383.1420432,60.72269398,57.8542389,19,1,26,149,25.90858756,1,6
933,933,933,934,9,342.1483533,70.23964658,69.73198539,35,0,30,171,33.58393821,2,4
934,934,934,935,0,179.3767193,65.12658155,61.63224609,20,0,29,111,27.64515999,1,4
935,935,935,936,3,102.1511164,70.7639566,74.74104573,41,0,45,128,22.45928059,1,9
936,936,936,937,2,384.8479959,84.51337903,79.53970942,30,1,42,152,33.73622398,2,0
937,937,937,938,2,492.8911564,81.79779364,78.14203924,49,0,43,164,30.87189633,2,6
938,938,938,939,5,136.2369864,75.46888386,75.84323765,45,1,38,117,29.18005856,0,8
939,939,939,940,3,484.3642921,63.14388016,66.03618538,19,0,51,134,33.79835393,1,2
940,940,940,941,2,289.2142595,90.18132309,91.94554635,52,1,39,171,18.58323081,0,0
941,941,941,942,9,227.2208201,50.91885804,53.7286943,38,1,23,110,28.58478254,1,2
942,942,942,943,3,142.1567326,57.85001071,60.77398706,29,0,22,108,31.72923827,1,4
943,943,943,944,5,408.047696,78.82325975,83.34290584,56,0,24,134,27.98036156,2,0
944,944,944,945,5,248.1259355,63.26311162,61.5858603,60,0,34,162,30.411371,1,3
945,945,945,946,3,390.9711952,80.9040732,83.03394996,51,0,38,130,28.05739751,1,8
946,946,946,947,0,316.3210063,94.38619435,89.98854102,50,0,44,137,19.68122919,1,6
947,947,947,948,3,172.890721,50.00198366,50.16811702,40,1,34,127,18.59827026,0,2
948,948,948,949,5,478.5874154,65.78408675,62.03214174,35,0,56,143,21.20628429,1,4
949,949,949,950,6,318.9146708,87.13101641,90.96877126,43,1,57,176,24.83519754,2,9
950,950,950,951,2,332.3014109,88.3759362,87.95723588,33,1,49,155,27.83583585,2,2
951,951,951,952,0,265.0913067,52.72325741,56.11222921,30,0,43,168,21.45454659,2,6
952,952,952,953,8,338.0498032,94.40594945,94.51110484,39,0,25,123,26.63580158,2,2
953,953,953,954,8,202.8338617,80.93375638,79.826396,20,0,33,109,24.69836802,0,8
954,954,954,955,4,338.1368816,58.62827071,53.65426168,57,1,49,114,20.64988935,0,5
955,955,955,956,2,468.8856342,99.16560427,97.52013481,41,1,44,162,24.5977224,0,1
956,956,956,957,5,114.2043064,52.8107861,55.87864818,37,1,51,170,29.71978666,1,7
957,957,957,958,8,239.5664237,74.13210119,76.95944138,38,1,55,139,30.79140695,2,6
958,958,958,959,5,264.740601,94.25687438,94.71039826,25,0,41,163,20.12690029,0,0
959,959,959,960,1,230.099707,89.96948637,86.00654242,60,1,23,148,34.3947091,1,8
960,960,960,961,5,315.2101926,56.81633811,54.23434284,49,0,57,172,23.18154187,1,1
961,961,961,962,5,436.8934466,89.85385149,89.05556796,23,0,36,129,32.14363965,2,5
962,962,962,963,9,213.9911805,56.80430954,57.59200967,50,0,41,104,20.96203338,1,7
963,963,963,964,3,212.7345413,53.91809708,54.11899505,58,0,35,178,22.77776728,0,9
964,964,964,965,0,206.0827002,87.37531409,83.51869664,36,0,41,150,22.68946067,0,7
965,965,965,966,8,258.1297445,93.34147527,97.25088806,20,1,47,178,23.1225755,2,4
966,966,966,967,6,401.5742377,88.62378816,87.60606262,33,0,48,144,23.53843638,1,8
967,967,967,968,1,397.0154699,98.31730559,98.61219152,35,0,58,127,24.48284398,1,1
968,968,968,969,0,318.6244878,75.34583008,79.6693494,41,0,47,154,34.57062892,1,5
969,969,969,970,1,464.5616392,70.71203346,72.51430384,55,0,47,145,22.42559679,0,5
970,970,970,971,4,194.4642487,98.24708755,102.7281355,22,1,57,128,22.97051259,2,7
971,971,971,972,9,398.3121009,88.49108128,86.74888619,28,0,28,160,24.63779358,0,7
972,972,972,973,1,486.824614,97.24204683,98.8286117,47,1,51,119,29.56050723,1,4
973,973,973,974,5,394.4824792,95.32541933,92.6445802,60,0,39,162,22.40179652,2,0
974,974,974,975,5,380.0062834,95.3134043,99.14109166,23,1,58,103,25.65541953,2,8
975,975,975,976,1,246.5398564,54.92112116,53.14876364,36,1,43,146,30.39956929,1,2
976,976,976,977,2,334.2476974,86.47811476,85.13365695,40,1,21,148,30.4200555,1,6
977,977,977,978,8,409.7592216,61.44880756,60.67761872,52,0,35,132,21.77577674,1,2
978,978,978,979,1,406.2495364,84.32784448,84.3597985,25,1,20,106,33.37399047,2,9
979,979,979,980,8,202.4693245,71.21666071,75.56959636,26,0,58,156,32.4922019,1,2
980,980,980,981,7,424.6454668,59.47663022,55.6467018,51,1,39,146,32.63841998,2,3
981,981,981,982,4,287.7794309,71.04209635,69.31117428,41,1,43,102,27.69257863,0,7
982,982,982,983,2,468.0831993,81.00384304,77.18832301,32,0,33,169,28.115947,1,1
983,983,983,984,7,159.7415071,71.39714342,68.10283161,40,1,54,179,33.76983579,1,4
984,984,984,985,8,360.5950919,95.64659997,93.86069315,34,1,28,159,34.71171238,0,1
985,985,985,986,5,255.9905052,58.43582863,57.79361018,32,0,59,132,25.82868301,1,5
986,986,986,987,7,331.1545966,52.51310546,52.03287933,59,1,32,121,19.80712399,2,4
987,987,987,988,5,167.1968829,60.74677687,65.26734508,20,1,29,141,22.57239013,2,8
988,988,988,989,2,412.8612039,72.40048658,69.95705553,45,1,29,151,34.31428115,0,6
989,989,989,990,8,347.1066305,69.25756678,65.49585117,41,1,30,153,23.7143685,2,5
990,990,990,991,3,157.7344324,76.4728913,77.82270868,31,1,56,174,27.8390385,2,3
991,991,991,992,1,335.0430364,55.86935436,60.34996664,40,1,31,159,24.16779988,2,5
992,992,992,993,2,235.860477,62.18611751,57.74766418,57,1,42,158,27.67610343,1,3
993,993,993,994,4,162.9388453,55.9172999,57.99588643,23,1,60,128,20.23842098,1,3
994,994,994,995,8,460.9888802,78.68258799,74.87186334,28,0,47,161,19.56935746,1,2
995,995,995,996,0,149.5248756,65.17692636,63.6685477,44,0,48,113,19.5401969,0,9
996,996,996,997,5,241.9107859,76.3107106,73.250087,57,1,20,178,28.19321645,0,8
997,997,997,998,4,316.5047949,62.42305122,58.96431354,26,0,46,117,25.77079621,2,7
998,998,998,999,5,246.0374158,99.70866608,97.04468685,37,0,31,129,26.30162922,2,4
999,999,999,1000,6,197.2806886,88.29835948,85.70079488,27,1,47,103,34.30599687,1,3
1000,1000,1000,1001,5,471.1113045,67.49903908,62.5128016,44,1,57,101,28.66167483,0,4
1001,1001,1001,1002,5,318.9829625,84.84604231,85.97722327,51,1,58,128,19.32598372,0,8
1002,1002,1002,1003,0,186.4700524,51.10974454,53.71361709,49,1,44,147,34.45125379,1,9
1003,1003,1003,1004,2,220.8393558,86.66407334,84.27905982,21,0,54,178,31.58886556,1,2
1004,1004,1004,1005,9,379.1483854,81.06183237,80.93289715,40,0,47,149,21.03708471,0,7
1005,1005,1005,1006,6,448.6468096,66.51978908,65.32263367,49,1,53,138,26.39992612,1,8
1006,1006,1006,1007,2,158.9206394,62.44719607,59.25633847,29,0,20,109,23.78710932,2,8
1007,1007,1007,1008,5,455.6028096,70.95750054,72.5267403,53,0,27,115,21.28949463,1,3
1008,1008,1008,1009,4,200.038655,85.61803287,87.19014511,60,0,40,176,34.30996905,1,6
1009,1009,1009,1010,0,153.7189593,92.12523142,93.8517109,28,0,35,179,22.63647058,1,8
1010,1010,1010,1011,2,352.8501576,60.89769823,64.99058591,56,1,34,149,23.67845649,1,3
1011,1011,1011,1012,6,255.1434978,53.93165719,52.29312335,57,0,37,172,31.31653755,0,9
1012,1012,1012,1013,6,351.6036738,62.01067343,61.33974324,44,1,48,130,21.09910521,1,4
1013,1013,1013,1014,5,419.6115933,84.05208478,87.9623977,33,1,39,121,19.00928731,1,0
1014,1014,1014,1015,7,483.4830743,86.92578186,88.48928547,40,0,31,180,24.46928221,0,3
1015,1015,1015,1016,1,342.5860784,52.36141136,50.6965807,23,1,60,150,18.7852412,0,8
1016,1016,1016,1017,7,497.1232635,85.42447773,90.34982069,27,1,20,106,33.65769365,0,6
1017,1017,1017,1018,3,235.4681201,73.86520142,74.2682903,19,1,51,171,19.41439482,2,2
1018,1018,1018,1019,2,229.9937419,87.99204433,90.70079059,20,0,21,156,23.47554372,2,4
1019,1019,1019,1020,7,485.9583442,54.22898188,57.50981734,32,0,21,102,26.04213601,0,3
1020,1020,1020,1021,5,459.3281906,87.32183699,92.17909408,30,0,57,151,23.87004726,1,5
1021,1021,1021,1022,2,268.2681405,83.02538345,79.67659428,20,0,26,172,23.3818575,1,8
1022,1022,1022,1023,0,443.6092357,72.2001524,68.09440414,47,1,34,176,26.92020313,2,2
1023,1023,1023,1024,3,248.8645242,75.85824346,74.46390873,55,1,35,158,21.6846524,1,7
1024,1024,1024,1025,3,165.7767754,59.85375441,55.0441911,59,1,25,180,29.88295429,1,3
1025,1025,1025,1026,1,455.4802421,80.88796667,84.45307345,30,0,34,151,22.89967833,0,2
1026,1026,1026,1027,9,378.7877239,92.0311071,92.54630779,42,1,54,138,28.65058105,1,0
1027,1027,1027,1028,0,268.6811835,71.82743954,69.9699074,39,1,43,105,29.67661785,1,3
1028,1028,1028,1029,4,290.9617039,72.88426701,75.84913968,19,1,33,119,25.08037555,1,5
1029,1029,1029,1030,3,164.5709455,55.57157457,59.31406913,48,1,60,123,28.11158287,0,4
1030,1030,1030,1031,7,111.951783,98.29534994,96.14916494,55,1,21,113,28.95447506,2,2
1031,1031,1031,1032,4,354.3181384,57.18028096,61.96106024,31,1,43,164,33.97005129,0,5
1032,1032,1032,1033,7,181.9821425,70.29440228,65.75093487,54,1,59,120,25.93050725,0,3
1033,1033,1033,1034,2,378.9263416,52.29393457,53.1318779,59,0,36,152,27.55941217,1,9
1034,1034,1034,1035,1,124.442392,50.96032937,49.68348318,46,0,33,137,18.54235752,0,4
1035,1035,1035,1036,4,190.8560694,57.66508516,60.52993807,23,0,37,144,28.3181095,2,4
1036,1036,1036,1037,8,147.8641091,65.57442781,65.32759707,25,0,32,178,25.01781767,1,0
1037,1037,1037,1038,4,331.0037781,95.28891763,99.92406098,53,0,32,168,24.61892471,0,1
1038,1038,1038,1039,3,123.8325514,54.41145071,59.22889208,58,0,34,103,25.28700568,2,9
1039,1039,1039,1040,5,460.4258035,80.61645307,79.47910085,42,1,43,166,33.35090395,2,3
1040,1040,1040,1041,5,441.9724439,80.94300151,84.19846056,51,1,21,167,21.75875513,2,7
1041,1041,1041,1042,1,286.7269113,72.41316644,70.83781897,53,0,20,169,34.89074468,1,1
1042,1042,1042,1043,7,416.3789064,53.28782969,53.46310224,57,0,48,159,26.5002007,0,4
1043,1043,1043,1044,4,237.662261,77.79297062,78.80257723,53,1,21,150,23.00361571,0,0
1044,1044,1044,1045,9,441.8384091,93.05665021,97.87553557,51,0,44,136,31.80289254,1,0
1045,1045,1045,1046,4,276.3963284,96.91194655,101.2813685,35,1,55,109,26.04612129,2,9
1046,1046,1046,1047,4,429.8562947,84.34689726,86.43027384,24,0,37,174,25.90149242,1,9
1047,1047,1047,1048,6,479.3447041,77.96585706,75.36369145,60,0,35,140,20.6186756,2,9
1048,1048,1048,1049,8,263.2309514,85.35480248,82.43411709,20,1,42,170,33.743434,0,9
1049,1049,1049,1050,2,379.6836634,93.80962029,98.51293432,55,0,35,103,18.54648749,0,2
1050,1050,1050,1051,7,248.4022094,91.79718555,89.758766,55,1,57,142,27.60750147,0,6
1051,1051,1051,1052,7,471.6523274,80.30964278,80.42854752,26,0,52,152,30.99099387,1,4
1052,1052,1052,1053,8,315.134657,64.23481725,63.92684765,19,1,41,138,34.15427585,2,1
1053,1053,1053,1054,4,199.070095,93.6655096,98.25978754,37,0,25,140,19.23943027,1,0
1054,1054,1054,1055,6,153.9771711,86.71838641,87.6179446,57,0,51,123,30.54193078,2,4
1055,1055,1055,1056,0,267.0537986,72.76037119,67.83233957,21,1,39,119,21.5543102,0,0
1056,1056,1056,1057,2,352.5816581,50.41811398,52.53138995,26,1,42,146,23.87784256,1,2
1057,1057,1057,1058,1,494.3412068,97.36866139,97.07802956,43,1,49,167,33.17303726,2,6
1058,1058,1058,1059,6,286.1961007,57.75017751,57.43759929,40,1,58,128,19.18537977,2,3
1059,1059,1059,1060,6,162.6347389,93.91694574,98.11700642,37,1,41,169,24.62655766,2,6
1060,1060,1060,1061,9,203.526118,62.68758024,57.84967869,28,1,30,132,22.5042808,1,3
1061,1061,1061,1062,0,272.7428795,60.32755977,60.31021044,47,1,44,140,24.73532339,2,5
1062,1062,1062,1063,0,149.1698761,73.82572676,73.80492609,24,1,45,124,23.94100361,2,5
1063,1063,1063,1064,6,476.314961,80.94072254,76.79031291,55,0,47,163,32.52169398,1,1
1064,1064,1064,1065,5,440.9644402,52.06492004,51.33896431,53,1,33,177,31.55112324,1,0
1065,1065,1065,1066,4,402.3269957,52.40148481,55.56740153,60,0,22,160,24.06832996,0,6
1066,1066,1066,1067,7,282.1231772,52.07310953,49.07873083,28,0,59,109,21.14083948,2,1
1067,1067,1067,1068,0,242.6442661,69.0124075,66.00708105,55,0,26,137,24.8773992,1,2
1068,1068,1068,1069,9,146.2761942,73.51135315,71.73504625,57,0,41,140,22.51583786,2,6
1069,1069,1069,1070,1,370.9991573,93.97480086,98.93665626,37,0,24,163,28.7671024,0,0
1070,1070,1070,1071,3,254.4726245,82.41664063,80.68537311,60,0,49,110,33.61195702,1,7
1071,1071,1071,1072,4,157.9053802,58.07323511,62.42981446,24,0,59,155,26.76375255,1,7
1072,1072,1072,1073,6,293.1101426,93.27433048,95.52843954,34,1,43,167,34.41298453,2,5
1073,1073,1073,1074,4,181.2059271,86.89636961,89.18733918,21,0,36,133,28.93701971,2,6
1074,1074,1074,1075,3,177.8843021,69.25537078,72.66345268,23,1,60,178,31.24828577,2,5
1075,1075,1075,1076,9,459.8923208,86.52345191,85.68941036,35,0,22,165,29.88885344,2,2
1076,1076,1076,1077,2,304.8212345,98.16832677,94.39710414,59,0,52,112,32.42006394,0,1
1077,1077,1077,1078,3,361.2723881,74.21301112,76.33797874,28,1,36,155,33.5171721,2,9
1078,1078,1078,1079,5,258.3796766,73.91160357,73.28364293,25,0,51,112,31.78845826,1,6
1079,1079,1079,1080,2,153.2378135,86.6201654,85.91298907,52,1,57,178,19.91961247,1,2
1080,1080,1080,1081,8,202.2759224,80.19099402,75.37599195,30,0,25,139,29.9220998,2,7
1081,1081,1081,1082,9,344.37167,53.89784051,58.04186277,20,1,60,138,22.53797019,2,9
1082,1082,1082,1083,6,270.3879667,68.69470523,65.11266809,20,0,42,101,28.4991202,2,5
1083,1083,1083,1084,4,325.6644081,54.48184146,51.90804199,44,0,30,131,29.36762564,2,9
1084,1084,1084,1085,6,469.7764769,81.98272155,86.77883901,18,1,27,124,32.53930968,2,1
1085,1085,1085,1086,6,291.2966335,58.76871122,56.9072493,46,0,51,174,32.38893212,2,1
1086,1086,1086,1087,4,467.2520049,89.99708263,93.98922837,55,1,45,134,33.25713309,0,7
1087,1087,1087,1088,4,162.3240957,78.47975398,77.44372053,43,1,28,156,21.29622537,0,8
1088,1088,1088,1089,7,460.0235184,60.28849276,62.65306402,32,1,39,169,24.03883859,2,6
1089,1089,1089,1090,2,470.6964459,61.02550012,56.44362689,33,0,59,118,30.13035339,1,9
1090,1090,1090,1091,6,282.8562195,72.58694844,76.23634834,26,0,45,148,22.59260236,1,9
1091,1091,1091,1092,9,228.2634666,79.41736444,77.65963174,31,0,23,164,33.80469635,1,0
1092,1092,1092,1093,7,291.0981977,58.2315925,62.17004347,38,0,37,175,28.33178513,2,3
1093,1093,1093,1094,8,252.7797757,55.85416554,53.71646991,18,1,26,147,31.56152948,1,7
1094,1094,1094,1095,2,239.7739655,51.27262971,55.44037749,59,0,50,121,27.18613038,2,4
1095,1095,1095,1096,3,472.4770131,64.0814564,65.52526328,34,0,20,167,26.4347387,0,3
1096,1096,1096,1097,2,402.7701226,62.77461963,60.17674963,27,1,52,165,24.29551636,2,9
1097,1097,1097,1098,6,359.7106274,60.09182877,60.91245999,36,0,46,127,27.58316293,1,9
1098,1098,1098,1099,2,244.9505762,98.22384341,95.43071171,47,0,31,104,22.90966056,2,8
1099,1099,1099,1100,5,390.0232911,98.87045977,103.0173396,31,1,53,122,30.61297973,2,8
1100,1100,1100,1101,8,302.8808717,53.20279583,54.44830127,51,0,20,166,22.74287098,1,8
1101,1101,1101,1102,3,233.0826471,68.48553972,64.40383754,34,0,47,101,19.26642562,1,1
1102,1102,1102,1103,5,261.2529234,94.81500957,92.78231333,48,0,36,150,28.33976282,1,8
1103,1103,1103,1104,7,206.1528231,86.70048106,90.03341344,19,1,51,177,32.87722817,2,5
1104,1104,1104,1105,2,288.4002749,73.4976714,74.42665273,38,1,25,165,19.80868712,2,1
1105,1105,1105,1106,4,470.2955313,91.22675842,86.6075346,57,1,32,130,29.19337847,2,1
1106,1106,1106,1107,5,229.099368,76.9053769,72.42676386,50,0,44,105,23.17422293,1,6
1107,1107,1107,1108,5,424.8608163,75.1908148,78.21680949,38,1,56,147,34.72511272,1,1
1108,1108,1108,1109,1,214.1334901,70.58180151,71.7716695,31,0,20,148,21.16662178,2,9
1109,1109,1109,1110,8,392.2326512,62.50178427,67.19348408,20,0,46,147,28.81284933,1,5
1110,1110,1110,1111,7,199.6807832,86.25317705,91.1852405,52,0,33,167,34.11555586,2,5
1111,1111,1111,1112,2,187.9180752,85.56099703,88.45929477,58,1,59,134,30.55065637,1,6
1112,1112,1112,1113,0,206.6098795,89.68820626,88.16798851,35,0,54,150,34.03248033,2,0
1113,1113,1113,1114,3,177.6448542,86.57608848,88.67683328,50,1,42,112,22.89791528,0,2
1114,1114,1114,1115,9,379.7556381,88.22667273,87.3321756,20,1,30,156,30.13101219,0,5
1115,1115,1115,1116,8,225.8019498,78.37256774,75.1226164,31,0,50,172,21.38628962,1,9
1116,1116,1116,1117,3,432.2901133,87.23383601,86.66316475,30,0,58,110,24.21562427,1,3
1117,1117,1117,1118,6,120.0377092,78.69597594,76.75243837,44,1,43,124,23.27620794,0,3
1118,1118,1118,1119,1,329.7259511,77.97463454,76.0689405,53,1,54,129,24.7116454,2,5
1119,1119,1119,1120,9,365.703042,73.17033823,74.22228635,55,1,26,131,27.99617866,0,0
1120,1120,1120,1121,7,426.1015755,77.95213005,78.93531749,56,1,43,132,19.68555914,2,1
1121,1121,1121,1122,0,269.9155164,82.8251568,79.83172621,58,1,20,161,33.50701979,1,2
1122,1122,1122,1123,8,391.2564652,58.84049663,56.88159692,42,0,59,119,27.64536531,2,3
1123,1123,1123,1124,7,294.9099212,99.89751539,98.69415342,49,0,33,176,22.30788825,0,1
1124,1124,1124,1125,6,486.9604257,93.53756615,94.89654821,29,0,36,172,31.05204262,2,4
1125,1125,1125,1126,3,499.1198143,69.96454284,70.03788724,34,0,48,164,26.7474153,2,1
1126,1126,1126,1127,8,313.5284395,98.68334914,102.0587223,57,1,54,160,31.76067493,1,9
1127,1127,1127,1128,5,153.1342344,99.52164206,104.3096,53,0,33,140,19.63631604,0,4
1128,1128,1128,1129,8,345.4395621,57.72276509,54.00547999,22,0,23,164,26.50087674,2,1
1129,1129,1129,1130,8,402.9507206,89.04743724,89.07401281,39,0,54,161,28.66183235,1,1
1130,1130,1130,1131,9,220.1928779,69.30552482,67.08636583,40,0,29,114,25.12305399,2,2
1131,1131,1131,1132,9,307.6081566,54.07015366,50.85065956,42,1,59,124,31.86364728,0,9
1132,1132,1132,1133,3,121.3400111,56.68465318,53.52397647,53,1,56,128,31.8698435,1,2
1133,1133,1133,1134,4,293.0007588,69.28233025,64.48619313,35,1,49,119,29.27724378,2,7
1134,1134,1134,1135,4,302.5139055,55.08419543,52.38671041,18,1,20,115,34.68293348,0,7
1135,1135,1135,1136,0,462.5884207,76.58574854,73.10482128,48,0,49,157,21.26484653,0,2
1136,1136,1136,1137,4,195.6545515,84.00750823,80.92645939,47,0,43,128,27.47918063,0,4
1137,1137,1137,1138,0,368.5759237,99.74958033,101.3030225,41,0,32,157,29.69440845,2,0
1138,1138,1138,1139,2,497.3445312,66.90749472,69.90553513,23,0,52,124,31.66960077,0,2
1139,1139,1139,1140,6,390.2524286,83.06416988,82.79792302,31,1,38,161,24.10626989,2,2
1140,1140,1140,1141,9,454.999775,78.31256319,77.51848575,58,1,37,115,29.43241455,2,2
1141,1141,1141,1142,2,237.065207,86.52566647,84.62489573,46,1,37,147,24.42889051,2,8
1142,1142,1142,1143,1,220.6781549,82.70111366,84.35182671,27,0,35,163,26.27487407,2,5
1143,1143,1143,1144,7,194.0285692,56.65742582,52.18864389,19,0,55,119,24.60811482,0,0
1144,1144,1144,1145,8,382.4137967,88.70073262,92.46308955,40,0,51,177,21.96022715,2,9
1145,1145,1145,1146,3,139.7260242,84.85474461,87.60939677,35,0,57,146,29.39314541,0,9
1146,1146,1146,1147,8,491.5558116,66.32450778,69.86726674,44,0,51,133,23.66739728,0,6
1147,1147,1147,1148,9,295.7498208,74.92486399,71.69591841,37,0,26,153,33.63787443,1,7
1148,1148,1148,1149,5,229.2967447,73.11914741,74.47934497,45,1,24,104,32.47180251,1,5
1149,1149,1149,1150,9,377.2350325,86.24493268,87.14138793,51,0,44,161,34.14425415,2,7
1150,1150,1150,1151,0,136.799053,99.00638845,102.7384356,18,0,26,179,34.40778993,1,2
1151,1151,1151,1152,3,156.0292691,93.14754426,91.55980075,55,0,38,129,19.28032525,2,0
1152,1152,1152,1153,1,363.3329258,69.01655369,73.44254744,21,0,48,133,29.28626793,2,8
1153,1153,1153,1154,2,323.322721,64.0049126,64.81281141,38,1,53,159,24.7726135,2,4
1154,1154,1154,1155,4,118.9293663,70.21547957,74.91304816,29,0,42,111,32.68596386,1,5
1155,1155,1155,1156,9,103.4077729,86.5222942,81.54834995,42,1,55,112,24.77794054,2,0
1156,1156,1156,1157,0,347.7857184,87.01467725,83.03765604,35,1,24,131,27.98137138,1,6
1157,1157,1157,1158,1,374.0698299,86.99088739,91.2499124,38,0,33,105,22.64931249,2,9
1158,1158,1158,1159,2,303.5326009,96.399316,101.2767277,52,1,48,104,20.89666064,1,9
1159,1159,1159,1160,0,122.9568864,81.14590138,83.21797903,26,1,48,157,23.65698655,1,3
1160,1160,1160,1161,7,351.5153421,53.6421703,51.7921222,48,1,53,169,27.22736783,2,0
1161,1161,1161,1162,6,476.5312529,90.44185702,88.18110499,26,1,21,121,31.10936953,1,5
1162,1162,1162,1163,9,119.318077,71.71773729,76.60383942,38,1,58,104,34.26200213,2,0
1163,1163,1163,1164,6,452.9872239,87.01694962,90.67678598,32,0,34,162,34.60376331,0,7
1164,1164,1164,1165,8,124.640034,93.83038976,96.9739515,35,1,45,124,24.56007134,1,2
1165,1165,1165,1166,5,234.4421739,93.29598793,93.35941335,29,0,39,108,21.2337362,1,2
1166,1166,1166,1167,6,169.8151835,83.58855094,85.28385671,31,0,38,115,24.69997271,0,1
1167,1167,1167,1168,3,414.4895656,75.65381553,74.79420467,54,0,45,106,31.07201514,2,5
1168,1168,1168,1169,7,403.5327113,61.50639469,58.11073368,51,0,44,106,28.98253196,1,0
1169,1169,1169,1170,5,497.0456839,88.60557659,91.16441469,49,0,58,148,30.91538369,1,9
1170,1170,1170,1171,1,274.0554667,77.19445755,75.20737945,57,0,48,140,20.74883764,1,2
1171,1171,1171,1172,7,251.5909139,68.72524763,65.30449447,25,1,40,168,32.80890589,2,6
1172,1172,1172,1173,4,286.6270999,76.34697465,72.52998971,58,0,26,176,31.22746989,2,1
1173,1173,1173,1174,1,319.9643785,52.84005826,48.35957466,35,0,54,153,26.61068905,0,9
1174,1174,1174,1175,7,154.9516565,77.90654904,74.18397299,47,1,31,102,24.27620992,0,9
1175,1175,1175,1176,6,495.1174753,69.49282897,71.63864558,26,1,60,165,29.71545406,0,5
1176,1176,1176,1177,9,250.4155555,53.32115271,55.77163057,45,1,36,133,28.83702822,2,8
1177,1177,1177,1178,9,240.3380666,99.15547942,95.75449629,30,0,33,174,25.36633923,2,1
1178,1178,1178,1179,3,450.0985289,64.84234968,61.85761406,35,0,43,116,19.89732796,2,6
1179,1179,1179,1180,5,384.4423529,83.02356032,82.20622367,21,1,51,102,30.90878227,2,7
1180,1180,1180,1181,8,493.3697935,82.02858137,80.13843993,23,0,32,146,22.15126223,2,5
1181,1181,1181,1182,8,217.4564324,78.70690474,82.83936966,43,1,40,105,26.14061947,2,6
1182,1182,1182,1183,3,244.4497077,64.21595001,68.04031299,29,0,59,137,27.95395925,0,8
1183,1183,1183,1184,2,224.546633,60.90386886,59.55528882,32,1,30,133,28.58020861,2,9
1184,1184,1184,1185,8,162.3551795,62.03856658,62.27841611,35,1,25,171,22.7185496,1,3
1185,1185,1185,1186,7,385.8101995,55.07554302,56.6819026,38,1,49,111,24.66422416,2,7
1186,1186,1186,1187,6,248.3805545,57.17575472,60.75182543,59,0,22,158,26.70217215,1,3
1187,1187,1187,1188,6,138.2748603,86.40694228,83.08374168,22,1,37,103,30.14888835,1,5
1188,1188,1188,1189,4,455.9957131,88.6206355,89.22807169,28,1,39,153,27.07059766,0,3
1189,1189,1189,1190,6,245.0932438,52.22816702,55.52387133,53,0,57,124,20.21565605,1,7
1190,1190,1190,1191,0,134.0670043,70.16789757,74.63375736,19,1,57,135,23.77451041,2,5
1191,1191,1191,1192,5,462.0272392,91.73393583,94.85221109,41,1,40,102,32.46145343,0,2
1192,1192,1192,1193,8,191.4835148,73.32581904,69.1567352,56,1,45,131,22.5236776,2,0
1193,1193,1193,1194,8,480.1571167,66.49073859,65.84613775,34,0,23,167,30.04807997,0,5
1194,1194,1194,1195,8,221.2327366,68.09372725,64.23689404,59,0,37,163,33.70082051,2,6
1195,1195,1195,1196,5,172.7737226,61.75633664,65.35287454,42,0,34,146,30.81184146,0,4
1196,1196,1196,1197,9,222.6653895,95.21921564,95.79807343,33,1,22,126,22.61444995,0,8
1197,1197,1197,1198,5,145.4345932,97.10627346,92.62514215,18,0,29,146,31.31838912,0,0
1198,1198,1198,1199,4,392.1928159,88.07818267,87.80697512,38,1,39,112,31.2420672,2,5
1199,1199,1199,1200,4,256.8632687,78.56482909,82.33282386,19,0,53,107,33.47645065,0,3
1200,1200,1200,1201,4,412.8450077,90.10244368,88.34170794,51,0,37,151,31.84215866,0,7
1201,1201,1201,1202,3,289.4695531,82.40673023,82.19012951,25,1,36,105,30.14084142,1,2
1202,1202,1202,1203,7,382.9806095,97.60212838,101.6290375,55,0,49,113,19.05994335,0,3
1203,1203,1203,1204,5,497.5055234,56.98270935,55.82187173,18,0,43,107,24.18601147,0,6
1204,1204,1204,1205,4,474.250257,63.15251837,66.94220391,40,0,36,131,25.61622153,1,0
1205,1205,1205,1206,9,485.7324642,54.80981274,56.39466222,34,0,26,154,27.70881427,0,6
1206,1206,1206,1207,4,490.0999329,50.54374058,47.88795808,58,1,48,100,19.51633541,0,6
1207,1207,1207,1208,5,412.8366881,96.77576247,99.3865628,42,1,47,163,32.3384424,2,3
1208,1208,1208,1209,3,140.2866781,72.09313742,75.51995913,38,0,56,163,21.53604656,0,4
1209,1209,1209,1210,6,258.3300069,62.12437004,66.84026211,57,0,43,162,28.63876411,1,6
1210,1210,1210,1211,1,143.7643935,55.62310619,56.01591952,29,0,27,112,34.20345767,2,0
1211,1211,1211,1212,1,437.5092959,73.33358671,78.23496167,50,0,58,109,33.56691636,2,4
1212,1212,1212,1213,9,142.5532078,76.32040734,77.2897451,43,1,31,172,33.32525834,0,3
1213,1213,1213,1214,6,398.7192628,63.71506147,67.00738333,36,1,25,153,24.32372308,1,6
1214,1214,1214,1215,0,437.9381057,78.98947074,82.90186429,59,0,40,138,30.49139951,0,5
1215,1215,1215,1216,6,455.6836518,56.87507347,55.98126821,21,1,40,110,20.91598906,2,0
1216,1216,1216,1217,4,212.6397435,76.84209565,80.72061322,29,0,30,154,31.35208311,0,9
1217,1217,1217,1218,3,399.1868185,79.33956207,80.16992699,38,0,20,116,30.73098294,0,0
1218,1218,1218,1219,5,264.3640517,82.48921548,82.54638124,39,1,60,117,23.4026294,0,3
1219,1219,1219,1220,1,210.7590049,89.00943488,89.85731333,45,1,36,145,22.44829906,0,5
1220,1220,1220,1221,3,309.2233373,60.09810375,56.44213665,49,0,20,102,25.64562303,1,0
1221,1221,1221,1222,2,345.5126398,63.94615495,61.82961916,45,0,25,174,34.11349217,0,6
1222,1222,1222,1223,3,261.1235162,91.90074233,95.76123369,31,0,44,106,22.60932692,0,5
1223,1223,1223,1224,7,434.6607157,50.37279393,45.78374687,48,0,26,168,30.39500616,0,6
1224,1224,1224,1225,9,233.2246017,56.22600094,60.84532445,48,0,46,106,34.62519689,2,9
1225,1225,1225,1226,9,112.7552538,83.81146511,79.64332816,58,0,36,172,23.4838057,0,8
1226,1226,1226,1227,7,212.8740495,99.19330352,98.57019426,38,0,40,170,29.99104448,0,3
1227,1227,1227,1228,3,323.8020372,85.18585465,82.25134384,55,1,39,114,26.70361877,0,9
1228,1228,1228,1229,7,191.7006553,77.14794558,74.03545134,28,0,26,158,28.96131065,2,6
1229,1229,1229,1230,1,470.8043757,74.23973294,76.82494793,28,1,36,180,25.01400645,1,8
1230,1230,1230,1231,1,499.469389,81.23766422,79.92585071,57,1,31,120,18.67335456,0,1
1231,1231,1231,1232,4,290.6342623,74.94124788,71.60605765,23,1,25,140,31.82561441,2,0
1232,1232,1232,1233,2,476.784066,57.15718683,61.37371128,50,1,30,152,23.12931737,0,6
1233,1233,1233,1234,3,308.5687862,77.33726923,72.65788475,52,1,26,146,28.66009316,2,7
1234,1234,1234,1235,7,448.4968511,90.66027323,93.65433294,56,1,51,162,18.97818891,1,5
1235,1235,1235,1236,4,229.7027804,69.00343305,65.74554003,47,1,26,104,24.70915434,0,5
1236,1236,1236,1237,8,286.938181,75.79193879,79.5230775,34,0,26,124,23.47668933,1,6
1237,1237,1237,1238,5,389.4549058,66.42973438,63.29433259,33,1,33,158,21.58779074,0,7
1238,1238,1238,1239,1,483.2205114,92.89509342,91.12647011,19,1,41,111,33.46536016,1,0
1239,1239,1239,1240,8,348.8497375,86.96236931,87.95877945,21,0,56,142,33.05028276,0,7
1240,1240,1240,1241,2,111.2424286,74.35895299,79.07745031,26,1,24,175,31.8879553,0,3
1241,1241,1241,1242,5,395.7273903,72.54415998,72.52564026,57,0,32,129,21.31459159,1,8
1242,1242,1242,1243,1,278.9326736,54.18830091,54.92261798,28,1,25,102,30.35581754,2,3
1243,1243,1243,1244,5,240.6765304,85.85787761,89.62485354,37,0,56,122,29.05552582,0,5
1244,1244,1244,1245,8,302.9070343,96.82813704,92.59310327,52,0,22,180,19.5664943,2,2
1245,1245,1245,1246,6,228.4028087,84.58854952,81.49643023,55,1,21,119,31.13591982,2,4
1246,1246,1246,1247,1,285.8977732,91.05252442,92.51044358,58,0,49,118,32.55362597,1,5
1247,1247,1247,1248,2,166.8134957,70.0081004,71.46782177,59,0,26,146,19.61971863,2,8
1248,1248,1248,1249,4,208.2767999,98.15658005,98.07845136,59,1,34,118,20.62935058,1,5
1249,1249,1249,1250,3,323.152078,55.62700029,54.80627568,39,0,35,161,20.30104041,2,7
1250,1250,1250,1251,5,158.6397819,66.67910382,70.49080284,59,0,37,136,32.67097898,2,5
1251,1251,1251,1252,2,251.8977961,50.20281695,48.40647145,41,1,42,131,31.42622872,1,6
1252,1252,1252,1253,7,398.7515546,52.3708967,55.70837435,53,1,60,146,22.13170062,2,8
1253,1253,1253,1254,2,284.9602423,79.58678435,83.16296616,48,1,58,108,23.03104209,0,1
1254,1254,1254,1255,5,487.2492538,60.05542264,60.07283926,40,1,30,166,26.49810038,0,3
1255,1255,1255,1256,9,425.5654514,90.77321795,94.99243466,34,0,40,137,28.86117353,1,8
1256,1256,1256,1257,0,416.3543749,86.04216,84.94839046,38,0,43,165,33.23599092,0,0
1257,1257,1257,1258,4,277.2572948,80.07390039,77.79422032,39,1,21,139,26.70784503,0,0
1258,1258,1258,1259,1,155.1713756,68.5007999,69.37280184,23,1,47,118,33.69907694,0,0
1259,1259,1259,1260,1,315.9504184,99.78973685,97.73359494,54,1,36,138,25.59945164,2,8
1260,1260,1260,1261,2,483.846052,66.18608218,67.2122243,35,1,57,122,28.59726704,0,9
1261,1261,1261,1262,5,474.2958554,85.28012531,81.26383506,29,0,55,135,20.06731412,1,0
1262,1262,1262,1263,4,334.6002455,65.07524018,68.9128576,45,0,25,116,28.14644281,2,6
1263,1263,1263,1264,0,337.8037502,73.55737189,74.25932035,44,1,28,122,31.34459331,2,0
1264,1264,1264,1265,7,497.3844806,76.78777447,77.53389916,22,0,34,146,33.3685788,1,2
1265,1265,1265,1266,8,351.5794091,90.24074547,89.29682513,45,0,53,167,29.88993806,0,8
1266,1266,1266,1267,2,292.7667682,84.15224596,81.67738694,33,0,49,141,28.58178162,0,4
1267,1267,1267,1268,9,386.9984545,84.18903183,79.67324235,26,1,43,133,21.96170483,0,8
1268,1268,1268,1269,3,420.328058,70.88448558,67.98179581,18,0,58,136,29.31403021,0,5
1269,1269,1269,1270,1,115.3049248,65.94564765,63.25205801,44,1,43,105,22.38866543,0,9
1270,1270,1270,1271,5,440.2505199,76.55102154,75.47812012,20,1,32,101,25.42946677,1,0
1271,1271,1271,1272,2,243.2626189,98.51411053,97.53567869,47,0,53,174,33.7631261,1,6
1272,1272,1272,1273,2,242.9459727,97.85338214,99.62788051,58,1,27,148,32.51245764,1,1
1273,1273,1273,1274,6,110.0936135,73.80040435,71.99849626,39,0,60,101,33.12608185,2,1
1274,1274,1274,1275,0,126.682745,98.90365073,103.2232257,48,1,32,119,28.97915336,0,3
1275,1275,1275,1276,3,482.5556173,77.57665792,76.58395617,45,0,20,159,24.86170862,1,1
1276,1276,1276,1277,8,180.5731018,68.71255714,71.97264486,24,0,22,172,30.49611579,0,8
1277,1277,1277,1278,4,132.5519191,89.48472571,88.79829324,40,0,20,159,28.43588968,0,8
1278,1278,1278,1279,6,272.0461926,83.07862867,81.62987503,50,1,21,115,23.52154071,2,0
1279,1279,1279,1280,4,131.5236592,87.69747457,85.79211124,45,0,53,140,19.09023267,1,1
1280,1280,1280,1281,1,220.1836261,76.22003093,81.12946281,45,0,36,120,26.90819343,0,4
1281,1281,1281,1282,0,317.0952789,75.66715073,76.54658241,54,1,41,175,33.39229542,0,2
1282,1282,1282,1283,1,439.2054302,68.47339643,72.61096313,30,0,53,162,33.35670116,2,0
1283,1283,1283,1284,6,199.8216427,81.07886583,84.73238092,59,0,50,133,34.42803368,0,7
1284,1284,1284,1285,1,128.3047852,88.63275941,88.88758013,56,1,21,156,20.86673206,2,9
1285,1285,1285,1286,6,461.5560362,86.41838888,88.76126384,38,1,38,167,34.94897799,1,8
1286,1286,1286,1287,6,184.8659399,66.78789054,68.32150423,18,1,36,157,19.94267693,1,1
1287,1287,1287,1288,5,404.8550843,64.63562203,60.754209,41,0,29,111,22.35631591,1,9
1288,1288,1288,1289,6,205.4542319,91.6434508,96.35665417,49,1,37,124,24.35687135,0,8
1289,1289,1289,1290,9,462.5433564,55.94093711,54.92699744,41,0,60,137,23.61076172,0,1
1290,1290,1290,1291,5,437.7408099,76.13242072,77.57788727,58,1,56,139,31.4554184,0,1
1291,1291,1291,1292,0,303.7871757,98.2307494,98.5156873,43,1,40,125,34.36650996,1,6
1292,1292,1292,1293,1,192.5014018,59.52852119,59.27714554,54,1,35,160,34.51249722,2,4
1293,1293,1293,1294,9,277.3884062,96.55250233,98.64369544,54,0,30,133,20.25389429,2,5
1294,1294,1294,1295,5,137.5834754,50.9552825,55.90869613,60,1,29,112,28.78864438,2,5
1295,1295,1295,1296,6,266.9175378,66.28276122,67.50683125,30,1,32,168,31.9450006,2,0
1296,1296,1296,1297,2,140.7493927,62.69190585,64.89148601,59,1,29,161,25.30110663,1,5
1297,1297,1297,1298,2,355.5510692,73.62811364,76.99854278,41,0,49,104,24.49329931,1,7
1298,1298,1298,1299,3,176.2181587,81.01597588,78.14510997,29,1,45,154,29.92908021,2,3
1299,1299,1299,1300,8,251.0869999,95.20704139,98.07841483,28,0,23,107,21.35596091,0,2
1300,1300,1300,1301,2,220.9869606,91.60215233,95.25152339,18,1,30,109,23.75118802,0,7
1301,1301,1301,1302,6,431.2226394,69.46969851,72.45880991,36,0,45,128,21.22145692,2,9
1302,1302,1302,1303,7,405.9524374,50.45702603,54.31588742,19,1,53,119,24.98497098,2,0
1303,1303,1303,1304,8,369.9529459,84.97791944,85.13937041,55,0,23,113,26.58687248,2,7
1304,1304,1304,1305,5,320.8127288,53.02935054,55.14288747,24,1,59,117,26.17770816,1,9
1305,1305,1305,1306,1,232.3517873,54.559782,58.26893974,60,0,31,145,26.04766444,0,6
1306,1306,1306,1307,3,368.0611095,95.00177251,98.60150545,40,1,58,110,31.91886536,0,3
1307,1307,1307,1308,8,453.0992153,78.42081735,82.00620015,26,1,51,166,23.97179185,2,2
1308,1308,1308,1309,3,436.7807271,64.88947741,64.76654236,56,0,29,171,20.29779585,0,8
1309,1309,1309,1310,6,351.3665316,63.5360607,62.51914567,34,0,50,128,26.70372809,0,3
1310,1310,1310,1311,0,477.4161297,76.77407703,81.06216572,49,1,56,148,18.8088378,1,5
1311,1311,1311,1312,8,154.6609467,70.42956017,67.39307333,44,1,42,167,27.68311931,2,1
1312,1312,1312,1313,3,173.8278392,54.30857009,56.06812817,19,1,47,161,21.18429504,2,1
1313,1313,1313,1314,7,398.7470963,66.59417537,67.45071514,22,0,40,109,22.12621788,2,1
1314,1314,1314,1315,7,264.3753305,55.05868668,51.08732545,57,0,58,119,22.7170379,0,4
1315,1315,1315,1316,8,431.8683719,72.85996554,71.4474671,43,0,29,137,19.5984024,1,4
1316,1316,1316,1317,1,375.2590785,92.07343317,92.31997301,39,1,53,124,20.68358754,2,8
1317,1317,1317,1318,0,488.7017015,81.41381913,82.71091065,45,1,52,118,25.3750906,1,5
1318,1318,1318,1319,7,390.3160752,70.71550913,71.40149053,31,1,20,142,18.87564395,1,6
1319,1319,1319,1320,2,231.5202935,68.0962006,68.67881283,21,0,54,126,25.66938588,1,8
1320,1320,1320,1321,8,134.9360022,65.71117758,61.67800339,36,1,21,121,34.15228725,0,1
1321,1321,1321,1322,1,412.1433699,93.02230767,88.14296414,27,1,48,107,32.70560382,0,5
1322,1322,1322,1323,7,422.4184157,98.30260092,101.5937144,56,0,60,121,20.7489393,1,6
1323,1323,1323,1324,7,373.1221957,75.97995614,73.43541192,45,0,25,157,28.2562298,1,2
1324,1324,1324,1325,3,430.9450318,78.95541725,74.96593585,30,0,51,140,30.22946019,1,9
1325,1325,1325,1326,6,229.6350943,71.1719891,73.97936504,42,1,40,116,30.91565168,0,5
1326,1326,1326,1327,5,125.2213256,91.30707097,89.769218,35,0,30,129,27.36300774,1,3
1327,1327,1327,1328,2,450.5810451,88.68062226,91.8794149,40,1,52,137,18.87992643,2,5
1328,1328,1328,1329,2,200.6749022,53.42895964,55.43165362,52,1,30,141,25.06323956,1,6
1329,1329,1329,1330,7,475.5633622,96.35479018,95.58893453,57,0,24,138,25.94275019,1,8
1330,1330,1330,1331,7,243.3980606,85.9212967,81.7056781,40,0,46,137,31.41064806,2,5
1331,1331,1331,1332,8,118.3621831,81.07694557,85.92508618,25,1,27,134,27.36781339,2,0
1332,1332,1332,1333,9,250.4691299,68.86870371,73.66768746,42,0,46,136,27.6055262,2,6
1333,1333,1333,1334,7,188.4527864,54.15347071,58.15182169,36,0,37,169,26.2701492,0,5
1334,1334,1334,1335,9,107.7136678,85.37999462,85.7180324,26,1,37,151,26.4892558,1,3
1335,1335,1335,1336,5,234.5231056,73.58317228,73.70813422,52,0,33,107,31.86812103,0,7
1336,1336,1336,1337,9,343.7092553,95.14392383,97.68732226,52,0,37,117,22.26054273,2,9
1337,1337,1337,1338,4,465.1517306,54.44602736,53.44516635,19,0,31,129,32.60462078,0,0
1338,1338,1338,1339,1,384.1218693,90.18497541,85.8037401,49,0,51,124,21.17965229,2,8
1339,1339,1339,1340,6,336.8089855,57.14428144,60.96576072,37,1,48,103,27.21626792,0,1
1340,1340,1340,1341,8,397.3097751,55.31095091,56.32849773,41,0,50,101,32.45414788,0,4
1341,1341,1341,1342,7,473.4983079,89.27419088,90.40656828,19,0,59,143,28.59827993,1,1
1342,1342,1342,1343,5,366.3149122,88.92447044,88.10417965,24,0,56,111,19.84536829,2,1
1343,1343,1343,1344,8,122.8322138,83.77892117,80.8435253,25,1,50,118,31.97932413,0,4
1344,1344,1344,1345,4,494.8277905,75.61197004,77.53206544,59,1,59,143,34.11156454,0,8
1345,1345,1345,1346,4,463.7516278,88.28180235,89.96844739,55,0,31,113,32.66603028,0,9
1346,1346,1346,1347,5,218.2907683,72.68846366,68.99042666,29,1,26,108,27.90304011,0,5
1347,1347,1347,1348,0,420.5033108,92.67614425,90.29944033,45,1,27,128,26.51384199,0,7
1348,1348,1348,1349,7,368.2263539,68.23265717,64.23948165,24,1,60,131,24.09836273,2,0
1349,1349,1349,1350,3,421.1660064,89.15528162,90.4497269,43,1,21,140,24.68742089,1,6
1350,1350,1350,1351,1,438.2204109,80.24874001,79.07518087,41,1,24,131,20.30588947,1,4
1351,1351,1351,1352,2,322.2203227,63.14201207,66.22672608,46,1,28,118,32.97956729,1,0
1352,1352,1352,1353,2,206.674512,59.0839709,61.95408414,32,0,32,175,25.88117661,2,8
1353,1353,1353,1354,0,420.0905699,70.47668302,73.72362522,35,0,33,128,31.2740023,2,3
1354,1354,1354,1355,2,341.755844,85.41694009,87.35927551,24,1,31,161,29.3195256,0,6
1355,1355,1355,1356,8,319.0932637,50.63535753,47.0127965,33,1,42,174,20.73221098,0,9
1356,1356,1356,1357,7,170.7203478,61.85062401,64.02654401,55,1,57,110,18.99567493,1,0
1357,1357,1357,1358,6,368.5446267,63.14751371,68.04767842,45,1,56,102,24.75670521,2,3
1358,1358,1358,1359,2,330.4566099,88.6428926,87.60988557,56,1,42,124,28.87377521,1,8
1359,1359,1359,1360,6,223.6181911,72.42677169,69.88139845,41,1,23,143,25.95699339,2,0
1360,1360,1360,1361,6,379.1055935,64.12514188,66.01824851,19,1,53,144,29.71744568,1,8
1361,1361,1361,1362,8,146.3020064,53.54125754,58.15179923,44,0,23,119,24.51638748,2,2
1362,1362,1362,1363,0,278.3607433,99.21386562,103.9162915,60,1,36,155,31.31291179,0,9
1363,1363,1363,1364,5,161.8083552,77.1218801,77.7583353,57,1,28,116,21.80546976,0,2
1364,1364,1364,1365,6,485.7356082,86.8695386,89.96956417,43,1,38,172,29.23794953,0,8
1365,1365,1365,1366,5,133.0726902,76.62146436,78.40779179,18,1,41,155,21.44162177,0,7
1366,1366,1366,1367,1,496.833931,72.1192576,70.01918238,59,1,20,114,18.65897245,0,6
1367,1367,1367,1368,4,442.3263305,61.8065921,57.52156711,32,0,28,135,27.16242988,2,2
1368,1368,1368,1369,1,253.0569035,53.7155144,56.62311,38,0,22,148,29.5912752,1,7
1369,1369,1369,1370,6,240.5285481,84.78551691,81.45839633,45,0,46,168,25.94770608,2,9
1370,1370,1370,1371,3,194.0230348,73.34091276,73.38031278,54,0,36,169,20.02741036,1,1
1371,1371,1371,1372,2,456.5112759,50.06124927,49.53234643,32,0,27,152,30.58861346,0,3
1372,1372,1372,1373,2,291.615166,53.18675236,56.72717532,33,1,51,112,32.84376346,1,2
1373,1373,1373,1374,1,229.4822614,96.66376764,91.77809629,25,0,53,145,22.55269901,0,2
1374,1374,1374,1375,0,252.9407761,69.79892682,68.75123384,26,0,59,168,32.9772517,1,8
1375,1375,1375,1376,6,292.3510209,62.30087357,58.64606242,35,1,36,102,21.77391564,1,1
1376,1376,1376,1377,7,371.05946,86.29274402,85.59935242,26,0,51,158,31.42872463,2,8
1377,1377,1377,1378,4,420.4431128,89.19055985,85.18350757,42,0,57,135,26.09946047,2,8
1378,1378,1378,1379,0,188.7721477,69.47509764,67.03306824,60,1,26,113,23.77501825,0,6
1379,1379,1379,1380,2,393.4651723,61.77932164,65.44013469,53,1,58,128,19.83401327,0,6
1380,1380,1380,1381,9,439.2958244,72.10671353,75.31085864,59,0,58,149,34.40130529,2,2
1381,1381,1381,1382,9,415.5687572,61.34298055,58.51291155,54,1,28,131,22.11996279,1,2
1382,1382,1382,1383,5,340.5204191,64.1085438,65.0090264,25,1,23,121,19.74386862,2,0
1383,1383,1383,1384,0,107.5426171,57.32749007,56.17990419,42,0,55,114,19.34886846,0,7
1384,1384,1384,1385,7,280.2025412,91.06437725,92.46039725,43,1,27,166,27.67472322,0,0
1385,1385,1385,1386,2,401.5118209,88.4927249,92.46684133,44,1,59,138,26.20405336,2,0
1386,1386,1386,1387,0,215.4025353,64.19118493,60.4483248,53,1,46,115,34.83555827,2,7
1387,1387,1387,1388,6,472.8842644,59.02276491,57.74456784,57,0,53,129,33.43747075,0,8
1388,1388,1388,1389,1,452.4305079,78.71984473,73.99544054,45,1,25,145,28.5998299,2,4
1389,1389,1389,1390,5,423.5263821,73.18191696,76.00033978,18,1,23,171,20.15853899,2,8
1390,1390,1390,1391,8,344.4152182,64.75665372,63.69077852,25,0,44,112,26.06607443,0,4
1391,1391,1391,1392,6,401.2688491,54.6571671,59.61181852,38,1,54,115,31.89549754,0,4
1392,1392,1392,1393,2,483.9417791,61.26037271,57.45393453,30,1,60,106,22.06629173,0,1
1393,1393,1393,1394,7,321.7249052,60.00976201,56.36146164,54,0,24,163,28.15689796,0,2
1394,1394,1394,1395,1,132.7139134,84.27247149,80.37570456,23,0,25,110,30.94588459,2,7
1395,1395,1395,1396,7,170.8059674,51.13630787,56.02153292,31,0,29,147,21.62292795,1,5
1396,1396,1396,1397,6,356.4168235,79.02668688,79.98169894,42,0,22,125,32.01980558,2,4
1397,1397,1397,1398,8,435.4755773,57.67731253,57.48286842,45,1,22,133,19.16082703,2,6
1398,1398,1398,1399,8,323.9031529,90.71009582,87.90324789,36,0,47,109,19.00142064,2,8
1399,1399,1399,1400,6,267.6860694,87.3369601,88.4849079,38,1,27,179,22.0934186,1,4
1400,1400,1400,1401,6,280.065319,97.55682531,94.26967077,41,1,38,150,29.80438159,2,8
1401,1401,1401,1402,2,396.3321585,96.1569557,96.8717631,49,0,43,153,19.51182868,2,0
1402,1402,1402,1403,5,198.3174936,57.86482351,54.95228303,46,1,49,168,22.27905693,1,9
1403,1403,1403,1404,1,167.9966065,82.95368503,85.2211227,22,1,47,155,22.90057216,0,0
1404,1404,1404,1405,3,241.4443889,90.04514784,89.68933297,30,0,31,168,34.4829966,1,6
1405,1405,1405,1406,5,236.0766614,87.70524466,91.76573287,23,1,50,152,20.52982249,0,0
1406,1406,1406,1407,0,416.5850965,81.8616795,77.32104687,44,1,59,161,26.05652946,1,3
1407,1407,1407,1408,9,173.2933557,86.14934036,91.00604018,25,1,35,127,18.76301049,0,3
1408,1408,1408,1409,0,318.3628965,93.05559224,89.23628078,47,1,58,112,21.63170596,1,8
1409,1409,1409,1410,7,338.0502883,55.04881542,56.73859375,18,1,51,114,21.92902953,1,6
1410,1410,1410,1411,9,198.2195641,62.15639665,57.91380911,29,1,46,171,27.88327377,1,1
1411,1411,1411,1412,2,488.7330306,62.04279356,66.28389779,50,0,30,126,33.77364025,2,0
1412,1412,1412,1413,3,139.4745556,72.84237996,77.02421009,59,0,59,169,32.75711542,2,4
1413,1413,1413,1414,5,137.380076,58.40407851,61.53698524,28,1,24,123,19.88800835,2,4
1414,1414,1414,1415,1,239.4348273,99.78661479,96.91142722,60,0,33,111,21.91487744,1,9
1415,1415,1415,1416,8,444.6992823,67.27897445,68.34598977,35,0,56,162,34.02540519,0,3
1416,1416,1416,1417,8,149.0633406,96.91856536,93.94801929,32,1,51,147,29.6561649,1,0
1417,1417,1417,1418,5,394.6466637,67.66587501,71.74897319,24,1,60,180,28.64158303,0,8
1418,1418,1418,1419,0,299.456152,90.57118938,91.35867672,46,0,28,150,18.74261399,1,5
1419,1419,1419,1420,0,345.3533659,62.10961609,63.07784498,40,0,38,125,25.69899598,2,0
1420,1420,1420,1421,6,196.855735,73.22662267,71.62822608,36,1,35,125,24.23772681,0,4
1421,1421,1421,1422,1,248.3806343,74.59613401,72.89179769,53,1,29,144,32.01532132,1,4
1422,1422,1422,1423,8,199.7305682,52.01453294,47.40314761,51,0,46,146,23.58343675,0,0
1423,1423,1423,1424,5,334.5743093,78.66831149,81.07140787,31,0,60,117,18.61465048,1,7
1424,1424,1424,1425,7,416.4445772,83.89385714,84.53700097,40,1,34,124,25.2409227,2,3
1425,1425,1425,1426,6,463.0918012,79.23260884,83.58001375,45,0,52,130,34.29864782,0,6
1426,1426,1426,1427,3,401.108823,73.18726733,68.51564907,22,1,59,101,19.06591063,0,1
1427,1427,1427,1428,1,236.1693842,54.02861374,49.41874983,31,1,26,154,20.26249349,1,8
1428,1428,1428,1429,7,470.5824682,62.95936196,60.31750347,34,0,34,156,22.95983944,0,4
1429,1429,1429,1430,7,493.5577529,88.989346,89.34824015,48,1,46,132,29.90588105,0,5
1430,1430,1430,1431,2,278.3084535,84.84345801,82.78971726,40,1,59,116,20.07972596,1,6
1431,1431,1431,1432,4,444.4839763,90.28418295,91.82289312,40,1,58,115,30.90334297,2,9
1432,1432,1432,1433,2,262.7202968,85.99885125,89.4413657,47,1,57,152,31.13858078,2,3
1433,1433,1433,1434,5,107.3406003,84.69707772,83.77683306,57,1,38,167,18.83588396,2,7
1434,1434,1434,1435,8,271.3059975,82.34329504,82.98405233,56,0,57,170,34.02685141,1,2
1435,1435,1435,1436,7,212.4625142,81.80626775,79.14239652,33,0,40,148,21.29461319,2,9
1436,1436,1436,1437,1,403.6966285,98.43093208,101.2440053,34,0,36,100,24.72864049,2,9
1437,1437,1437,1438,9,488.5922311,66.12991603,63.07627685,28,1,49,151,26.40479537,1,3
1438,1438,1438,1439,8,396.2980235,72.97245209,68.11984879,59,0,53,165,26.46121576,0,3
1439,1439,1439,1440,4,401.9023759,88.85498843,89.53870563,30,1,21,100,22.7256566,0,0
1440,1440,1440,1441,1,423.4228704,58.10037016,54.60161631,44,0,34,165,20.9525542,0,8
1441,1441,1441,1442,1,100.7159422,53.20257964,56.92080625,41,0,27,116,21.75251494,2,5
1442,1442,1442,1443,5,494.2259605,55.9658185,60.7717068,25,0,30,171,27.5319572,1,7
1443,1443,1443,1444,5,291.7430827,77.45298002,80.49627293,36,0,55,168,21.518692,2,4
1444,1444,1444,1445,5,135.9016038,99.37530172,94.75805256,32,0,58,101,23.36273453,0,1
1445,1445,1445,1446,9,336.9607152,61.2323505,65.11182158,37,0,47,172,31.45598271,0,7
1446,1446,1446,1447,4,438.095402,99.06364049,101.9304335,33,0,55,170,19.81427143,0,9
1447,1447,1447,1448,3,416.4868002,59.25476002,63.929422,37,0,24,142,18.56815697,0,0
1448,1448,1448,1449,5,482.1131089,54.61006262,52.11176058,27,0,42,107,21.87082661,0,7
1449,1449,1449,1450,3,386.4863697,69.73398039,70.13550803,40,0,52,143,28.81454123,2,0
1450,1450,1450,1451,8,224.6120062,69.92891008,67.80436946,31,1,32,163,21.58897495,0,5
1451,1451,1451,1452,1,344.7820762,82.01666043,77.49181495,54,1,29,160,21.49922953,2,7
1452,1452,1452,1453,0,460.7485834,55.92458364,59.43995878,49,1,41,141,20.73485453,0,0
1453,1453,1453,1454,6,245.7171227,62.72139999,61.38040784,55,0,20,126,29.66990745,2,9
1454,1454,1454,1455,6,419.8863392,89.10371283,86.75867484,55,0,31,129,27.41659776,2,6
1455,1455,1455,1456,9,414.0294815,92.44097988,87.60274848,36,0,57,168,30.78371588,2,7
1456,1456,1456,1457,4,157.4321045,85.03307143,86.23892228,49,1,21,155,29.12699849,1,0
1457,1457,1457,1458,9,449.8900042,84.56111339,80.00822564,29,1,26,120,32.99934932,0,2
1458,1458,1458,1459,8,358.1205522,71.15402592,74.70387555,33,1,51,173,28.55234297,1,5
1459,1459,1459,1460,8,150.3878441,73.28450598,71.07145198,27,1,49,173,23.81714362,2,3
1460,1460,1460,1461,5,284.862387,66.7391447,62.95991549,31,1,54,144,31.32520604,0,3
1461,1461,1461,1462,3,362.6923853,53.37827131,56.24910403,26,1,42,161,20.6060702,0,6
1462,1462,1462,1463,8,168.788833,71.19904889,66.74519428,50,0,37,119,28.57897471,0,2
1463,1463,1463,1464,9,164.2644045,69.07538892,72.78707091,42,0,32,103,20.49513839,1,7
1464,1464,1464,1465,1,172.4127044,98.44120518,102.6095576,33,0,57,164,27.21933461,0,9
1465,1465,1465,1466,5,212.7809518,91.92929388,94.88495189,40,1,34,148,27.69535977,2,8
1466,1466,1466,1467,4,256.2492169,61.47762291,59.62867923,51,1,26,140,23.77270302,0,5
1467,1467,1467,1468,8,266.2794297,96.45024387,94.54520835,33,0,39,148,28.84949168,0,7
1468,1468,1468,1469,6,284.6226574,91.2596082,88.8137183,33,0,54,128,26.08065414,1,6
1469,1469,1469,1470,1,157.3966439,92.90475253,92.89338201,53,0,43,100,31.15888869,1,6
1470,1470,1470,1471,7,497.5535463,86.30081274,89.90021623,36,0,21,147,19.43696481,1,2
1471,1471,1471,1472,3,200.9456693,59.60585756,56.01527052,34,1,41,175,25.14663618,0,0
1472,1472,1472,1473,1,397.8180673,83.93539798,85.96719143,33,0,58,145,29.04333801,0,9
1473,1473,1473,1474,6,287.4500567,80.15071314,82.18617433,59,0,55,121,24.96459797,0,7
1474,1474,1474,1475,6,407.3836265,56.5308786,60.04849827,26,0,46,113,30.97978916,0,4
1475,1475,1475,1476,7,252.8534605,83.86048274,83.46793409,53,1,35,146,29.11206537,0,9
1476,1476,1476,1477,0,441.0884399,59.27430242,59.58618568,50,1,38,153,19.88390583,1,1
1477,1477,1477,1478,3,168.9911685,92.25211644,95.4798805,43,1,37,174,28.51221811,0,2
1478,1478,1478,1479,3,338.5197044,83.38494454,85.61660139,44,0,22,174,30.78050524,0,9
1479,1479,1479,1480,6,211.1936351,66.67768717,66.18536141,49,1,30,150,34.31016474,1,2
1480,1480,1480,1481,0,414.1294657,69.67064219,72.57935969,48,1,57,102,32.77594993,1,2
1481,1481,1481,1482,5,126.11918,60.85861252,61.79371626,51,1,58,116,33.81986731,0,5
1482,1482,1482,1483,5,490.2873393,97.92647304,100.6392669,34,1,43,136,25.27972943,2,4
1483,1483,1483,1484,2,404.9903631,84.69541978,86.05183045,36,0,52,102,22.49001387,0,7
1484,1484,1484,1485,8,308.753138,89.09828901,90.89172076,25,0,28,148,26.08566354,0,3
1485,1485,1485,1486,0,439.7117745,94.91698086,92.49700649,23,0,52,155,20.73005249,0,0
1486,1486,1486,1487,5,289.9867586,75.9091362,76.89552302,31,1,37,180,33.76294623,2,2
1487,1487,1487,1488,8,252.0439109,90.12359919,93.88102812,52,1,55,153,31.82463254,1,4
1488,1488,1488,1489,4,212.9979123,85.14189572,82.74677725,45,0,42,162,19.22291901,0,0
1489,1489,1489,1490,3,164.3211054,96.49976775,97.45119841,50,1,39,125,28.23319224,2,3
1490,1490,1490,1491,8,119.6057488,64.27830132,63.11037198,18,1,31,164,32.00692742,2,3
1491,1491,1491,1492,8,342.1903013,52.89805927,51.54016998,50,0,44,148,27.12216782,0,4
1492,1492,1492,1493,7,217.1349417,98.46523402,100.4303893,60,1,55,117,18.91953256,0,6
1493,1493,1493,1494,5,377.2972227,99.72827355,95.03977307,20,0,32,161,24.52046004,2,5
1494,1494,1494,1495,9,336.7816057,99.64510325,95.67152598,41,1,55,127,27.74067324,1,1
1495,1495,1495,1496,8,448.2414351,88.21092845,85.31764717,59,0,60,141,27.52028118,1,2
1496,1496,1496,1497,9,410.990607,95.14433543,92.90389115,52,0,37,141,23.10423473,0,3
1497,1497,1497,1498,0,198.6019988,83.77769985,87.88981087,52,1,57,148,22.14359745,2,5
1498,1498,1498,1499,5,350.349462,98.6896066,99.76848217,22,0,28,160,33.53652925,0,1
1499,1499,1499,1500,0,112.884562,55.29250665,52.11734496,35,0,46,166,27.82311916,2,3
1500,1500,1500,1501,0,102.969452,58.25455968,58.02476477,49,1,31,111,18.89012037,1,6
1501,1501,1501,1502,9,435.3355112,75.30478977,76.57471611,55,0,46,137,20.75712358,0,9
1502,1502,1502,1503,1,177.2761876,60.51428135,56.83489896,21,1,37,115,19.98108565,0,1
1503,1503,1503,1504,6,169.7315488,76.66387572,78.35969054,58,0,28,126,23.02159716,1,5
1504,1504,1504,1505,7,370.4237601,93.71005171,96.81268442,36,1,44,158,24.15372792,2,7
1505,1505,1505,1506,9,298.0727811,66.14178878,63.5468922,43,0,34,102,29.66931469,0,7
1506,1506,1506,1507,8,461.7689669,69.33477549,72.34470374,23,0,32,100,32.47659449,1,1
1507,1507,1507,1508,5,187.3388442,55.25922543,52.00818384,48,1,23,178,24.20006275,1,7
1508,1508,1508,1509,3,471.5365786,83.23482769,82.62438972,34,0,21,164,26.04366519,2,9
1509,1509,1509,1510,4,160.4127488,68.70044051,69.5573106,51,0,37,103,21.07301405,1,1
1510,1510,1510,1511,2,165.6246853,51.71426303,55.47877644,43,1,47,129,32.03957651,0,3
1511,1511,1511,1512,1,351.3173199,69.85018287,70.08729091,44,1,20,113,24.85170449,1,8
1512,1512,1512,1513,4,208.2143828,82.99359712,83.90387757,33,1,48,115,34.74902174,2,4
1513,1513,1513,1514,3,439.7427892,76.07804583,73.28139169,45,1,31,117,33.34780113,1,8
1514,1514,1514,1515,7,200.0477121,72.75740974,74.04164741,40,0,37,128,19.60346448,1,0
1515,1515,1515,1516,6,270.0914727,76.81285162,74.83341701,35,1,45,111,27.1459802,0,0
1516,1516,1516,1517,6,497.8752974,61.41161619,61.47389105,48,1,28,164,31.48063898,0,8
1517,1517,1517,1518,3,202.0923047,90.66513087,90.89055695,31,0,52,160,22.45711431,2,5
1518,1518,1518,1519,9,408.6805585,95.57302213,98.81235218,32,0,59,164,18.5863689,2,0
1519,1519,1519,1520,2,355.8863515,70.18572863,66.44642688,32,0,32,146,30.13467809,1,7
1520,1520,1520,1521,2,306.4364815,60.67364149,59.14082046,30,1,41,115,32.62707649,2,0
1521,1521,1521,1522,6,488.0199768,51.3237091,47.76463023,26,1,21,155,22.6464056,1,1
1522,1522,1522,1523,3,150.9458336,79.67544021,83.46106237,53,1,27,146,29.18529522,2,5
1523,1523,1523,1524,0,182.0207481,88.01677051,85.93020134,33,0,46,109,33.53423947,0,6
1524,1524,1524,1525,4,460.7632088,56.47438602,57.86493015,58,1,45,173,23.10795339,0,4
1525,1525,1525,1526,7,395.7818258,99.18646967,99.42743566,37,0,32,152,33.03128129,2,8
1526,1526,1526,1527,0,294.0214406,74.58159087,74.31626077,46,1,20,158,31.97198485,1,9
1527,1527,1527,1528,7,323.0396262,54.30861071,54.68819116,28,0,56,114,23.75365166,2,4
1528,1528,1528,1529,6,244.8819478,75.74089821,72.46396828,53,0,39,119,29.31870247,0,0
1529,1529,1529,1530,1,460.7324491,52.45871079,50.49596945,45,1,36,173,19.7838343,2,2
1530,1530,1530,1531,2,146.0793262,55.56532636,59.2737052,28,1,51,116,22.08277051,1,8
1531,1531,1531,1532,2,312.4136138,82.9221149,78.07073298,25,1,54,105,31.01658653,2,1
1532,1532,1532,1533,5,187.366311,88.30686217,86.45546931,47,0,48,167,24.3232377,2,1
1533,1533,1533,1534,0,159.3728367,90.54537132,91.61164319,20,1,36,164,29.47589858,1,0
1534,1534,1534,1535,1,193.4577639,85.34603132,85.42365471,40,1,24,130,26.39199394,1,8
1535,1535,1535,1536,6,300.9538849,61.57316536,63.02738744,35,1,54,149,29.74416444,1,8
1536,1536,1536,1537,0,210.058121,81.17445195,81.3893184,39,1,34,110,31.74940424,0,0
1537,1537,1537,1538,5,451.4302191,80.2397715,82.10106543,48,0,35,104,23.02789564,0,4
1538,1538,1538,1539,8,371.2051117,65.89737209,70.14683541,41,0,33,140,26.76288978,2,6
1539,1539,1539,1540,1,207.7603606,55.86975287,53.71389842,54,0,53,130,33.69641576,1,2
1540,1540,1540,1541,9,352.4546488,79.81265719,82.45542779,27,0,35,163,23.04409868,2,3
1541,1541,1541,1542,6,298.418361,53.00582316,54.57582718,41,0,28,161,18.81589395,2,8
1542,1542,1542,1543,5,316.5890341,60.51687875,64.75219041,53,0,52,179,32.73007094,2,1
1543,1543,1543,1544,5,253.5159488,97.3332404,94.61248435,45,1,50,130,30.84312574,1,6
1544,1544,1544,1545,6,111.0911111,77.51867641,75.22540851,38,1,36,130,18.87882684,0,5
1545,1545,1545,1546,1,406.9542267,78.63534006,77.19009182,59,1,52,180,32.08948954,1,6
1546,1546,1546,1547,9,309.8301053,89.1429596,91.90069481,45,1,23,159,32.83012873,0,3
1547,1547,1547,1548,5,441.7176246,98.11624099,100.6249955,32,1,30,175,18.86226359,1,2
1548,1548,1548,1549,5,154.2895486,90.53298758,89.63049986,50,0,34,136,27.94605146,2,5
1549,1549,1549,1550,3,473.2159514,81.04452531,83.65361432,52,1,52,118,20.09531161,1,1
1550,1550,1550,1551,7,296.7010113,92.02156357,92.0077943,52,1,50,179,31.86760424,2,7
1551,1551,1551,1552,5,137.6511258,56.74974501,61.32057346,22,0,60,152,29.38110186,2,4
1552,1552,1552,1553,9,490.8559776,62.1554815,61.21011625,40,0,50,143,30.99624352,0,3
1553,1553,1553,1554,3,127.6509369,78.01632023,73.3803609,51,1,57,103,24.25744527,2,0
1554,1554,1554,1555,3,415.6634203,98.35481236,96.12511357,50,0,21,130,25.87628743,0,8
1555,1555,1555,1556,0,308.5221725,51.48477581,55.38652337,35,0,42,103,24.62438399,0,4
1556,1556,1556,1557,9,448.830305,99.40863818,96.71378608,34,1,55,123,30.48837699,1,9
1557,1557,1557,1558,5,148.8615945,93.17646645,94.35331234,20,1,28,105,26.59424074,1,4
1558,1558,1558,1559,5,218.1384595,86.65706558,91.60597926,37,0,57,123,29.82187044,0,7
1559,1559,1559,1560,2,487.8769844,90.99602525,93.43189078,22,0,27,169,23.16263251,0,0
1560,1560,1560,1561,9,386.3751923,94.97516627,92.86392033,21,1,56,145,18.760376,2,2
1561,1561,1561,1562,9,423.3551938,86.53361924,89.89471949,21,0,44,116,32.58452232,2,6
1562,1562,1562,1563,7,401.3782532,72.68652693,72.44402451,47,0,23,120,30.70258848,2,5
1563,1563,1563,1564,6,474.8552623,51.60311996,51.34847659,53,0,31,110,23.18826049,1,0
1564,1564,1564,1565,7,271.6324983,95.20075121,92.57102885,25,1,39,129,21.33364473,1,3
1565,1565,1565,1566,8,308.6113676,81.01321002,82.70156393,60,0,56,117,24.09229877,1,8
1566,1566,1566,1567,5,376.360605,99.98535527,96.44032865,41,0,46,153,27.76285925,1,2
1567,1567,1567,1568,4,373.0254911,51.18555271,54.74682692,31,0,56,126,20.5641184,0,8
1568,1568,1568,1569,8,299.6662853,96.85931747,92.63770469,51,1,48,121,27.54347185,2,8
1569,1569,1569,1570,1,215.2148518,96.48907916,94.96245176,54,1,59,123,23.65607488,1,2
1570,1570,1570,1571,6,499.8592625,91.33125674,88.1140551,35,1,52,179,18.66938906,0,5
1571,1571,1571,1572,9,294.1830335,91.28306736,91.51200616,36,1,45,104,20.26549157,2,4
1572,1572,1572,1573,3,417.1951568,97.86423212,94.13294472,41,1,56,176,27.7697699,2,9
1573,1573,1573,1574,9,421.0811877,72.25341939,71.18886659,30,1,26,157,22.14889456,2,1
1574,1574,1574,1575,5,262.8214399,81.63522165,85.96362592,39,1,37,111,18.54322539,1,3
1575,1575,1575,1576,2,358.319975,88.14799755,92.97285848,53,1,60,162,23.17252154,1,3
1576,1576,1576,1577,1,107.7812764,51.71312504,49.36278024,42,0,21,104,28.19205119,0,2
1577,1577,1577,1578,4,412.1758646,57.19829175,59.69695372,22,1,29,162,18.67465681,2,4
1578,1578,1578,1579,6,255.7052386,96.343831,96.11373906,29,1,53,143,24.69631432,0,1
1579,1579,1579,1580,7,273.0937939,72.62853787,71.76905998,46,0,58,155,21.82198906,2,4
1580,1580,1580,1581,8,263.3022496,94.58945031,94.86961711,38,0,25,146,31.90864517,2,7
1581,1581,1581,1582,5,383.4221806,87.10025622,91.95193404,23,1,36,124,22.73829106,0,7
1582,1582,1582,1583,3,154.8543114,72.19658906,67.77880903,29,0,35,144,19.52996113,1,1
1583,1583,1583,1584,6,174.404291,93.20631665,97.61258346,31,1,45,168,20.74128725,1,6
1584,1584,1584,1585,8,440.5625199,68.6480044,69.70421629,47,0,29,140,21.62938771,0,8
1585,1585,1585,1586,0,237.7140507,66.80853708,67.38093517,22,0,52,172,29.22958968,1,2
1586,1586,1586,1587,7,434.4120556,50.75042659,51.3503858,52,0,53,164,34.7224654,2,5
1587,1587,1587,1588,8,180.7021929,92.86422652,92.1449006,19,1,58,167,30.92235583,2,3
1588,1588,1588,1589,6,205.0907575,91.3512502,91.56262924,21,1,53,129,21.49178539,1,2
1589,1589,1589,1590,8,422.5301823,50.94624496,52.51559608,30,1,38,156,21.98038819,2,7
1590,1590,1590,1591,4,423.1128103,50.02462995,47.20933449,52,0,46,158,21.60879559,0,8
1591,1591,1591,1592,2,155.4824533,55.78112258,59.58316449,27,1,28,174,31.631751,1,7
1592,1592,1592,1593,9,390.9933257,96.03130397,92.21132614,20,0,53,102,23.31940114,2,6
1593,1593,1593,1594,9,409.5340857,76.02370075,78.61310242,36,1,59,130,19.0023448,0,6
1594,1594,1594,1595,9,252.2864203,77.07088126,77.93567354,35,0,38,104,20.55747304,2,9
1595,1595,1595,1596,7,407.1381999,80.98266848,79.15849499,31,1,23,155,23.0009551,1,5
1596,1596,1596,1597,9,439.0952903,77.80133196,80.31245421,56,0,40,124,32.47777947,2,0
1597,1597,1597,1598,8,315.3364287,85.77061402,85.42646577,60,1,47,140,27.89373678,2,3
1598,1598,1598,1599,0,476.473668,85.53423773,86.16935487,31,0,53,107,26.41440739,2,1
1599,1599,1599,1600,9,252.0410698,87.12154584,83.08394723,54,1,29,143,34.58415926,0,8
1600,1600,1600,1601,9,337.8581946,93.77438203,97.70528043,19,1,31,143,19.61382756,0,1
1601,1601,1601,1602,1,317.6667175,80.4451627,76.73159014,49,0,46,141,28.92370698,1,2
1602,1602,1602,1603,4,354.4663589,72.27664334,74.02498033,46,0,36,123,33.15640773,1,0
1603,1603,1603,1604,5,433.5836446,80.60702821,84.97394263,56,0,59,159,21.35452462,0,1
1604,1604,1604,1605,5,304.8592557,76.65399028,78.32378327,20,0,42,117,25.72177201,1,5
1605,1605,1605,1606,4,233.3583454,66.44380538,61.6506766,26,0,37,157,28.08542006,1,2
1606,1606,1606,1607,5,231.3667893,55.87183455,55.2323656,59,0,30,170,19.66335311,0,4
1607,1607,1607,1608,6,419.6214492,91.84927905,90.55435328,21,1,47,125,25.48535168,0,6
1608,1608,1608,1609,0,432.7074314,77.12530783,74.13941216,20,1,48,127,20.4107327,2,5
1609,1609,1609,1610,5,307.2207342,97.78674144,97.76139445,24,1,37,160,28.06317607,2,9
1610,1610,1610,1611,6,310.6907285,65.82590527,63.49303307,57,1,47,133,28.1427992,1,8
1611,1611,1611,1612,1,237.4469857,96.59601116,92.00409555,27,1,56,153,22.10314342,1,5
1612,1612,1612,1613,2,239.0615845,92.74567462,97.09921214,46,0,47,171,26.97776439,1,4
1613,1613,1613,1614,7,428.5366964,80.64596712,82.95739208,18,1,25,145,30.83613785,0,2
1614,1614,1614,1615,2,110.6202259,64.27223242,59.45860201,23,1,49,174,24.43836304,2,4
1615,1615,1615,1616,5,448.838026,73.36340458,75.54138442,46,1,22,119,28.21075155,2,9
1616,1616,1616,1617,9,406.1393663,84.67497057,88.14789818,20,1,29,122,32.67987331,1,7
1617,1617,1617,1618,2,159.8598135,54.15447117,57.83179629,23,1,20,180,19.35051372,1,9
1618,1618,1618,1619,6,251.2931546,63.62808255,59.4604164,24,0,22,133,26.16538749,0,8
1619,1619,1619,1620,3,128.2299933,57.62582354,57.63119385,57,0,33,105,26.55712154,2,7
1620,1620,1620,1621,6,240.9688306,85.00340173,81.22332863,32,1,32,142,26.19390899,0,4
1621,1621,1621,1622,3,207.9190409,89.6496396,92.13171378,44,1,58,170,32.02227931,0,7
1622,1622,1622,1623,9,234.7350713,82.43604155,84.16149939,33,0,27,102,29.52264656,0,6
1623,1623,1623,1624,4,249.739253,66.29922893,68.02694066,55,1,51,148,23.89700279,2,0
1624,1624,1624,1625,5,467.0645438,52.01589742,53.09485071,27,0,53,154,20.21420255,0,5
1625,1625,1625,1626,0,351.564919,95.3905351,93.40141421,19,0,30,112,34.54023385,2,1
1626,1626,1626,1627,6,404.4097668,59.06744486,60.59119899,20,0,51,133,32.28287961,1,7
1627,1627,1627,1628,9,142.1845496,90.90059415,93.30965044,49,1,54,163,34.1631281,1,0
1628,1628,1628,1629,4,170.8054984,67.44311481,70.90388852,54,0,37,141,26.45014104,1,1
1629,1629,1629,1630,9,262.7334047,85.18608834,88.55791892,23,0,60,102,19.58614011,0,1
1630,1630,1630,1631,6,273.396663,79.02040409,74.58200752,45,0,40,160,26.78996561,1,7
1631,1631,1631,1632,0,335.8988774,81.2006586,82.65470844,55,1,43,122,24.71056299,1,3
1632,1632,1632,1633,4,229.29145,81.41461058,80.23870203,30,0,26,104,32.93030279,0,9
1633,1633,1633,1634,5,254.7610849,64.77537926,65.45657792,50,1,60,134,23.61800851,0,0
1634,1634,1634,1635,1,382.0635671,81.21997105,84.47974528,23,0,29,108,19.60424085,2,1
1635,1635,1635,1636,7,278.3260601,52.03976261,55.24722971,18,1,34,120,23.36666378,2,4
1636,1636,1636,1637,8,352.9550334,99.67420859,97.66365845,53,0,60,109,28.22957468,1,0
1637,1637,1637,1638,7,195.7600108,84.67791266,81.10262963,36,0,60,146,33.82256022,0,8
1638,1638,1638,1639,6,189.9629965,89.22107062,91.34656325,27,1,20,164,28.94269268,1,8
1639,1639,1639,1640,4,499.2445316,71.24568005,66.49279815,46,1,50,167,25.9403312,1,7
1640,1640,1640,1641,6,181.4555223,95.74115625,100.0202764,55,1,54,146,32.46454998,0,3
1641,1641,1641,1642,7,173.7720083,69.73166547,74.22076908,59,1,27,136,32.5378056,2,7
1642,1642,1642,1643,2,196.1226109,99.71756868,101.0800725,39,0,36,159,22.04256614,2,7
1643,1643,1643,1644,8,427.3286252,52.86170496,49.90558176,18,0,38,175,19.77707296,1,3
1644,1644,1644,1645,4,463.0944147,74.51420157,72.60179908,55,0,30,115,22.27379469,2,9
1645,1645,1645,1646,6,136.2371793,97.90389327,101.7003783,45,0,20,157,23.38197081,0,4
1646,1646,1646,1647,0,116.696443,55.97692263,58.64110774,34,1,45,124,18.51563581,2,8
1647,1647,1647,1648,4,459.9698568,61.57581414,57.42413975,43,0,23,164,29.90318986,2,1
1648,1648,1648,1649,5,436.6448007,93.63897795,96.05261111,29,0,42,163,34.65983175,0,2
1649,1649,1649,1650,9,241.557466,56.40787793,51.49828553,38,0,35,117,32.42612376,1,3
1650,1650,1650,1651,7,458.5605284,65.0635644,67.27119459,39,1,42,147,23.06316422,1,0
1651,1651,1651,1652,6,469.6932621,69.80398381,72.14083701,56,0,41,153,30.03228229,1,9
1652,1652,1652,1653,3,406.4984178,80.15350971,84.41569499,24,0,45,100,28.12251568,1,1
1653,1653,1653,1654,6,260.1852055,94.45814842,97.38186572,37,0,38,153,23.73868075,1,9
1654,1654,1654,1655,5,472.2727391,76.88875741,72.60876406,45,1,58,128,30.44635735,0,9
1655,1655,1655,1656,7,239.9947888,56.79849904,57.43677312,37,1,41,175,27.5537724,1,4
1656,1656,1656,1657,9,368.2090135,91.14294805,89.04956287,35,0,32,150,31.93318685,1,0
1657,1657,1657,1658,1,233.107551,70.83720219,66.25755366,30,0,26,109,22.88044241,2,9
1658,1658,1658,1659,1,324.6791328,67.4325015,66.41422614,48,1,40,152,25.02420278,1,8
1659,1659,1659,1660,4,338.6207494,64.14889359,61.39797634,34,1,20,142,27.83616889,0,2
1660,1660,1660,1661,0,298.3663584,69.93620074,70.27501233,55,1,25,143,18.55982102,0,2
1661,1661,1661,1662,7,460.075711,51.51077594,53.89543133,54,1,54,164,29.33006193,1,6
1662,1662,1662,1663,0,326.6496157,62.15791722,60.5102221,31,1,44,130,31.42791664,1,1
1663,1663,1663,1664,8,231.086955,80.80040448,76.16719982,50,1,49,148,29.64459981,0,2
1664,1664,1664,1665,3,341.8952361,85.79718799,87.81995532,55,0,26,179,25.79638256,1,1
1665,1665,1665,1666,9,126.7562235,74.0040444,71.03646459,51,0,43,180,34.30101896,0,3
1666,1666,1666,1667,8,427.2694783,57.15159351,53.69934146,38,1,30,162,19.38044987,2,2
1667,1667,1667,1668,0,392.6042705,52.07994512,51.47523156,25,0,54,175,18.50606393,2,0
1668,1668,1668,1669,0,325.4611207,55.27448833,54.03877518,51,1,42,130,19.61741799,2,0
1669,1669,1669,1670,6,254.6323778,66.93394024,68.38774739,26,0,42,114,21.18023042,0,6
1670,1670,1670,1671,8,255.3764829,50.25102788,52.03102183,30,0,55,155,19.59799242,2,1
1671,1671,1671,1672,9,189.1245321,81.34837166,81.60616993,24,0,58,179,29.31263494,1,7
1672,1672,1672,1673,0,285.9259742,94.59418959,93.21849499,49,0,26,134,25.87067574,0,4
1673,1673,1673,1674,4,179.4333092,93.41592778,97.23466722,19,1,54,146,31.51993728,0,4
1674,1674,1674,1675,3,283.2930913,54.00281711,51.96375808,44,1,58,171,20.53698638,1,8
1675,1675,1675,1676,9,472.1534215,52.08130856,52.47651821,53,1,45,180,23.32558261,0,2
1676,1676,1676,1677,7,426.5312255,63.78597766,59.8883457,52,0,22,135,22.65155305,0,9
1677,1677,1677,1678,3,436.1861753,60.91545435,64.52986782,51,0,36,118,29.84182037,1,9
1678,1678,1678,1679,1,109.3595931,68.61531261,68.08278662,57,1,41,112,22.22596697,2,5
1679,1679,1679,1680,9,326.5836765,86.85813856,84.21001361,55,1,38,135,22.41412426,1,3
1680,1680,1680,1681,6,243.5122567,50.96416394,49.00457629,31,0,37,107,22.51935156,0,9
1681,1681,1681,1682,1,131.5460192,99.91676919,95.57288733,25,1,29,174,23.00350687,1,2
1682,1682,1682,1683,0,328.0347869,93.66180876,92.95710376,29,0,32,170,34.28590941,1,0
1683,1683,1683,1684,0,364.9942203,83.81413608,84.30647357,35,0,46,124,32.75970624,0,8
1684,1684,1684,1685,0,336.2403375,89.42457455,89.90359315,24,0,28,119,30.98808757,0,6
1685,1685,1685,1686,2,103.3325126,67.18732887,66.57079886,34,0,57,136,33.75723338,1,1
1686,1686,1686,1687,0,212.100314,60.0515463,63.40660405,24,1,21,131,24.18336582,0,1
1687,1687,1687,1688,5,378.69894,88.63357935,88.90284189,24,0,21,158,30.10088577,1,6
1688,1688,1688,1689,2,261.7504915,75.30131267,76.10441862,46,1,22,175,19.37100473,0,2
1689,1689,1689,1690,1,275.6156495,93.21351279,93.15411128,31,1,23,105,32.14367503,2,0
1690,1690,1690,1691,7,332.0737915,91.48552919,87.10879689,28,0,52,152,20.87232358,1,8
1691,1691,1691,1692,3,279.990142,84.47286357,88.1646776,33,0,34,126,23.26072649,1,0
1692,1692,1692,1693,3,415.5747763,69.12621435,68.8572398,42,1,41,171,27.03294125,2,1
1693,1693,1693,1694,1,102.8899406,71.042483,72.76682308,45,1,43,147,21.59863649,1,2
1694,1694,1694,1695,3,349.858267,91.53240356,88.82813947,54,0,30,100,22.01830836,1,2
1695,1695,1695,1696,5,233.5338726,64.27132762,65.06406072,49,1,45,167,22.30748625,2,6
1696,1696,1696,1697,9,498.4577708,91.62982013,92.79470902,36,1,43,136,27.63380046,2,4
1697,1697,1697,1698,4,463.9854823,59.61952332,56.68030594,43,0,53,117,30.92409608,2,3
1698,1698,1698,1699,7,329.1147065,67.51000799,71.28354415,29,0,25,138,27.31519072,0,5
1699,1699,1699,1700,9,443.0588671,69.75070162,66.16069589,51,1,33,139,25.81128801,1,6
1700,1700,1700,1701,8,397.0595311,88.85528504,93.02609599,52,1,46,120,26.53494224,2,0
1701,1701,1701,1702,7,344.4772874,60.86540458,65.11168702,53,0,58,167,19.36209546,2,8
1702,1702,1702,1703,0,364.2869231,78.11874831,79.80534228,32,1,57,130,26.93518437,0,7
1703,1703,1703,1704,1,114.4887896,65.33121295,68.94964956,45,0,22,131,19.03746229,2,8
1704,1704,1704,1705,4,378.4725663,71.65975382,69.35608271,19,1,54,150,33.84056617,2,0
1705,1705,1705,1706,9,172.8915393,61.53765648,60.81784279,56,1,35,109,20.9875027,0,3
1706,1706,1706,1707,2,101.4111008,79.17377158,75.23835131,26,1,60,110,18.9209794,1,9
1707,1707,1707,1708,3,497.7260605,73.49776347,73.61322749,49,0,36,153,28.21537511,2,4
1708,1708,1708,1709,7,103.1305643,79.91256876,82.05229778,21,0,26,100,33.84314491,1,1
1709,1709,1709,1710,1,311.6443303,75.50512445,78.61112844,55,0,30,112,21.74667278,0,6
1710,1710,1710,1711,5,482.5602878,54.05748363,55.83528375,30,0,48,151,34.22151866,2,7
1711,1711,1711,1712,4,228.4273889,55.81333266,57.62495952,57,1,40,175,20.20311051,1,5
1712,1712,1712,1713,8,236.2262839,81.87946569,77.13307779,26,1,54,124,26.86953756,1,3
1713,1713,1713,1714,9,371.4941228,78.43683033,81.29382323,28,1,29,155,30.93977946,0,5
1714,1714,1714,1715,7,438.7918899,94.1030335,95.8389663,57,0,54,156,21.9382647,1,5
1715,1715,1715,1716,3,342.5804559,52.2047538,47.41777098,19,1,26,157,34.64035039,0,8
1716,1716,1716,1717,5,182.6929135,95.94959738,96.36280789,38,1,42,168,30.45807863,1,3
1717,1717,1717,1718,5,482.0199961,83.44081921,80.38224834,24,0,49,144,26.64382525,0,9
1718,1718,1718,1719,5,392.4552971,78.61248848,81.00977632,38,1,39,162,24.72916099,0,6
1719,1719,1719,1720,1,103.6783971,81.72951064,81.48166355,34,1,54,124,29.72782026,1,0
1720,1720,1720,1721,8,349.5096026,61.15636184,64.17104679,46,0,45,128,26.63654115,0,1
1721,1721,1721,1722,3,273.6487492,54.77665252,52.82801187,56,1,38,137,19.77090661,0,1
1722,1722,1722,1723,8,231.674908,77.77822182,78.73826716,45,0,52,104,20.77319485,2,6
1723,1723,1723,1724,5,409.23795,61.24901752,65.3177134,34,0,43,140,26.2227057,0,5
1724,1724,1724,1725,9,139.3200721,87.54966322,89.69906069,49,0,39,114,20.25214877,1,5
1725,1725,1725,1726,3,265.9538356,64.01653646,68.4237766,39,0,32,175,24.70695178,2,7
1726,1726,1726,1727,1,428.3945673,67.74064373,71.3039015,30,0,40,159,32.53007127,0,6
1727,1727,1727,1728,5,227.3910955,97.97401286,100.5600124,53,0,27,168,30.4837272,2,9
1728,1728,1728,1729,4,455.6674096,78.88142236,82.30363644,43,0,44,105,20.09907708,1,9
1729,1729,1729,1730,1,119.352241,89.16978626,92.57239937,55,1,26,140,27.63447621,0,3
1730,1730,1730,1731,2,288.8135737,53.92723859,54.53621078,27,0,58,168,30.87658596,0,9
1731,1731,1731,1732,6,498.0750266,70.84501492,66.20453383,40,1,40,110,27.76295201,0,0
1732,1732,1732,1733,5,420.3164294,83.8190104,80.00845101,58,0,21,125,23.3523762,1,7
1733,1733,1733,1734,0,261.6085481,93.39539413,95.13056648,36,0,31,119,28.74844066,0,5
1734,1734,1734,1735,1,203.452186,65.89526944,65.6879795,35,1,34,152,24.87670877,0,7
1735,1735,1735,1736,2,179.9592493,88.54650892,83.89118617,34,0,48,165,26.04922306,1,7
1736,1736,1736,1737,8,360.731066,54.77639679,56.65543344,57,1,30,111,32.42532233,2,4
1737,1737,1737,1738,8,231.4440764,92.18974672,94.76336498,20,1,60,101,29.12949234,1,0
1738,1738,1738,1739,9,230.2891971,90.59861852,90.71716795,42,1,50,109,20.42150376,1,7
1739,1739,1739,1740,2,299.8318935,63.31646481,60.35313581,29,1,49,155,29.96730939,2,3
1740,1740,1740,1741,8,349.0657768,90.94129935,92.1261967,28,1,52,170,24.72930965,0,8
1741,1741,1741,1742,0,159.4728739,57.81318137,57.79778522,47,0,29,140,21.33183954,2,1
1742,1742,1742,1743,3,414.282085,71.28018831,72.85780347,58,1,46,159,33.53152678,1,2
1743,1743,1743,1744,7,104.1523199,93.95881314,90.6831852,56,0,47,178,19.26147443,2,6
1744,1744,1744,1745,2,219.9415185,81.94915003,86.31350081,30,0,52,121,19.66817764,1,2
1745,1745,1745,1746,8,100.640541,91.31955651,88.13212988,53,0,34,144,32.04431954,1,5
1746,1746,1746,1747,1,190.5980237,62.56732598,60.0776506,30,1,24,145,34.7235601,2,5
1747,1747,1747,1748,3,433.6136863,91.94204182,95.65791379,39,1,21,150,34.17763909,1,3
1748,1748,1748,1749,5,131.955134,75.98942378,74.02610075,37,1,53,166,23.64035674,2,8
1749,1749,1749,1750,6,126.4206003,70.87975027,67.46141049,21,1,56,116,26.59042365,1,4
1750,1750,1750,1751,0,260.4723187,58.2990268,62.79263139,36,1,38,174,24.40774232,0,9
1751,1751,1751,1752,4,460.7377119,51.80229646,51.97820729,57,1,40,139,21.86546878,1,8
1752,1752,1752,1753,1,262.0366091,96.6706822,100.8772458,29,1,34,112,20.83708579,0,4
1753,1753,1753,1754,5,476.4512878,92.39716219,93.011833,37,1,33,103,32.77302162,0,9
1754,1754,1754,1755,7,457.8832026,98.77149849,101.4700141,54,1,30,154,33.73388252,0,8
1755,1755,1755,1756,9,258.1601101,83.32398517,82.90158118,24,0,20,161,26.13172891,1,7
1756,1756,1756,1757,1,247.4071464,68.31758483,70.78379369,40,1,20,151,25.64099044,2,1
1757,1757,1757,1758,4,203.8687745,59.79560146,63.36463049,45,0,59,134,30.59554507,0,5
1758,1758,1758,1759,6,234.9849113,96.01465714,99.03106527,55,1,24,169,21.15492619,0,4
1759,1759,1759,1760,7,371.6601067,77.00466146,74.67383694,52,1,48,145,24.45260551,0,4
1760,1760,1760,1761,9,256.6177603,91.37059388,94.87026826,35,1,45,162,22.04231217,2,7
1761,1761,1761,1762,2,278.144085,51.17003353,52.59580323,38,1,32,177,34.16678441,0,4
1762,1762,1762,1763,1,404.6053714,95.27952878,91.897048,31,0,51,163,26.93202556,0,3
1763,1763,1763,1764,2,344.600162,71.53682849,70.38649538,26,1,48,100,18.71256081,2,7
1764,1764,1764,1765,4,279.5548964,60.53826454,64.39331018,33,0,27,164,28.05817071,1,5
1765,1765,1765,1766,9,290.2335632,52.00905562,48.76440395,58,1,22,130,31.50959416,1,7
1766,1766,1766,1767,0,244.5501736,96.06217524,95.67280508,47,1,50,162,33.52184776,1,4
1767,1767,1767,1768,2,105.2933605,57.76239928,59.27768652,19,0,35,147,24.73260398,1,5
1768,1768,1768,1769,7,405.3471359,65.31521045,70.22766137,34,1,26,153,29.29045827,2,5
1769,1769,1769,1770,7,405.7782143,90.29287999,86.88306098,39,1,34,131,30.71432497,0,0
1770,1770,1770,1771,9,379.0583018,67.40761093,68.55868332,32,0,41,164,30.25608198,0,3
1771,1771,1771,1772,5,285.2058764,92.59223136,90.30795981,40,1,38,175,33.1086555,2,2
1772,1772,1772,1773,1,274.5726266,89.57627976,86.24791813,55,1,39,141,21.43371646,1,5
1773,1773,1773,1774,6,483.2802476,57.98934791,56.8491695,32,0,43,150,20.74764593,0,2
1774,1774,1774,1775,3,220.8203055,86.04230381,82.80363846,42,0,30,152,32.43840861,0,2
1775,1775,1775,1776,1,189.4063605,82.58113756,85.61200398,33,0,44,111,22.07531151,0,1
1776,1776,1776,1777,5,149.3234367,80.35251606,77.57563619,37,1,48,154,19.51826259,1,2
1777,1777,1777,1778,8,366.4044274,53.04369568,50.28015181,56,1,41,172,30.64296342,1,6
1778,1778,1778,1779,6,198.1075852,84.36954051,85.42277312,28,0,22,147,28.76789313,2,4
1779,1779,1779,1780,3,395.6936727,67.82609891,72.43053952,33,0,41,139,22.84033936,2,7
1780,1780,1780,1781,5,418.9760751,93.46134961,96.48907145,28,0,43,154,34.85195339,0,0
1781,1781,1781,1782,7,123.6021291,76.58183544,74.30151382,21,1,56,106,33.75325102,1,9
1782,1782,1782,1783,9,277.1560256,87.45436782,90.23611409,60,1,59,144,31.86719972,2,9
1783,1783,1783,1784,1,261.9335967,59.25661822,62.26055941,21,1,52,144,19.87459842,0,5
1784,1784,1784,1785,0,282.508893,58.03342033,55.96927494,46,0,27,166,19.11939826,0,9
1785,1785,1785,1786,2,288.3883351,69.08353831,70.29436284,56,0,38,123,22.50907003,0,7
1786,1786,1786,1787,3,248.4475021,88.16553085,87.71028604,20,0,28,138,33.03728093,2,5
1787,1787,1787,1788,4,261.1505112,91.30218888,93.1986367,60,1,23,141,25.72857371,1,1
1788,1788,1788,1789,1,397.0394351,73.26379289,76.78626942,50,0,56,115,22.27028227,2,8
1789,1789,1789,1790,1,338.1532164,56.13132116,53.64484622,31,0,34,121,28.04711312,2,7
1790,1790,1790,1791,4,350.3191536,75.77292142,71.05491838,26,0,39,145,24.32374362,1,5
1791,1791,1791,1792,8,316.7888067,65.46233308,65.28614127,40,1,30,141,23.07684229,0,3
1792,1792,1792,1793,8,203.3477919,84.81149209,89.30904069,49,1,54,104,20.11239573,0,9
1793,1793,1793,1794,5,358.6804842,88.12135971,89.13384129,31,1,52,141,20.25306898,1,2
1794,1794,1794,1795,8,262.0552065,83.73610523,79.22714621,54,0,20,125,33.16332944,0,0
1795,1795,1795,1796,0,138.7971393,93.80985957,92.035837,36,1,22,110,24.33746098,0,5
1796,1796,1796,1797,7,169.512364,81.30668408,81.3850691,49,1,22,167,29.58388847,2,3
1797,1797,1797,1798,3,255.5196144,96.17099813,98.10743615,59,0,43,113,26.96936011,2,7
1798,1798,1798,1799,7,460.2109374,59.65923952,60.10184802,60,1,47,171,21.13069865,0,6
1799,1799,1799,1800,9,359.0214068,60.53333751,55.65729679,20,1,58,153,28.72009858,2,6
1800,1800,1800,1801,6,400.4085129,96.61424787,94.52242824,52,1,59,132,32.14448427,2,2
1801,1801,1801,1802,9,441.6333932,56.47468298,52.9431442,33,1,53,116,19.51630264,0,4
1802,1802,1802,1803,4,360.4108797,75.34633418,73.48216508,60,1,44,110,25.34225333,1,1
1803,1803,1803,1804,3,158.3249996,57.79350835,61.35455274,47,0,57,144,18.81002061,0,5
1804,1804,1804,1805,9,154.5096905,97.58620747,93.942499,42,1,60,144,24.04627149,1,1
1805,1805,1805,1806,5,436.6601355,93.9245421,89.77107461,60,0,50,146,20.5839799,0,5
1806,1806,1806,1807,5,460.5198913,62.85577992,64.7623569,48,1,55,172,28.93345682,0,4
1807,1807,1807,1808,1,196.2013048,71.09438731,71.80584951,39,0,33,101,30.60402539,1,1
1808,1808,1808,1809,9,404.2744931,74.41333063,76.29754136,48,0,28,155,27.0136228,2,3
1809,1809,1809,1810,6,290.4645595,57.555091,56.71651784,47,0,46,137,33.8182362,0,8
1810,1810,1810,1811,4,187.3275303,95.01669302,92.18689995,51,1,45,106,29.91361556,0,4
1811,1811,1811,1812,1,233.098552,56.12486789,60.374949,38,1,33,167,33.05159047,0,7
1812,1812,1812,1813,6,238.1146293,85.88088918,86.92773606,24,1,37,176,27.08190102,0,6
1813,1813,1813,1814,0,398.8834469,80.70019078,80.79942978,51,1,25,135,31.37043892,1,0
1814,1814,1814,1815,0,187.2908695,79.96034642,79.97882822,37,0,23,150,29.86695801,1,1
1815,1815,1815,1816,0,261.0401858,65.84681146,63.7062215,45,1,28,175,22.04150856,2,4
1816,1816,1816,1817,8,430.0216392,96.79235422,94.98455937,33,1,32,113,30.20508986,2,6
1817,1817,1817,1818,5,413.1880336,78.35130014,79.17088564,55,0,26,104,30.56505783,0,2
1818,1818,1818,1819,1,185.8681843,84.11276424,84.97225537,54,0,56,143,31.20831146,1,6
1819,1819,1819,1820,5,343.0040866,92.89860912,90.73371745,38,0,55,150,24.12677886,1,0
1820,1820,1820,1821,7,200.4329559,61.35161502,56.58438054,49,0,55,117,22.3131664,2,5
1821,1821,1821,1822,5,451.8166411,58.81915233,55.49540968,57,0,21,124,29.32251499,2,2
1822,1822,1822,1823,4,141.3407022,56.94181881,53.26161612,49,1,38,143,26.36859337,2,3
1823,1823,1823,1824,0,283.5204593,57.46059735,60.54549292,28,1,47,174,34.52402187,2,2
1824,1824,1824,1825,9,267.569776,85.93012886,89.49120938,39,0,45,100,29.24268416,1,8
1825,1825,1825,1826,6,266.46419,80.06984103,81.05248717,60,1,32,150,31.21338427,2,2
1826,1826,1826,1827,0,380.8383269,97.30618364,92.5647769,60,0,28,143,28.66875003,1,9
1827,1827,1827,1828,5,252.7770888,50.23143296,54.27365873,22,0,35,179,26.40010786,1,2
1828,1828,1828,1829,4,281.5898409,87.67649298,89.24457587,35,0,41,175,33.43751831,2,2
1829,1829,1829,1830,3,407.7981292,85.03740353,82.86037785,40,1,49,112,33.99997577,0,7
1830,1830,1830,1831,6,272.3372755,77.320157,75.84617198,50,0,53,104,32.51175435,1,4
1831,1831,1831,1832,8,247.5608078,92.44261304,91.51107501,39,0,60,171,29.34823962,2,2
1832,1832,1832,1833,5,229.3826862,68.10227017,65.91042862,29,1,27,109,32.93851267,2,2
1833,1833,1833,1834,2,366.1027395,65.47741521,65.08150587,18,1,25,103,29.98034521,1,6
1834,1834,1834,1835,2,455.8084175,55.48453233,53.83978928,51,1,38,150,27.17760804,1,3
1835,1835,1835,1836,5,368.9604583,56.6970989,57.57597215,60,1,54,175,19.12986855,0,2
1836,1836,1836,1837,9,162.4463073,86.2486932,87.7573401,42,1,54,139,24.33448169,0,7
1837,1837,1837,1838,1,279.0723746,83.37778821,86.93513277,34,1,54,104,28.15567171,2,5
1838,1838,1838,1839,2,277.3164111,93.17042315,94.3279344,43,1,21,104,22.63004194,0,8
1839,1839,1839,1840,1,339.6100781,77.99154278,81.23400783,60,1,50,146,21.16444615,2,0
1840,1840,1840,1841,5,229.5626864,91.41809022,87.13888885,46,1,45,105,20.63215287,2,8
1841,1841,1841,1842,6,364.8481018,53.23987601,50.25996455,22,1,56,135,32.9499081,1,9
1842,1842,1842,1843,1,493.7323614,63.59821031,59.21696741,31,0,28,112,20.41336821,0,2
1843,1843,1843,1844,8,313.9096966,61.38709877,57.33570352,53,0,48,172,29.20340682,0,9
1844,1844,1844,1845,1,467.1967303,53.01359002,49.57697245,53,0,30,179,33.72597988,0,1
1845,1845,1845,1846,3,285.8706719,89.47776542,92.89131954,59,0,32,112,20.7514797,1,3
1846,1846,1846,1847,6,165.1622727,84.99171885,89.76061641,33,1,31,138,24.13692125,2,0
1847,1847,1847,1848,9,154.596689,84.3686022,82.98393518,49,0,45,120,24.99902603,2,0
1848,1848,1848,1849,7,489.0159906,65.19331106,68.91817759,58,0,49,111,32.55046651,0,8
1849,1849,1849,1850,6,291.4017022,85.90077975,87.39475508,60,1,29,107,21.93100209,0,6
1850,1850,1850,1851,8,208.968565,75.33354003,73.4808653,52,1,30,151,33.30764591,2,0
1851,1851,1851,1852,8,348.5863746,68.66047387,70.14406985,31,0,46,140,32.8540763,0,2
1852,1852,1852,1853,0,107.0029498,78.5924517,80.74641793,19,1,49,162,26.45571866,0,3
1853,1853,1853,1854,0,414.1984034,62.37475564,59.74080104,59,0,55,141,20.80620652,1,0
1854,1854,1854,1855,7,310.8765341,70.98394525,70.39180541,56,0,57,112,34.87182365,1,1
1855,1855,1855,1856,3,347.7725662,82.76158044,86.51490559,24,0,41,113,22.0141175,1,3
1856,1856,1856,1857,6,390.4282826,87.67716642,89.02869301,55,1,53,115,33.4499668,2,5
1857,1857,1857,1858,9,404.6722356,82.809769,82.15471338,33,0,46,134,33.73465277,0,8
1858,1858,1858,1859,7,221.8238307,61.441313,61.93251043,29,0,50,134,24.31710277,0,3
1859,1859,1859,1860,2,396.8767818,70.48394001,67.44328693,57,0,47,154,25.14307275,0,5
1860,1860,1860,1861,5,221.9089667,57.48322275,56.6219872,48,1,23,116,24.91434831,1,6
1861,1861,1861,1862,8,351.5516702,98.44232045,98.80332548,26,1,55,176,27.4032528,1,7
1862,1862,1862,1863,5,442.4141592,89.34864894,94.2726263,37,1,55,157,30.14895287,2,0
1863,1863,1863,1864,8,431.7522064,52.47304244,49.75167273,56,0,23,176,27.91316091,0,4
1864,1864,1864,1865,8,126.541071,97.92219337,101.5862428,48,0,33,139,27.87067244,1,5
1865,1865,1865,1866,8,171.4694413,79.87757918,78.26803076,45,0,36,178,32.00968738,2,4
1866,1866,1866,1867,5,292.6101098,78.44061857,81.03840198,28,0,32,144,23.09537934,0,3
1867,1867,1867,1868,7,145.3904222,67.58925278,67.27788927,30,1,49,121,24.26185382,1,4
1868,1868,1868,1869,3,245.126491,80.83874517,78.84310721,34,1,28,162,20.38368419,2,3
1869,1869,1869,1870,2,495.3646605,64.30297304,67.85742535,22,1,36,108,21.25349935,0,7
1870,1870,1870,1871,1,433.5608747,52.01181031,53.49448637,56,0,24,114,20.24144309,1,3
1871,1871,1871,1872,0,453.3057317,57.54409769,59.6529611,27,0,39,115,29.62935578,0,5
1872,1872,1872,1873,4,274.7056527,77.58999283,75.54743055,46,1,24,142,25.87854114,0,9
1873,1873,1873,1874,1,352.1540153,54.34593088,55.55916,29,0,37,101,31.06103148,1,1
1874,1874,1874,1875,7,162.9401304,73.7631763,72.916145,44,0,50,130,21.59533754,1,9
1875,1875,1875,1876,0,351.8320223,96.40951448,98.64027939,41,0,58,131,18.60692468,0,6
1876,1876,1876,1877,4,253.8191443,96.82707217,97.78098349,25,0,29,176,34.22197702,1,3
1877,1877,1877,1878,4,488.4393554,85.78175797,88.70372233,21,1,32,116,26.7734573,0,0
1878,1878,1878,1879,7,140.1950353,77.9727009,82.36895683,55,1,45,100,32.95995836,1,3
1879,1879,1879,1880,1,461.0078607,50.92984093,47.72208622,59,1,41,160,18.72846283,2,6
1880,1880,1880,1881,3,188.9463597,50.93596961,52.5903601,30,1,52,162,30.97940989,2,9
1881,1881,1881,1882,9,257.6815211,72.47556342,72.62125095,41,0,56,156,21.29014075,1,6
1882,1882,1882,1883,2,487.4694664,57.57520091,56.34370966,49,0,57,147,24.94946656,1,9
1883,1883,1883,1884,1,444.6844805,68.42793897,64.56544446,29,1,43,156,34.5251792,0,3
1884,1884,1884,1885,0,100.8684954,63.95258053,67.78440203,45,0,57,109,26.92572855,0,4
1885,1885,1885,1886,5,319.9169524,70.64189665,66.83822279,23,1,43,156,34.17889455,2,5
1886,1886,1886,1887,4,496.4984639,59.82257953,58.21480424,47,1,31,142,24.27969268,0,0
1887,1887,1887,1888,5,257.9478451,97.19937666,92.85490012,59,1,53,156,21.86479405,1,3
1888,1888,1888,1889,3,167.6419803,72.83626281,77.33163621,35,0,48,159,20.99193128,1,3
1889,1889,1889,1890,0,184.2698428,79.24804722,83.03786532,56,1,59,110,20.05923799,1,3
1890,1890,1890,1891,6,175.2316234,80.69397175,83.47431107,25,0,37,146,21.51102523,2,4
1891,1891,1891,1892,6,332.3911472,64.56828423,64.30608465,26,0,56,178,22.18158951,0,5
1892,1892,1892,1893,9,356.2271813,88.23001579,91.70978273,44,1,22,125,18.53420823,2,4
1893,1893,1893,1894,8,227.4248284,86.72551361,89.12682803,59,0,45,108,20.97211588,1,9
1894,1894,1894,1895,0,188.5042543,89.11503817,90.24362819,45,0,33,169,31.40985642,2,7
1895,1895,1895,1896,4,110.6568241,88.02287203,92.48096019,54,0,21,120,29.3392887,0,9
1896,1896,1896,1897,4,195.9820696,60.1379242,57.86426289,37,0,52,173,23.23276867,2,7
1897,1897,1897,1898,2,448.4620367,68.01890755,69.65827417,47,0,46,158,25.83806728,0,0
1898,1898,1898,1899,2,229.3171033,91.57315667,91.72849008,29,1,59,146,26.53330377,0,8
1899,1899,1899,1900,4,219.3226974,92.80313162,88.30367625,58,1,35,138,26.36235842,2,3
1900,1900,1900,1901,8,301.6103051,77.38241309,80.74078521,53,1,56,127,32.46857245,2,3
1901,1901,1901,1902,4,234.6611155,86.24623249,84.13846763,54,1,29,136,24.84276138,2,8
1902,1902,1902,1903,2,446.3591219,64.55530958,61.21529493,25,1,21,102,33.51356607,0,2
1903,1903,1903,1904,8,166.8591108,68.63534762,73.25204853,34,1,34,159,20.81265637,2,3
1904,1904,1904,1905,9,371.3385009,82.8739649,81.24656289,27,1,42,142,20.16697404,2,1
1905,1905,1905,1906,6,346.9100408,53.81396201,55.24160429,49,0,57,102,33.56775935,2,9
1906,1906,1906,1907,5,205.9341581,98.69894108,100.4420884,43,0,33,171,23.77147207,0,9
1907,1907,1907,1908,3,174.4341652,84.97814128,82.87452664,27,0,40,155,19.93455067,2,2
1908,1908,1908,1909,1,373.984122,68.26149941,67.41527439,29,0,53,134,33.05758274,0,3
1909,1909,1909,1910,6,467.6255897,62.27221939,65.36599372,53,0,34,125,34.5866025,1,7
1910,1910,1910,1911,1,184.9877761,60.97733537,61.0048155,37,1,50,134,27.15660399,2,4
1911,1911,1911,1912,7,354.0665441,58.33866239,61.36136412,38,1,45,126,34.58203461,0,9
1912,1912,1912,1913,7,411.9519025,73.99489908,69.36312533,34,1,26,113,20.43374846,2,2
1913,1913,1913,1914,5,386.1743124,71.10323183,71.87096904,45,1,38,180,24.38081043,0,2
1914,1914,1914,1915,0,437.4883727,72.7799042,77.23280248,41,0,57,172,34.40566056,0,7
1915,1915,1915,1916,4,368.9242802,91.79545463,96.04381866,58,0,33,164,31.92007243,0,0
1916,1916,1916,1917,8,252.6042781,77.1745401,77.57778925,44,0,58,177,24.87972741,1,2
1917,1917,1917,1918,0,120.2141397,81.31700603,83.90736775,27,1,20,122,20.07507597,0,3
1918,1918,1918,1919,5,367.7137024,98.54537021,102.4172466,26,1,52,111,23.20651296,1,4
1919,1919,1919,1920,6,213.7896546,71.47696625,71.28227375,56,0,57,171,31.8217118,0,9
1920,1920,1920,1921,2,387.8673745,50.38858336,53.50872262,47,1,57,179,29.90304404,0,4
1921,1921,1921,1922,6,122.6055295,96.40661926,95.2817639,23,1,29,138,27.61126103,0,6
1922,1922,1922,1923,1,219.2890719,57.01273038,59.81664423,24,0,43,170,31.41961858,1,7
1923,1923,1923,1924,1,448.2965283,76.52366117,81.23225784,26,0,23,152,32.12580149,1,4
1924,1924,1924,1925,8,218.9904081,60.9173878,64.67101433,58,1,50,127,26.38898643,0,9
1925,1925,1925,1926,5,101.7444717,95.67900311,94.03374607,42,0,46,163,24.60681338,0,1
1926,1926,1926,1927,5,351.0508819,72.54538771,76.22295145,33,0,22,166,22.3220503,2,3
1927,1927,1927,1928,2,330.2709081,53.31580175,54.53766089,59,0,53,180,27.88020182,1,3
1928,1928,1928,1929,7,462.6831417,96.75158206,99.18585579,39,1,25,122,32.17668213,2,3
1929,1929,1929,1930,3,134.5275247,77.04739857,73.46049646,19,0,23,174,30.35743188,0,2
1930,1930,1930,1931,8,231.1240767,50.44488621,48.81888776,40,0,23,133,31.21749486,0,2
1931,1931,1931,1932,3,401.9758,64.01867838,62.16053049,53,1,41,165,29.02076238,0,6
1932,1932,1932,1933,1,384.8919567,62.47602078,65.82563516,39,0,21,111,22.80365486,0,2
1933,1933,1933,1934,1,383.8534335,77.41228347,75.59970958,48,0,52,139,19.78279574,0,7
1934,1934,1934,1935,8,160.237449,65.84758371,67.13584137,44,1,54,154,25.57467983,1,4
1935,1935,1935,1936,9,362.3052264,70.00448003,66.82212989,35,0,50,163,29.69310643,2,7
1936,1936,1936,1937,7,123.6693558,51.07707091,55.39644701,35,0,53,178,22.08939392,1,7
1937,1937,1937,1938,1,263.4925775,52.35938183,47.66885628,46,0,47,159,23.87666262,2,1
1938,1938,1938,1939,0,215.7207755,67.3798791,66.59065778,31,1,20,113,26.50119664,1,4
1939,1939,1939,1940,9,458.9692603,85.88925663,86.22627576,41,0,49,134,28.58901962,1,5
1940,1940,1940,1941,7,369.2738571,92.97825019,93.53105372,18,0,59,164,28.93927103,1,3
1941,1941,1941,1942,6,482.4543114,72.13236612,74.57077724,31,0,51,137,33.84199324,2,7
1942,1942,1942,1943,8,457.0371919,54.82241721,50.91634171,29,1,57,106,34.64697818,0,1
1943,1943,1943,1944,2,234.3926588,80.15658462,82.16182034,35,0,60,138,27.02187392,0,9
1944,1944,1944,1945,7,138.668506,85.41735423,90.07388225,33,0,31,165,23.2831181,2,4
1945,1945,1945,1946,8,100.7178569,58.65899556,56.57887281,59,1,50,136,34.2462082,0,5
1946,1946,1946,1947,1,233.5024908,59.8375866,59.71752819,30,1,28,103,26.39472248,1,6
1947,1947,1947,1948,5,236.8573714,87.35263414,83.99120835,33,1,42,134,18.53104085,2,9
1948,1948,1948,1949,0,227.3621901,72.93511957,70.57906713,22,0,58,119,21.9719828,1,0
1949,1949,1949,1950,0,393.4162375,56.43285356,52.48979435,42,0,33,163,18.58828878,0,7
1950,1950,1950,1951,6,282.7270359,61.13946678,59.38201253,39,1,43,159,27.57138902,2,4
1951,1951,1951,1952,6,420.6369734,94.65907581,99.59644199,20,0,53,167,23.8542231,0,5
1952,1952,1952,1953,4,168.9529976,68.18663787,70.34430386,53,1,25,120,23.47817214,0,8
1953,1953,1953,1954,6,108.0144688,59.54585055,62.98279582,25,0,27,180,20.80325625,0,4
1954,1954,1954,1955,0,307.5801751,89.02683988,92.93643411,25,1,21,145,31.22888887,1,9
1955,1955,1955,1956,8,259.5344658,87.74999322,86.44406157,48,1,57,140,29.10107008,0,6
1956,1956,1956,1957,0,498.5405894,58.22736952,60.0324772,55,1,40,110,18.82894568,1,9
1957,1957,1957,1958,3,342.716369,54.49603793,56.25329753,59,1,28,128,26.80802648,0,0
1958,1958,1958,1959,0,253.0043926,83.12906976,81.14328683,22,0,51,179,22.96047089,0,3
1959,1959,1959,1960,6,356.2250726,87.1725366,89.07369162,36,0,39,149,32.01162044,2,7
1960,1960,1960,1961,4,492.9016987,65.95184038,61.37836219,32,1,36,152,30.17691455,1,6
1961,1961,1961,1962,2,275.2511357,67.31614423,63.95453395,53,1,27,157,32.06566434,2,4
1962,1962,1962,1963,5,140.1048522,59.35193783,59.27615593,50,1,22,145,21.09574533,0,3
1963,1963,1963,1964,6,383.1849587,67.65998604,67.05911146,48,0,29,157,31.33217407,1,4
1964,1964,1964,1965,9,246.7573461,79.04164683,76.26721007,57,0,27,102,21.01342312,1,6
1965,1965,1965,1966,8,269.1750075,87.19382253,87.19956869,50,1,38,134,27.17568678,0,0
1966,1966,1966,1967,8,123.5748036,96.7453565,95.09584329,45,1,40,145,19.56238993,2,7
1967,1967,1967,1968,2,451.7753986,71.32370868,74.17975518,21,0,24,129,31.61992112,0,2
1968,1968,1968,1969,7,240.7529335,89.69263792,90.12878087,43,0,52,144,33.03987819,1,5
1969,1969,1969,1970,2,351.4324555,80.50171134,81.82497143,51,0,50,138,34.58978993,0,2
1970,1970,1970,1971,8,256.26433,73.64197236,75.2980923,52,1,55,100,32.85971133,1,1
1971,1971,1971,1972,1,388.8506434,73.46910616,69.84521761,47,0,35,148,24.08663286,0,2
1972,1972,1972,1973,7,223.9058222,68.35735825,66.1439978,34,0,45,118,29.57871024,0,6
1973,1973,1973,1974,2,414.0016424,50.44497718,49.15222133,42,0,35,113,22.11208404,1,0
1974,1974,1974,1975,2,276.6294937,52.31885506,56.58047703,27,1,27,172,21.71666288,0,6
1975,1975,1975,1976,4,338.0904496,89.32135887,90.05452953,31,0,46,133,22.81841143,2,6
1976,1976,1976,1977,1,160.6542107,54.42068795,55.11520862,42,1,57,163,23.57783251,0,3
1977,1977,1977,1978,8,483.4084839,74.12497888,74.51074826,37,0,56,142,19.95756462,0,6
1978,1978,1978,1979,2,383.9041513,80.14316089,75.94892225,36,0,30,141,25.25462745,1,6
1979,1979,1979,1980,8,314.7545912,61.80924954,58.94352387,33,0,46,107,22.829192,0,0
1980,1980,1980,1981,3,143.5650303,56.65848011,59.49324039,47,1,49,140,31.1099449,2,2
1981,1981,1981,1982,1,138.6509707,96.14480365,94.28307247,31,1,35,122,26.28162249,0,2
1982,1982,1982,1983,7,369.2355744,53.83731515,54.21700123,19,1,35,114,24.08819529,1,2
1983,1983,1983,1984,5,376.4426658,54.82474274,57.31197439,54,1,41,160,28.65834863,1,4
1984,1984,1984,1985,5,167.8886308,80.6726463,79.47036226,31,1,52,122,22.36732482,2,7
1985,1985,1985,1986,9,115.6924474,55.8485196,51.72946006,30,1,39,105,25.02860138,2,3
1986,1986,1986,1987,6,494.7120011,87.48619378,86.69774794,21,0,41,134,26.25791756,0,1
1987,1987,1987,1988,5,495.1978699,91.90168296,94.28574608,55,0,52,150,32.71061471,0,3
1988,1988,1988,1989,1,387.6215106,63.70873758,65.70618224,35,1,36,106,30.6006848,1,5
1989,1989,1989,1990,9,422.3374176,63.25654253,67.56387277,56,1,44,130,29.13459445,1,5
1990,1990,1990,1991,7,185.5302279,73.89460413,78.27216895,29,1,23,113,19.13616352,1,7
1991,1991,1991,1992,4,375.2503434,83.16495089,84.6323345,51,1,54,164,25.27223904,0,8
1992,1992,1992,1993,5,284.2239473,81.82473676,77.13107675,25,0,39,123,21.5812823,1,1
1993,1993,1993,1994,9,352.2344388,71.23034355,67.44997375,21,0,27,171,31.16443631,1,1
1994,1994,1994,1995,1,293.3725776,84.8378568,84.72072678,52,1,49,155,23.88052958,0,0
1995,1995,1995,1996,5,203.6853705,84.99402307,80.19809831,38,0,20,142,33.67636977,1,4
1996,1996,1996,1997,9,101.872911,79.8974561,79.17686128,55,1,55,160,19.18770837,1,8
1997,1997,1997,1998,9,337.631618,87.55882417,83.0002891,18,1,20,101,31.75585532,0,0
1998,1998,1998,1999,3,463.5143716,82.81110151,84.68811259,60,0,23,126,21.21039862,1,1
1999,1999,1999,2000,8,167.5062802,72.59756969,72.98549279,29,0,46,154,22.44015472,2,2
2000,2000,2000,2001,4,302.6640703,64.13426326,61.70099282,22,0,51,172,19.798414,0,5
2001,2001,2001,2002,3,114.4710139,79.11718739,78.28118885,48,0,28,135,24.19574581,0,8
2002,2002,2002,2003,1,106.9069792,99.76840021,94.78132231,57,0,56,122,34.13315506,2,9
2003,2003,2003,2004,1,451.555927,79.10871987,75.18404823,43,0,36,102,19.8821009,2,1
2004,2004,2004,2005,5,420.7294961,79.48247931,79.24879205,60,0,25,120,21.57844021,1,4
2005,2005,2005,2006,0,360.2778566,90.06436144,88.6270872,60,0,57,162,27.46819757,0,8
2006,2006,2006,2007,5,329.810828,66.78165493,66.81452974,34,1,24,133,32.93762043,1,7
2007,2007,2007,2008,7,315.6678535,98.21538704,102.4756106,50,0,40,158,23.7029694,1,9
2008,2008,2008,2009,8,120.5697025,67.09141274,62.99614094,39,0,33,125,22.74102915,2,3
2009,2009,2009,2010,3,472.815435,69.25054216,67.7102489,26,0,44,100,19.29995844,1,8
2010,2010,2010,2011,4,270.6279639,94.19623548,91.39055976,59,1,60,152,23.18168808,0,3
2011,2011,2011,2012,6,470.2438232,91.88032695,90.4449938,38,1,22,159,33.26988063,0,6
2012,2012,2012,2013,4,102.8576658,89.73350779,86.0291398,26,1,54,126,22.78370036,1,0
2013,2013,2013,2014,7,248.2525269,99.88647916,101.4044086,42,0,27,177,34.7439156,0,0
2014,2014,2014,2015,7,120.9252721,91.17724754,92.6094685,48,1,31,157,26.42690182,1,0
2015,2015,2015,2016,8,346.8254135,85.10418906,85.11812874,31,0,38,141,33.18660028,0,4
2016,2016,2016,2017,8,278.2460024,85.5533964,84.42587713,22,0,30,144,21.70732791,1,7
2017,2017,2017,2018,1,102.3126858,84.02326554,82.53935573,43,0,56,119,26.89479494,0,9
2018,2018,2018,2019,4,463.2543687,98.2690221,98.91160476,20,1,52,149,29.08271802,2,9
2019,2019,2019,2020,8,322.2356464,86.76815316,88.73922006,44,1,47,124,30.47736063,0,3
2020,2020,2020,2021,8,139.1077441,86.03859795,85.37682433,37,0,26,167,27.51228182,0,3
2021,2021,2021,2022,7,460.8590633,93.81287902,93.7768032,55,1,35,115,19.34918949,0,8
2022,2022,2022,2023,4,276.4004581,75.69043183,76.50688041,43,1,33,155,20.95977343,1,2
2023,2023,2023,2024,2,347.1413232,68.26855242,64.91428101,45,1,60,149,33.90418381,0,2
2024,2024,2024,2025,9,294.3652473,59.42547758,56.25843078,60,0,54,105,33.67862301,2,6
2025,2025,2025,2026,0,461.5467069,69.06266166,71.41355019,24,1,21,156,26.82160285,1,2
2026,2026,2026,2027,9,486.9450237,97.6663883,94.06183354,53,0,27,115,30.45852704,1,4
2027,2027,2027,2028,3,389.4322741,60.03728079,59.83635406,60,0,57,132,18.57481225,0,7
2028,2028,2028,2029,7,133.3429861,51.60830363,46.9708587,46,1,55,162,22.61868419,2,4
2029,2029,2029,2030,1,484.5370547,62.66483958,57.6924188,19,0,45,168,31.23324753,2,9
2030,2030,2030,2031,6,215.6968227,64.63265372,62.32411596,21,0,48,158,32.40226103,0,7
2031,2031,2031,2032,4,387.1557318,70.10453239,69.29546955,45,1,31,123,24.90959313,0,7
2032,2032,2032,2033,7,327.7102546,78.00380102,76.18177634,49,0,29,145,31.86255868,2,6
2033,2033,2033,2034,8,195.0007507,82.39776199,82.2062656,40,1,40,113,29.47067708,0,6
2034,2034,2034,2035,6,196.3573068,89.91225322,94.52228868,46,0,59,161,21.73408918,2,5
2035,2035,2035,2036,7,489.3869641,82.75989288,81.94464576,30,1,47,117,30.15216969,1,2
2036,2036,2036,2037,6,215.4116099,56.69698032,56.29292382,24,1,57,159,25.5293098,2,2
2037,2037,2037,2038,6,400.9198717,78.18501277,83.03757149,33,0,56,113,19.5316931,2,5
2038,2038,2038,2039,9,112.7455327,62.97446613,63.73142868,25,0,40,116,34.56886442,1,8
2039,2039,2039,2040,0,391.5811095,65.13307799,70.0459141,32,1,56,123,29.3886527,0,6
2040,2040,2040,2041,9,401.718252,94.20368922,98.10842513,33,0,46,124,24.10878563,2,3
2041,2041,2041,2042,5,255.9553121,81.92361022,78.55220319,20,1,55,167,29.30702055,0,7
2042,2042,2042,2043,7,301.9870095,53.26421396,58.07433612,34,0,28,139,29.65132813,1,1
2043,2043,2043,2044,4,213.4655283,88.86370108,85.45109247,58,1,32,120,18.6051808,1,9
2044,2044,2044,2045,7,281.558876,77.68614703,81.90088586,55,1,50,176,25.87470753,1,8
2045,2045,2045,2046,0,295.5789934,76.93134568,77.79523007,41,0,38,113,24.2620957,2,3
2046,2046,2046,2047,0,262.9891329,92.92609585,93.26201439,31,0,58,112,30.48539424,0,6
2047,2047,2047,2048,0,166.4834985,87.12492404,84.4285092,54,0,26,162,27.87158975,2,7
2048,2048,2048,2049,6,470.6676842,65.39247189,68.2515151,46,0,20,156,23.74871843,1,3
2049,2049,2049,2050,2,141.4859094,66.49849157,70.63978492,26,0,49,156,23.00600917,1,5
2050,2050,2050,2051,2,384.159716,78.1045065,73.28227615,40,1,40,117,22.15731412,0,2
2051,2051,2051,2052,0,368.8925747,85.5300918,87.59873432,46,1,35,134,28.26706605,1,7
2052,2052,2052,2053,6,345.6599902,60.0512412,56.85784501,35,0,45,100,28.7814618,1,1
2053,2053,2053,2054,6,211.4793867,92.15783949,96.68467698,35,0,24,176,26.62949226,0,2
2054,2054,2054,2055,6,402.028129,83.5614178,79.30391571,44,1,32,144,18.79736358,0,7
2055,2055,2055,2056,8,304.229897,51.57956692,56.41096323,60,1,57,166,21.55094154,1,6
2056,2056,2056,2057,2,268.2768509,68.21031655,65.97415081,26,0,27,107,25.02733945,1,4
2057,2057,2057,2058,8,277.6702516,87.44370759,83.28287893,47,0,42,177,25.67483246,0,3
2058,2058,2058,2059,7,160.5967613,72.86978928,75.25532039,49,0,40,167,31.9653375,1,5
2059,2059,2059,2060,2,204.9509632,57.67399461,54.04511327,56,0,33,162,24.34568214,0,9
2060,2060,2060,2061,7,361.4155942,88.6546216,85.04830172,45,1,27,162,27.22236755,1,8
2061,2061,2061,2062,3,335.2585517,73.35469624,70.5689889,24,0,56,110,19.31830211,2,6
2062,2062,2062,2063,0,239.3994884,59.77813233,55.9530958,23,0,40,123,29.21374482,2,3
2063,2063,2063,2064,5,467.4067099,69.81159555,67.03278968,49,0,60,143,29.32348027,2,6
2064,2064,2064,2065,6,418.4258702,60.51344847,64.61910125,58,1,54,113,34.56071323,2,5
2065,2065,2065,2066,0,323.0812155,83.37644031,82.11472351,18,1,30,119,23.91238966,1,5
2066,2066,2066,2067,4,428.5186471,63.18687716,64.34991803,37,0,26,108,30.98355459,0,5
2067,2067,2067,2068,1,200.0076719,95.96861838,100.2129667,37,0,23,148,26.39405656,1,0
2068,2068,2068,2069,3,292.0736244,53.46516945,52.25417717,32,1,37,148,30.19656671,0,8
2069,2069,2069,2070,1,287.7812795,96.63773475,97.6694807,43,0,49,107,31.19088161,1,3
2070,2070,2070,2071,4,136.3692718,67.26322024,64.14557862,19,1,58,165,30.49883251,2,2
2071,2071,2071,2072,7,407.3212426,66.67695425,70.20409916,21,0,27,135,23.96841504,0,6
2072,2072,2072,2073,0,241.2274433,51.23802759,55.52349866,49,1,27,144,24.01118987,0,3
2073,2073,2073,2074,7,374.7160736,91.94370217,95.12726219,46,0,48,156,30.87172504,2,0
2074,2074,2074,2075,7,115.9977643,78.06265214,80.83411556,51,1,21,107,23.25731976,1,3
2075,2075,2075,2076,3,334.1399692,88.93988454,90.30432632,60,0,45,115,32.7132934,1,6
2076,2076,2076,2077,3,200.9843311,60.37840857,60.18316016,58,1,21,149,30.31093283,0,1
2077,2077,2077,2078,3,121.7013216,99.00138704,101.6892061,23,0,35,159,19.08618588,2,4
2078,2078,2078,2079,6,221.1743619,66.14100694,69.67950349,38,0,37,151,29.32702084,2,9
2079,2079,2079,2080,9,218.9452676,98.65341663,101.9288637,45,1,22,178,33.88800279,2,2
2080,2080,2080,2081,2,231.9561507,88.39106374,88.90843268,51,1,48,144,31.87395905,1,5
2081,2081,2081,2082,0,384.7837474,58.20403561,55.9117665,47,0,47,113,19.76512587,1,5
2082,2082,2082,2083,9,438.4467754,85.54372364,82.43995462,57,1,36,177,27.61480449,2,1
2083,2083,2083,2084,2,223.1888352,81.23755291,84.27107679,27,0,24,135,24.1112524,1,1
2084,2084,2084,2085,7,353.5993111,56.16043357,54.57070549,36,0,24,101,30.79140456,1,9
2085,2085,2085,2086,7,499.1384247,81.33895028,83.13751586,36,1,24,144,19.16989153,2,9
2086,2086,2086,2087,1,408.0797593,81.34987521,79.58160912,18,0,58,137,25.10768759,0,1
2087,2087,2087,2088,0,314.354347,65.26412622,65.63471807,59,0,43,157,33.42479156,1,3
2088,2088,2088,2089,6,484.6897808,52.0098046,54.69386746,55,0,27,119,21.47421296,0,4
2089,2089,2089,2090,1,152.4064817,51.23350949,53.46756237,58,0,58,136,27.27848241,0,1
2090,2090,2090,2091,6,322.5235796,65.34297213,64.68349195,56,0,40,121,18.58726193,0,0
2091,2091,2091,2092,3,206.8063228,56.38290938,60.5257955,48,0,54,163,31.18756786,0,9
2092,2092,2092,2093,7,127.7219037,50.89589577,48.31726023,51,0,30,141,31.72815782,1,5
2093,2093,2093,2094,3,322.5061221,99.3864946,99.02284888,25,0,40,137,28.79783111,2,7
2094,2094,2094,2095,9,470.9066113,65.30964597,64.75248468,48,1,24,155,34.41568574,1,7
2095,2095,2095,2096,7,419.1744621,76.67000492,76.5410836,50,1,30,144,34.40102122,0,9
2096,2096,2096,2097,4,271.4078284,76.63625003,78.55137658,36,0,26,142,20.37023107,0,6
2097,2097,2097,2098,2,150.6729459,98.91396143,98.78569395,40,0,37,148,29.15532567,0,7
2098,2098,2098,2099,9,425.491413,82.93023131,80.7513969,34,0,48,105,28.74204834,0,6
2099,2099,2099,2100,0,239.7402976,65.62373399,64.54010181,26,0,36,158,22.10729189,1,3
2100,2100,2100,2101,0,414.3056969,52.04165213,52.36189201,25,0,40,139,27.57549452,0,9
2101,2101,2101,2102,1,239.9718459,92.49057304,91.34029251,49,1,23,153,28.81994194,1,8
2102,2102,2102,2103,2,368.8615585,87.68930908,86.67450534,44,1,52,112,24.45452992,0,7
2103,2103,2103,2104,7,445.1773622,99.33738463,94.64821145,47,0,23,180,32.37315253,0,8
2104,2104,2104,2105,6,447.8979526,80.2947637,80.91834771,52,1,51,104,20.88206221,0,3
2105,2105,2105,2106,4,357.9341628,57.51334655,60.13876505,48,0,33,135,21.83791321,0,7
2106,2106,2106,2107,6,133.5654372,90.5745729,91.49600919,28,1,42,175,20.64066157,0,1
2107,2107,2107,2108,2,457.9229305,71.49558227,74.19084442,18,1,56,134,23.6627035,0,7
2108,2108,2108,2109,4,483.597917,55.93215681,52.8500761,26,0,60,120,19.44335167,0,3
2109,2109,2109,2110,8,250.1955151,84.15656738,81.34745625,32,1,46,155,32.398793,1,4
2110,2110,2110,2111,8,389.858658,67.6023063,69.48349674,23,0,36,148,19.28211805,1,8
2111,2111,2111,2112,7,393.9871187,74.79998096,76.20975246,55,1,46,113,28.78267758,1,4
2112,2112,2112,2113,7,330.8314825,57.8128418,53.82133785,38,1,60,152,25.9207455,2,3
2113,2113,2113,2114,5,165.3100736,83.44268982,83.74851292,50,0,59,123,30.43115266,2,9
2114,2114,2114,2115,4,414.7770605,90.20819964,90.14080006,45,0,44,146,26.85498681,2,2
2115,2115,2115,2116,6,248.8897663,53.72029279,50.83897006,43,0,56,130,27.09447675,2,8
2116,2116,2116,2117,1,124.1567429,55.03915548,56.88739213,55,0,39,130,24.40349732,2,6
2117,2117,2117,2118,2,427.8276249,90.39550505,94.02309589,23,1,45,101,20.88016164,0,1
2118,2118,2118,2119,2,276.1068814,80.48716784,84.52870794,34,1,50,121,32.59142769,2,4
2119,2119,2119,2120,4,443.3648372,75.91608114,80.86948684,20,0,44,171,24.57070906,2,7
2120,2120,2120,2121,0,185.4454109,76.21813748,76.68967284,18,0,55,112,27.37858168,0,4
2121,2121,2121,2122,8,201.8065393,78.22379743,75.90835006,26,0,30,158,26.51702156,2,4
2122,2122,2122,2123,6,279.2599732,83.43868302,85.19482993,41,1,25,107,23.69713045,2,7
2123,2123,2123,2124,8,443.0954481,92.72055744,92.02552423,23,0,55,153,29.04820191,0,9
2124,2124,2124,2125,3,198.6155539,53.43303094,55.07973291,18,0,21,102,29.63558411,0,4
2125,2125,2125,2126,2,187.6977728,53.65249119,53.83473485,26,1,59,118,31.13777263,1,4
2126,2126,2126,2127,9,256.7073899,53.18757703,52.00562348,19,0,52,108,25.56309483,2,2
2127,2127,2127,2128,1,335.8698416,77.34406282,78.90471014,48,1,51,102,32.78197377,0,1
2128,2128,2128,2129,5,159.6234908,54.78376061,51.07982551,43,0,46,149,26.78388403,2,3
2129,2129,2129,2130,2,178.2041593,94.38109615,93.32709305,45,0,45,173,27.14492388,1,0
2130,2130,2130,2131,1,302.0645434,89.80930314,92.64123566,60,0,52,104,31.46231981,1,2
2131,2131,2131,2132,8,356.9236906,60.07553481,60.87514676,53,1,59,102,23.37686598,1,7
2132,2132,2132,2133,7,356.2054776,70.91971771,70.08276449,33,0,24,107,21.24117285,2,0
2133,2133,2133,2134,7,189.4447798,65.63508542,60.68752643,41,1,27,159,34.93778565,0,2
2134,2134,2134,2135,2,358.1780427,90.06889687,92.55075823,19,1,40,111,29.38723124,2,6
2135,2135,2135,2136,2,206.5555646,61.64244031,64.60269706,49,0,48,139,34.17470674,0,7
2136,2136,2136,2137,0,385.0062375,59.58084295,58.6321031,54,1,54,119,24.25488545,0,7
2137,2137,2137,2138,1,435.2651725,72.90939164,68.64055824,46,0,37,142,30.24514729,2,6
2138,2138,2138,2139,8,200.360237,69.87340812,68.76620842,40,1,48,120,31.03002995,1,8
2139,2139,2139,2140,6,124.2373971,86.16984589,88.87413696,18,1,32,118,29.17604008,1,4
2140,2140,2140,2141,1,128.0144317,55.95276201,60.93838515,20,1,24,168,25.63550796,0,9
2141,2141,2141,2142,1,279.4655147,51.34415829,51.58818817,23,0,24,140,23.93521028,2,5
2142,2142,2142,2143,6,386.5391288,70.93889149,68.48184352,37,0,23,112,24.17311372,2,7
2143,2143,2143,2144,2,401.3932332,72.3575572,69.89717741,43,1,23,146,34.93420446,2,8
2144,2144,2144,2145,7,497.3676688,79.95853418,83.7078864,22,0,47,121,26.44262261,0,7
2145,2145,2145,2146,0,371.2965597,95.49223288,98.63570819,38,1,26,114,19.55712197,2,0
2146,2146,2146,2147,5,276.7855474,93.9614241,92.23398909,37,1,40,139,33.85128276,1,1
2147,2147,2147,2148,3,404.8428995,62.03476829,60.20267247,52,1,39,112,21.07330031,1,8
2148,2148,2148,2149,7,140.4985871,69.87963197,72.98563785,25,0,44,150,27.25617633,2,3
2149,2149,2149,2150,8,113.0029591,88.20395961,91.55742607,58,0,45,164,31.07669526,2,7
2150,2150,2150,2151,6,259.9037576,51.21775875,47.8385805,34,0,58,104,31.44350695,0,7
2151,2151,2151,2152,9,377.489271,55.84670308,55.09511474,43,1,45,173,26.15110932,0,6
2152,2152,2152,2153,6,338.8712224,82.17165902,86.50998956,31,0,32,141,27.33853244,1,0
2153,2153,2153,2154,2,194.0462898,94.49482457,94.7937358,39,1,25,125,22.34384366,1,1
2154,2154,2154,2155,1,481.0866377,98.51724825,101.031008,20,0,36,125,23.39064822,2,2
2155,2155,2155,2156,0,463.6577721,79.64284691,84.09165629,60,0,38,100,32.07782043,1,2
2156,2156,2156,2157,9,131.9238758,58.6025855,62.18565111,26,1,27,141,26.59658565,1,0
2157,2157,2157,2158,6,294.6965348,92.96731363,93.09755403,55,0,44,127,27.76878037,1,8
2158,2158,2158,2159,0,307.688925,54.55550984,50.49803919,48,1,43,136,31.61737644,0,8
2159,2159,2159,2160,2,120.6652586,70.9963429,70.8459275,57,1,20,116,28.14934409,0,0
2160,2160,2160,2161,8,362.834136,77.87313874,77.26384719,20,0,34,103,34.94864081,0,6
2161,2161,2161,2162,1,260.3403533,75.46536521,78.94301208,59,1,35,162,24.76378198,2,1
2162,2162,2162,2163,5,178.5423258,95.1754413,95.25947767,41,0,39,135,28.0833546,2,7
2163,2163,2163,2164,4,396.9624619,90.36011689,88.59629901,36,0,59,103,21.13467091,1,1
2164,2164,2164,2165,4,152.9077902,73.23005891,77.67222111,51,1,50,138,30.16821626,1,1
2165,2165,2165,2166,4,389.4238377,96.75892978,96.57526376,60,0,44,151,33.07792401,0,2
2166,2166,2166,2167,2,203.2871279,71.85410477,70.98893771,18,1,26,122,28.75401143,0,5
2167,2167,2167,2168,4,184.1191619,63.62842711,66.59576866,34,0,41,176,28.61077609,1,9
2168,2168,2168,2169,8,204.1414126,79.32262456,82.01348264,46,0,55,148,29.69564355,0,6
2169,2169,2169,2170,7,389.6363292,68.51508834,71.87468036,42,1,44,150,28.30644451,1,5
2170,2170,2170,2171,8,297.2126265,74.75507383,70.08056565,35,1,22,123,26.1016313,2,8
2171,2171,2171,2172,0,337.6276473,54.78138987,51.51257994,40,1,42,113,26.86246833,0,5
2172,2172,2172,2173,6,352.7936551,92.57514401,96.8743614,44,1,34,154,23.7688451,1,5
2173,2173,2173,2174,0,286.6775038,87.24786655,85.13962652,26,1,44,105,23.83064866,2,6
2174,2174,2174,2175,4,194.2826039,83.60437826,87.09636509,33,0,49,104,19.27039845,2,7
2175,2175,2175,2176,9,136.0032824,50.19533407,49.81496481,36,1,38,170,26.42848815,0,8
2176,2176,2176,2177,0,205.9551451,56.30772948,59.35831383,40,0,25,119,31.31098548,2,5
2177,2177,2177,2178,3,122.8261735,78.90158448,79.87236037,46,0,52,128,19.54135358,1,2
2178,2178,2178,2179,3,498.8421841,90.12676708,90.94376792,24,0,43,124,31.50398522,0,4
2179,2179,2179,2180,9,344.3077558,84.03702475,85.49145591,46,1,52,124,32.7919021,2,2
2180,2180,2180,2181,5,319.39988,52.75798798,55.98196881,19,0,21,178,19.0688389,1,0
2181,2181,2181,2182,4,302.6028434,84.42458913,82.53766019,48,1,31,129,29.42284273,2,8
2182,2182,2182,2183,8,215.0389733,90.23946454,88.08630797,40,0,35,133,29.61554375,2,3
2183,2183,2183,2184,7,222.9115181,52.76423436,50.3415717,42,0,56,121,27.66800655,1,7
2184,2184,2184,2185,4,313.2135931,62.55652323,66.03883018,52,0,23,131,32.61972533,2,3
2185,2185,2185,2186,0,154.8599951,75.51706597,74.66346139,28,1,26,152,32.23253843,0,6
2186,2186,2186,2187,9,375.8299241,78.27788576,79.12402139,29,1,48,119,25.00799546,0,1
2187,2187,2187,2188,3,315.7381805,51.3086573,48.20002097,21,0,28,138,31.88617845,1,3
2188,2188,2188,2189,8,268.6559592,89.74794318,91.12633361,20,0,42,109,28.05306786,1,8
2189,2189,2189,2190,4,225.701645,69.43560452,73.06877945,33,0,33,119,21.39442292,2,6
2190,2190,2190,2191,1,391.966348,75.61381921,77.80027462,52,1,40,118,34.92369871,2,1
2191,2191,2191,2192,5,197.167781,79.64909309,83.91438674,37,0,23,177,34.94455634,1,4
2192,2192,2192,2193,6,261.1442782,98.30463984,98.4201718,45,0,51,134,29.66276067,1,8
2193,2193,2193,2194,7,312.6573568,74.33271638,79.03985432,59,1,42,146,33.70316489,1,5
2194,2194,2194,2195,5,293.797148,54.63056609,50.73486036,44,1,28,163,32.52470975,2,4
2195,2195,2195,2196,1,114.3482088,67.96349708,64.5160147,46,0,39,149,19.30213214,1,6
2196,2196,2196,2197,2,389.8603437,75.74364102,79.42376757,47,0,59,177,24.11345152,1,5
2197,2197,2197,2198,1,336.0439385,89.8751757,87.00853684,37,0,50,158,32.89173218,0,3
2198,2198,2198,2199,2,482.1279865,65.84582441,69.35514905,47,0,44,146,28.43905586,1,0
2199,2199,2199,2200,8,344.8386729,98.48030888,97.73877503,60,0,38,166,26.32718169,0,8
2200,2200,2200,2201,1,160.7280195,81.29120468,80.26409365,43,0,55,150,18.77076095,1,0
2201,2201,2201,2202,9,439.4051466,60.77722111,61.58729662,19,1,52,164,27.08360248,0,3
2202,2202,2202,2203,6,202.6845067,58.91005387,55.22283413,47,0,47,169,34.24215979,1,3
2203,2203,2203,2204,9,195.6057667,83.88062231,84.81425333,31,0,40,121,18.50001378,0,2
2204,2204,2204,2205,0,404.381214,74.21090393,76.81184939,53,0,38,164,31.78761888,0,4
2205,2205,2205,2206,8,137.3134379,60.61136892,65.0413646,58,0,54,180,33.75508169,0,2
2206,2206,2206,2207,5,377.1534576,60.19019872,56.02256652,52,1,30,137,29.43903451,0,7
2207,2207,2207,2208,5,376.0545236,77.26269353,79.372076,59,1,28,111,23.31860239,0,4
2208,2208,2208,2209,0,438.8941828,58.50409904,61.20245436,35,0,31,147,32.39457008,0,2
2209,2209,2209,2210,4,282.6958305,99.74761801,98.49338299,42,1,30,175,32.4740874,1,8
2210,2210,2210,2211,1,170.6792093,61.54475943,63.56942067,18,1,30,112,26.26832962,0,3
2211,2211,2211,2212,7,207.6140187,62.92467979,67.8226281,38,0,21,116,28.17431063,0,3
2212,2212,2212,2213,1,338.0900907,82.26482359,85.17355998,56,0,59,172,33.4323134,2,3
2213,2213,2213,2214,7,343.741872,98.2025881,98.83065773,26,0,50,112,29.30105038,1,5
2214,2214,2214,2215,7,251.4551946,77.16817673,77.8913086,38,1,39,180,28.87684821,1,6
2215,2215,2215,2216,9,162.3411354,70.47925242,75.0842689,27,1,29,149,26.25611342,0,2
2216,2216,2216,2217,2,335.8876789,54.82249529,51.11625611,43,1,53,168,31.85110775,0,9
2217,2217,2217,2218,2,407.9730236,54.20643935,55.43013278,20,0,51,140,25.14638605,2,6
2218,2218,2218,2219,7,405.1080386,51.47180065,54.03457364,30,1,44,107,33.1041843,0,6
2219,2219,2219,2220,2,174.4438983,64.64434683,67.88000434,33,0,43,116,24.02502402,0,5
2220,2220,2220,2221,0,420.2704776,84.12699954,85.30516165,36,1,20,138,25.26157016,1,6
2221,2221,2221,2222,8,345.863649,66.71803955,67.47456897,55,0,45,156,30.30009572,0,9
2222,2222,2222,2223,8,346.9136445,53.28099628,54.82803091,31,0,43,109,33.90679625,2,3
2223,2223,2223,2224,3,134.3648396,54.107472,54.76620637,40,1,50,117,33.62966428,1,5
2224,2224,2224,2225,6,260.9168232,94.95506354,91.1734723,24,0,41,150,23.60341735,0,3
2225,2225,2225,2226,1,246.2789879,79.07014812,82.62237688,30,0,59,176,21.87788253,2,1
2226,2226,2226,2227,4,475.3026235,98.23507787,95.34373626,29,0,25,162,29.13966234,2,6
2227,2227,2227,2228,5,233.0417921,65.59816631,66.93202797,20,1,28,142,21.54920634,1,0
2228,2228,2228,2229,3,423.6812838,54.35873947,57.36440585,22,0,48,137,20.50124438,0,8
2229,2229,2229,2230,4,462.5557947,58.76903646,56.99596514,31,0,49,104,27.10301957,2,8
2230,2230,2230,2231,9,236.018962,62.86134627,59.88996707,25,1,22,113,20.00407081,1,5
2231,2231,2231,2232,5,437.0861554,74.22935051,70.1085119,32,1,23,111,20.07923448,1,4
2232,2232,2232,2233,1,404.2984659,63.6265847,62.08840855,47,1,40,146,28.78990376,2,9
2233,2233,2233,2234,2,131.7608421,77.32231755,80.11410415,27,0,23,102,27.53097866,0,7
2234,2234,2234,2235,9,334.7322432,81.44756616,79.07151966,43,1,42,144,32.09554461,0,1
2235,2235,2235,2236,2,435.5865856,84.89617352,86.28460689,52,0,52,118,20.59503934,2,7
2236,2236,2236,2237,1,108.9923938,50.97209127,47.78371722,56,1,29,154,33.34098271,2,6
2237,2237,2237,2238,5,164.1325116,80.12634595,83.98478795,18,0,20,178,19.89669073,1,1
2238,2238,2238,2239,2,146.3848142,89.42223499,86.71040142,57,0,42,118,28.58785696,2,9
2239,2239,2239,2240,1,193.0057209,93.08771994,96.96761704,39,0,39,125,27.56418478,2,5
2240,2240,2240,2241,5,104.1221235,58.52037373,62.19530125,49,1,44,167,31.48791704,2,2
2241,2241,2241,2242,3,408.9451354,88.78605414,91.30877413,49,1,27,121,22.40255916,1,6
2242,2242,2242,2243,8,227.0787869,53.13185514,52.75709547,55,0,54,116,23.03524843,2,1
2243,2243,2243,2244,3,457.5826257,99.57265194,98.35991217,18,0,42,115,21.16793717,0,8
2244,2244,2244,2245,9,183.5435831,73.40340419,76.44578374,53,1,32,156,21.13061462,1,8
2245,2245,2245,2246,3,100.0147116,64.0129271,63.14754708,42,1,39,107,31.86006216,0,1
2246,2246,2246,2247,4,423.9726201,64.40431255,63.46584604,19,0,31,128,27.6605926,0,7
2247,2247,2247,2248,4,392.0585887,75.22023232,70.83524755,24,1,59,138,32.18802642,1,1
2248,2248,2248,2249,5,424.5470545,91.22137401,94.30366703,54,0,57,124,29.25499819,2,6
2249,2249,2249,2250,0,469.542548,67.56809995,65.2329902,24,0,29,101,28.26739108,2,3
2250,2250,2250,2251,7,301.8871213,83.5031292,81.07014669,30,0,60,112,28.25706995,1,8
2251,2251,2251,2252,9,367.3703659,59.03920425,63.4094932,33,0,27,169,27.04855748,0,6
2252,2252,2252,2253,3,486.8464783,66.35890578,61.50707641,54,1,33,105,24.16801758,2,5
2253,2253,2253,2254,6,166.5809066,72.93929012,76.40427694,32,1,59,135,23.35230992,1,1
2254,2254,2254,2255,0,132.8781572,52.654075,49.65313805,27,1,58,139,32.52432416,1,6
2255,2255,2255,2256,3,291.4912035,83.02608681,80.29885647,55,0,33,152,21.61084189,2,4
2256,2256,2256,2257,9,186.1262475,70.1813806,74.79487227,45,1,48,157,18.61666889,0,9
2257,2257,2257,2258,2,485.1786461,61.309397,59.37730981,35,0,26,108,34.02101565,0,7
2258,2258,2258,2259,4,112.8219225,55.62945651,57.06023287,29,0,39,150,20.88280811,2,9
2259,2259,2259,2260,3,483.9629902,71.79955189,67.63275091,31,0,32,139,22.15171284,2,4
2260,2260,2260,2261,6,458.5285838,60.59822128,61.15893109,47,1,21,115,27.92597387,1,6
2261,2261,2261,2262,7,311.6871794,60.3375068,55.7852574,56,0,45,153,31.71116287,2,3
2262,2262,2262,2263,8,115.396885,58.13554695,60.44105899,38,1,30,105,32.68061951,2,4
2263,2263,2263,2264,1,237.3950054,97.95041551,94.53779827,21,0,41,109,32.61530796,1,3
2264,2264,2264,2265,6,390.9627875,80.38370786,75.75203056,24,1,48,126,30.05781073,0,9
2265,2265,2265,2266,2,163.7400619,60.46710984,56.23820884,52,0,25,119,23.37968865,1,5
2266,2266,2266,2267,0,225.8004778,50.29244349,48.36738139,55,1,36,161,23.90777793,1,3
2267,2267,2267,2268,5,240.8883948,63.95004473,60.34881233,53,0,29,116,29.22527667,0,3
2268,2268,2268,2269,3,279.5669214,99.01568304,102.0561316,26,1,54,153,32.09424083,1,8
2269,2269,2269,2270,8,151.1727268,63.93227831,62.72309759,57,0,51,147,25.19038572,1,9
2270,2270,2270,2271,7,158.6251707,91.98101545,92.0866716,35,1,42,134,29.30603226,0,1
2271,2271,2271,2272,8,142.6413782,53.82750785,58.7400093,55,0,43,116,33.26687094,2,0
2272,2272,2272,2273,7,220.4272009,96.26624838,97.27341349,58,0,32,172,23.75610937,2,1
2273,2273,2273,2274,6,136.4496957,96.51240157,100.0487385,41,0,23,103,20.51704087,0,6
2274,2274,2274,2275,2,166.437644,52.60501615,56.12894718,21,0,40,166,21.29878007,0,5
2275,2275,2275,2276,5,336.6783276,90.92920469,89.45433899,28,1,48,156,30.11664333,2,6
2276,2276,2276,2277,6,179.9094533,50.35894642,50.77507832,60,0,20,135,31.46132025,2,6
2277,2277,2277,2278,9,369.119949,96.2283843,95.16613597,54,0,48,123,18.84148685,2,3
2278,2278,2278,2279,1,115.6521664,77.30651225,80.77742044,25,1,31,125,34.5156637,2,1
2279,2279,2279,2280,1,459.0003049,93.36850939,97.88706644,57,0,38,144,18.88770064,0,8
2280,2280,2280,2281,3,422.3987569,90.42627506,90.84550452,52,0,32,117,31.41721653,2,0
2281,2281,2281,2282,1,372.9332955,58.30038387,58.84469715,56,1,23,103,34.70570186,2,7
2282,2282,2282,2283,4,392.1735963,97.71342471,93.96316277,53,0,30,133,29.25045299,2,9
2283,2283,2283,2284,8,197.452853,58.24962882,56.34263822,55,1,46,127,30.71560762,1,7
2284,2284,2284,2285,9,432.7530526,66.05326069,61.18374024,24,0,39,113,19.8649819,0,2
2285,2285,2285,2286,4,189.5407441,77.53284411,78.46510491,47,0,38,105,33.13872755,2,3
2286,2286,2286,2287,2,276.2034942,65.68362149,65.88625103,28,0,40,123,21.19879374,1,2
2287,2287,2287,2288,3,135.5835929,60.116689,63.99340387,34,0,20,137,20.73342655,2,1
2288,2288,2288,2289,4,353.1302592,85.24525959,81.65687585,55,1,27,118,22.11762283,2,3
2289,2289,2289,2290,5,358.8635623,73.8376968,76.46196014,18,0,32,124,33.1950318,0,4
2290,2290,2290,2291,6,462.8120567,60.10175415,57.95171637,22,0,25,101,21.16562346,2,9
2291,2291,2291,2292,0,158.2021722,65.03825023,69.33333394,20,0,52,159,21.21826783,0,8
2292,2292,2292,2293,6,129.7952511,74.87161463,77.32816258,59,1,35,151,20.70919897,0,9
2293,2293,2293,2294,3,146.2875266,97.3740604,98.96830654,45,1,38,135,26.23515412,0,2
2294,2294,2294,2295,5,162.9127562,95.41162073,94.551064,52,1,23,152,26.55492498,0,7
2295,2295,2295,2296,2,176.9111226,99.59684204,102.9007217,23,1,58,153,30.50836843,0,5
2296,2296,2296,2297,9,498.4248097,99.13362042,102.5939378,33,1,48,174,23.07305917,2,7
2297,2297,2297,2298,8,170.5119354,89.60786907,86.91167604,22,1,27,144,31.2833572,0,5
2298,2298,2298,2299,4,371.4017809,69.75359337,72.00533398,18,1,51,133,20.50022092,0,9
2299,2299,2299,2300,6,269.9538924,88.66438673,92.0500152,57,1,31,159,26.21480003,1,4
2300,2300,2300,2301,2,161.6039862,69.52587792,66.37090449,41,1,45,101,32.35775765,0,8
2301,2301,2301,2302,2,435.1103583,56.88024791,54.23971403,53,1,34,122,26.21218857,2,4
2302,2302,2302,2303,6,312.3232888,84.37466899,79.9443801,58,1,58,124,28.69060762,2,6
2303,2303,2303,2304,6,331.3581281,51.74545277,56.54632171,21,0,52,131,24.01134474,1,1
2304,2304,2304,2305,2,289.184925,90.37467884,85.67309685,58,0,57,180,20.96081271,2,6
2305,2305,2305,2306,5,267.2810807,94.33874128,95.90754861,29,1,33,170,34.83164434,0,5
2306,2306,2306,2307,7,142.1763414,60.51167193,61.25869681,39,0,53,161,23.01608004,2,7
2307,2307,2307,2308,1,128.7306654,58.68909662,58.4128066,21,0,26,120,29.70777171,1,7
2308,2308,2308,2309,7,472.0772213,56.75241189,57.03875782,41,1,50,156,25.76182205,0,3
2309,2309,2309,2310,7,357.8406421,64.14631527,67.46965607,46,0,36,179,22.11246257,2,5
2310,2310,2310,2311,9,171.7720489,86.09883686,84.8273576,54,1,41,171,30.18140033,2,7
2311,2311,2311,2312,7,284.4833895,78.84054211,78.59371478,50,0,25,149,30.87895418,0,8
2312,2312,2312,2313,2,318.6815988,91.2910931,90.28318979,27,0,54,162,31.1585994,1,0
2313,2313,2313,2314,9,394.7275501,53.15158406,50.07759116,36,1,38,179,29.75988148,1,4
2314,2314,2314,2315,4,382.5405777,95.92022603,99.85034316,35,1,54,141,25.89341632,2,1
2315,2315,2315,2316,9,390.1830038,90.78900251,87.72320801,21,0,31,134,19.95665018,0,2
2316,2316,2316,2317,3,194.9183076,57.09687968,52.29907296,32,1,24,162,23.24815737,2,4
2317,2317,2317,2318,8,269.5288915,50.80361331,48.66185391,58,0,44,143,25.23969638,2,8
2318,2318,2318,2319,3,294.8943727,91.94000732,89.12221691,52,0,40,148,24.98788943,2,9
2319,2319,2319,2320,9,236.6214033,89.25591553,90.72524228,20,1,32,148,30.61406269,1,9
2320,2320,2320,2321,1,351.939406,62.07600174,65.74974725,52,1,58,123,33.10875519,2,0
2321,2321,2321,2322,1,221.9579032,65.10534047,60.71822644,20,1,38,156,22.00977778,1,2
2322,2322,2322,2323,5,378.0638908,58.41375479,58.45960042,38,0,53,127,24.07204533,2,5
2323,2323,2323,2324,5,269.574714,64.58691764,63.24450145,18,1,23,151,22.06760236,1,9
2324,2324,2324,2325,9,487.4895148,77.22439542,80.61384641,20,0,44,157,25.89631384,2,9
2325,2325,2325,2326,2,497.7569355,98.94424285,99.67303591,24,1,33,151,23.81677985,1,7
2326,2326,2326,2327,5,125.8120725,94.46890761,97.63550071,60,1,34,109,27.09740387,1,2
2327,2327,2327,2328,9,351.8992254,93.85663957,97.5563842,27,0,52,137,25.76035411,2,0
2328,2328,2328,2329,0,166.8375984,72.40107824,69.23042703,27,0,32,122,26.24835738,0,9
2329,2329,2329,2330,5,186.7642499,56.46318361,55.52944522,54,1,38,178,31.57588176,0,4
2330,2330,2330,2331,7,135.9394718,88.18752084,84.5549893,19,1,48,132,32.95574895,1,2
2331,2331,2331,2332,3,168.5506472,55.37583189,50.91374661,32,0,29,176,30.499886,1,6
2332,2332,2332,2333,9,422.0045185,75.20117445,70.45425168,25,1,51,127,31.91302701,1,1
2333,2333,2333,2334,3,276.9585748,83.94657665,87.03262182,49,0,39,126,21.98549467,1,2
2334,2334,2334,2335,5,409.4528848,70.78019833,67.14033003,40,0,23,137,34.59946195,1,4
2335,2335,2335,2336,6,467.880908,68.9246251,72.50340441,42,1,24,180,27.16012965,2,7
2336,2336,2336,2337,9,248.8034263,75.91303866,74.07885888,36,0,49,174,29.78441136,0,8
2337,2337,2337,2338,4,324.2707987,95.41662195,97.27728278,47,1,38,171,24.24558596,1,6
2338,2338,2338,2339,1,270.0841651,64.36876904,62.45785329,33,0,32,144,18.96784633,0,8
2339,2339,2339,2340,7,438.6932188,84.64184063,81.04747277,52,1,33,128,24.14010812,1,0
2340,2340,2340,2341,0,281.2335669,52.45276497,55.38288199,32,1,52,117,32.39213109,1,2
2341,2341,2341,2342,1,111.5180463,67.8519466,68.37903916,35,1,22,131,21.190729,1,0
2342,2342,2342,2343,1,158.3904985,75.07242983,77.4762298,40,0,54,154,34.27465113,1,8
2343,2343,2343,2344,8,373.6461908,78.43956011,80.86530571,44,0,48,121,27.70741248,2,5
2344,2344,2344,2345,0,466.9844341,52.1073065,48.46524527,29,1,30,110,26.54952528,0,4
2345,2345,2345,2346,1,148.6440329,57.07498449,62.02583752,30,0,44,112,23.72891087,1,6
2346,2346,2346,2347,7,442.6584913,69.36321935,65.0954752,37,1,40,109,24.30481167,0,8
2347,2347,2347,2348,1,467.172304,84.44176165,82.7084077,18,1,35,178,24.12003267,1,4
2348,2348,2348,2349,9,498.3700939,73.09894106,77.32427733,31,0,39,155,27.75009167,2,8
2349,2349,2349,2350,5,378.9778258,92.23816162,96.8998287,48,1,50,117,29.7250233,1,7
2350,2350,2350,2351,6,413.6924581,85.60784349,81.17201548,36,1,44,176,24.85364509,2,0
2351,2351,2351,2352,3,426.5802837,86.57496338,84.81647311,46,0,51,147,26.64318959,1,9
2352,2352,2352,2353,3,398.7927557,75.52482793,74.00454162,54,1,42,117,30.73812361,2,1
2353,2353,2353,2354,8,273.4343263,52.10249697,54.90793674,20,0,21,119,24.17075275,1,5
2354,2354,2354,2355,6,115.7043194,67.94394644,67.11859361,55,0,48,156,32.20614802,2,1
2355,2355,2355,2356,7,469.4730645,96.97645133,98.23626287,37,0,40,126,28.01534867,0,4
2356,2356,2356,2357,3,492.2969161,73.28402932,69.11054826,48,0,27,112,34.49801772,1,4
2357,2357,2357,2358,8,259.5130858,82.51587491,82.40232035,55,0,44,145,25.03168381,0,1
2358,2358,2358,2359,4,353.6483344,92.60978575,97.14033482,35,1,30,123,26.3112836,2,5
2359,2359,2359,2360,0,251.0053722,64.12181119,67.85123107,46,0,31,103,25.77311169,2,1
2360,2360,2360,2361,3,161.8428754,68.94600156,68.19113668,37,1,52,176,32.07307362,0,2
2361,2361,2361,2362,2,248.4726473,61.10646689,58.35959531,49,0,33,148,21.33293138,2,4
2362,2362,2362,2363,0,129.5847822,59.37613574,56.36782792,25,0,21,156,31.76972671,1,4
2363,2363,2363,2364,9,359.5107596,77.61656509,76.2590882,51,0,43,113,31.55517924,0,1
2364,2364,2364,2365,6,166.7148509,90.82637478,90.2389459,53,0,54,100,31.61060272,0,7
2365,2365,2365,2366,3,487.7338401,68.83206365,68.98980012,38,1,37,146,31.19644227,1,5
2366,2366,2366,2367,3,279.7019456,70.43481947,66.48749619,39,1,55,135,33.81989074,1,2
2367,2367,2367,2368,9,471.6929017,99.83932047,102.2522125,59,1,21,178,28.3260515,1,6
2368,2368,2368,2369,3,172.9967376,53.70899077,55.76459502,20,1,32,179,31.69955813,0,2
2369,2369,2369,2370,1,211.8858897,63.31651325,62.64852349,31,0,29,104,27.64398387,2,4
2370,2370,2370,2371,0,273.2563968,81.78896684,81.2013077,46,0,41,168,25.9112058,0,3
2371,2371,2371,2372,9,394.7300189,77.30456939,81.21636425,20,1,21,103,28.32351346,1,1
2372,2372,2372,2373,9,414.8965746,68.73365924,67.3516705,48,0,36,121,31.29191357,1,5
2373,2373,2373,2374,7,185.078303,65.20680108,63.18705503,48,0,30,119,24.68437643,2,5
2374,2374,2374,2375,1,128.1320717,54.41099049,54.36886307,42,0,52,122,19.97922144,0,2
2375,2375,2375,2376,7,125.8621729,51.54269405,50.61919015,30,1,42,178,21.86286513,0,1
2376,2376,2376,2377,3,338.7386519,56.73853239,55.02243032,57,1,25,151,29.25772923,2,3
2377,2377,2377,2378,5,108.5251938,50.93983787,47.84505894,51,1,21,108,20.10354112,0,0
2378,2378,2378,2379,2,427.4699332,58.77505337,54.52581928,23,0,20,102,25.79063814,1,5
2379,2379,2379,2380,9,264.472551,64.82929713,61.84596801,43,0,41,100,19.4483721,0,6
2380,2380,2380,2381,4,106.0677055,84.28018753,88.75016113,56,0,39,177,29.46303346,0,6
2381,2381,2381,2382,5,152.2751804,91.47543797,89.1165785,19,0,47,157,30.81368337,1,7
2382,2382,2382,2383,8,470.6537583,66.55418663,66.68349493,59,0,41,137,26.91265833,1,7
2383,2383,2383,2384,7,335.9861442,69.64581395,73.34174879,28,1,39,156,33.51912449,1,8
2384,2384,2384,2385,5,205.7891804,84.64016089,88.91801369,30,0,56,149,29.16028745,0,0
2385,2385,2385,2386,0,289.817649,62.30551535,58.37158506,53,0,51,160,33.80090541,1,0
2386,2386,2386,2387,3,486.573584,63.61209853,62.26509792,36,0,47,122,34.60834522,2,7
2387,2387,2387,2388,1,465.4697862,51.37366216,55.31248382,48,1,32,152,29.7469866,1,4
2388,2388,2388,2389,0,117.7008461,96.24352781,100.0914783,50,1,33,135,19.01948813,2,9
2389,2389,2389,2390,8,346.0189156,64.77093004,61.46904352,51,1,35,119,33.38369493,2,5
2390,2390,2390,2391,1,431.4895428,69.26098749,66.66460289,28,0,27,117,33.4851568,1,7
2391,2391,2391,2392,5,266.2612282,51.61514951,47.93227553,53,1,24,120,29.38787506,2,3
2392,2392,2392,2393,7,170.2240571,58.82901933,54.89082705,51,0,25,149,29.0267859,2,1
2393,2393,2393,2394,9,493.4261672,83.70984786,82.99711188,28,1,39,152,19.43703464,0,2
2394,2394,2394,2395,9,298.2161846,68.78755374,67.6673553,30,1,23,159,29.25727481,2,4
2395,2395,2395,2396,6,142.9051095,89.54212993,92.07408432,45,0,43,115,28.1965945,2,7
2396,2396,2396,2397,3,281.5211358,94.71989213,91.90617264,31,0,21,149,20.79461055,2,5
2397,2397,2397,2398,2,247.3707011,79.47299815,78.71601583,34,0,23,149,22.20418948,1,2
2398,2398,2398,2399,1,355.410842,52.95003454,54.73020677,51,1,55,169,26.17979964,1,1
2399,2399,2399,2400,9,211.174135,63.6153891,60.85888025,51,0,51,165,29.8907461,0,0
2400,2400,2400,2401,8,231.3263255,82.09729843,86.95116405,25,0,28,180,23.98027397,0,1
2401,2401,2401,2402,9,417.6980564,72.07265511,70.58726119,29,1,53,158,25.09872368,0,3
2402,2402,2402,2403,7,397.2620655,56.95708471,57.85716584,56,1,28,144,31.88131494,1,6
2403,2403,2403,2404,4,306.8746055,96.24628969,94.2680313,31,0,21,171,32.58927993,0,1
2404,2404,2404,2405,8,498.8191665,59.31965775,55.48396228,21,0,43,126,26.46460544,2,9
2405,2405,2405,2406,0,149.0210354,87.28430294,91.87322686,28,0,34,168,29.09508374,1,4
2406,2406,2406,2407,9,416.1915995,51.53389177,48.50751302,21,1,39,111,28.58892249,0,5
2407,2407,2407,2408,1,290.4525724,93.83422004,95.76284657,39,1,48,124,20.20852058,2,4
2408,2408,2408,2409,1,199.546187,71.64910611,74.63945195,29,1,50,103,20.23239508,2,0
2409,2409,2409,2410,5,402.0750883,99.64668661,98.44433831,47,0,60,127,22.95170953,1,2
2410,2410,2410,2411,8,478.7634655,83.4929555,81.44640112,18,1,46,161,28.61340916,1,6
2411,2411,2411,2412,0,268.9230565,65.89457146,61.02294322,31,0,25,142,19.16929268,0,6
2412,2412,2412,2413,3,480.116142,70.04624366,66.23883683,20,0,35,161,32.45737672,2,5
2413,2413,2413,2414,1,356.8053054,51.02740534,53.37002362,27,1,37,173,28.49984916,0,5
2414,2414,2414,2415,3,326.9684861,53.07435786,57.35910927,50,1,46,117,23.22093479,0,2
2415,2415,2415,2416,8,424.7452541,86.79330174,87.0438161,26,1,60,137,31.4936611,1,8
2416,2416,2416,2417,8,367.956326,58.95155554,56.32554665,33,0,51,168,28.26865718,2,1
2417,2417,2417,2418,2,345.9307476,90.77437116,90.03266221,55,1,32,120,19.86474308,1,0
2418,2418,2418,2419,3,102.330212,64.38364275,66.53473431,18,1,32,113,34.1682132,2,5
2419,2419,2419,2420,9,273.631697,97.63923746,101.7033219,53,1,26,177,32.45824981,1,3
2420,2420,2420,2421,4,447.527372,86.10672528,90.42448837,59,1,55,176,22.92325155,2,2
2421,2421,2421,2422,4,135.6976354,89.41848662,87.08004446,54,1,29,175,21.53082224,2,8
2422,2422,2422,2423,8,225.5326221,80.12033279,82.89243942,55,1,30,120,33.14011586,1,1
2423,2423,2423,2424,9,117.3379317,86.3920624,85.02255206,39,1,55,152,29.88767885,0,5
2424,2424,2424,2425,3,449.8951778,80.56330005,81.25582215,46,1,49,127,20.28072989,2,9
2425,2425,2425,2426,2,247.8571129,94.49643455,93.37515083,20,1,59,110,32.90214255,0,8
2426,2426,2426,2427,2,324.1113081,52.29235374,53.588927,50,1,43,176,26.12733276,0,5
2427,2427,2427,2428,0,200.3950272,90.42240242,90.83370354,56,0,47,164,25.02137491,2,8
2428,2428,2428,2429,0,153.8706015,64.19473783,63.03658988,47,0,46,139,26.99309682,1,9
2429,2429,2429,2430,7,195.4151925,89.80963778,93.88905848,53,1,49,125,25.22633173,2,9
2430,2430,2430,2431,3,327.135748,51.03977461,53.51046154,24,1,60,178,24.12161681,0,9
2431,2431,2431,2432,7,257.6101288,86.85760486,88.33916958,39,1,32,106,25.53421679,0,0
2432,2432,2432,2433,9,403.5949531,82.86541465,83.8837909,39,0,21,118,34.0093794,2,5
2433,2433,2433,2434,3,464.3749675,67.90245214,67.15003024,18,1,52,109,32.45542086,0,9
2434,2434,2434,2435,3,188.72266,81.82788976,84.24584021,54,1,52,145,32.29957055,1,9
2435,2435,2435,2436,8,174.282668,96.95267849,92.77408459,26,0,45,166,19.93003736,2,8
2436,2436,2436,2437,8,292.6723172,97.19451595,92.46406071,52,0,39,157,28.09549324,0,0
2437,2437,2437,2438,3,102.8140917,72.33242125,68.26112613,60,1,30,140,23.09239821,0,3
2438,2438,2438,2439,5,404.6842351,78.69905463,80.29042935,51,1,40,176,19.05465052,2,7
2439,2439,2439,2440,1,284.0096957,75.84322343,75.23882335,20,1,40,110,30.57010614,0,3
2440,2440,2440,2441,9,224.1029896,50.39348954,47.34492417,24,1,33,155,26.73821793,2,6
2441,2441,2441,2442,7,391.5971111,85.10959195,86.87532796,34,0,20,107,24.746924,1,7
2442,2442,2442,2443,0,125.4216389,51.14757798,47.45905901,33,0,23,132,20.90178471,1,5
2443,2443,2443,2444,5,417.6454421,98.82233013,100.5141871,24,1,21,156,20.12702257,2,7
2444,2444,2444,2445,6,408.2610879,95.32075685,92.96417908,44,1,52,146,31.90936565,1,0
2445,2445,2445,2446,1,312.6650975,89.23777698,88.67680964,57,0,39,145,30.71692174,1,5
2446,2446,2446,2447,1,309.9615224,83.31325808,84.35785996,25,1,60,100,20.95733867,0,7
2447,2447,2447,2448,6,150.1610147,98.92528677,102.8219096,26,1,23,153,29.38296378,2,6
2448,2448,2448,2449,8,303.6829025,54.44731794,56.40977216,60,0,30,104,20.65141563,2,8
2449,2449,2449,2450,1,309.8195001,87.91146313,87.30607284,56,0,55,142,21.95087628,0,1
2450,2450,2450,2451,2,321.6973036,91.67999265,93.25382295,24,0,27,134,26.89418506,1,0
2451,2451,2451,2452,2,401.2879101,81.00225139,82.70880733,32,0,32,154,29.1451328,0,6
2452,2452,2452,2453,5,388.2114417,67.03940934,65.60916771,37,1,29,156,19.18233645,1,4
2453,2453,2453,2454,5,256.365934,81.69026288,83.70433328,45,1,25,161,25.44562854,1,0
2454,2454,2454,2455,9,428.8005421,80.56597342,82.68876556,22,1,38,112,27.30914452,0,9
2455,2455,2455,2456,1,269.1685504,57.35509237,52.47603918,49,1,56,169,21.82751602,1,7
2456,2456,2456,2457,5,369.1611456,74.75791857,73.92737367,59,0,55,165,29.18055292,0,4
2457,2457,2457,2458,9,396.4904006,85.76386742,86.29292044,52,0,32,120,24.3826668,0,2
2458,2458,2458,2459,0,342.5865445,99.53096091,102.7655643,33,0,37,152,21.17191984,0,3
2459,2459,2459,2460,4,271.6700513,67.25452008,68.28477418,31,0,53,132,20.99243142,0,6
2460,2460,2460,2461,7,354.0961253,65.55570102,63.54055485,51,1,57,169,27.85286567,1,2
2461,2461,2461,2462,1,335.0844659,94.29960743,89.68032637,19,1,59,179,22.03536724,0,8
2462,2462,2462,2463,4,293.7521035,94.54337252,93.48251879,46,1,56,174,25.82528816,0,8
2463,2463,2463,2464,0,323.075645,94.20334376,94.44386965,28,0,27,119,32.21788314,2,3
2464,2464,2464,2465,4,303.335848,80.37241678,75.78344588,59,0,44,142,32.3907532,0,9
2465,2465,2465,2466,6,124.0101235,74.10373708,74.72794253,55,0,55,106,21.53606707,2,6
2466,2466,2466,2467,4,177.6175774,61.1863368,59.26063317,19,1,45,179,22.17044072,0,0
2467,2467,2467,2468,9,267.1960394,55.05496476,57.60014134,54,1,50,165,26.62900605,0,3
2468,2468,2468,2469,7,471.8994996,95.37397665,91.09101955,37,0,57,177,34.66990615,0,4
2469,2469,2469,2470,8,385.3836507,70.8209499,70.05759552,36,0,30,150,19.77994975,2,8
2470,2470,2470,2471,3,140.3624453,58.60145941,56.02707631,49,1,33,125,32.81361034,1,5
2471,2471,2471,2472,9,282.9175878,85.72730238,80.90212572,52,1,50,135,20.57714395,0,2
2472,2472,2472,2473,0,345.9113413,62.2077839,63.01936571,48,0,57,173,25.27986977,1,7
2473,2473,2473,2474,9,354.7001984,62.1675243,62.96278891,35,0,57,132,22.84323368,2,4
2474,2474,2474,2475,5,376.7657411,86.63873678,88.82178333,18,0,34,108,32.43529617,2,0
2475,2475,2475,2476,3,166.6729188,72.83297632,68.57507615,31,1,33,175,24.53163889,1,7
2476,2476,2476,2477,1,379.2602797,81.93784938,85.56470779,29,1,41,166,33.9808083,1,0
2477,2477,2477,2478,0,199.9150984,87.13285282,88.56231881,29,1,44,175,31.97856855,0,8
2478,2478,2478,2479,2,365.6298646,97.1487411,100.3839363,24,0,53,105,25.11769439,2,1
2479,2479,2479,2480,7,141.1621497,59.68866775,61.90195838,25,1,45,146,26.3244277,0,9
2480,2480,2480,2481,6,307.9112535,99.21316687,102.8495006,52,0,56,128,20.46979088,1,5
2481,2481,2481,2482,7,458.6425542,83.59712539,84.80361736,39,0,45,108,31.95463996,1,0
2482,2482,2482,2483,1,142.8082243,75.57435959,71.12399167,48,1,30,102,23.37806073,2,4
2483,2483,2483,2484,3,372.9567561,64.8376115,64.55694959,36,1,21,159,19.51754333,0,5
2484,2484,2484,2485,0,295.6674005,61.10954449,57.75529561,32,1,55,159,19.94030478,0,9
2485,2485,2485,2486,7,490.6313723,57.05547475,56.43678198,54,1,47,167,29.56815066,1,9
2486,2486,2486,2487,1,447.8187079,70.82969803,71.46668846,19,1,43,150,19.60143243,2,6
2487,2487,2487,2488,3,212.7601635,69.54659945,70.76144048,33,0,59,135,30.93193467,1,3
2488,2488,2488,2489,7,415.5148473,89.17599904,86.00031733,18,1,27,124,30.0786952,0,3
2489,2489,2489,2490,8,453.9852741,56.16662882,54.47839479,53,1,51,167,31.12665049,0,6
2490,2490,2490,2491,0,171.6909305,69.87921097,70.9374917,32,0,21,175,27.82274489,2,9
2491,2491,2491,2492,7,431.7727844,56.94039938,54.7393405,59,1,47,156,29.41597622,1,4
2492,2492,2492,2493,4,330.9421326,57.58439691,60.27403534,58,1,45,141,30.1785347,0,1
2493,2493,2493,2494,3,180.7492713,95.65390113,97.37406569,21,0,51,134,34.0111318,2,6
2494,2494,2494,2495,1,287.717475,93.2459914,95.27731395,48,1,26,162,22.66468453,0,7
2495,2495,2495,2496,2,188.9364788,69.40206526,68.25122018,44,0,20,110,21.38642924,0,4
2496,2496,2496,2497,8,479.1431882,77.85890769,79.07194643,41,0,37,135,26.36201609,2,2
2497,2497,2497,2498,5,213.5216035,69.6316758,67.50465851,36,1,35,173,26.6299023,0,2
2498,2498,2498,2499,6,348.8705249,86.21231208,85.17869031,46,1,52,120,27.60450134,1,2
2499,2499,2499,2500,7,409.5581666,92.93336951,94.49970498,52,1,37,112,29.3123708,1,6
2500,2500,2500,2501,2,171.9051722,93.55331545,97.28277623,20,1,31,128,23.78774245,1,2
2501,2501,2501,2502,7,471.3259214,61.44397268,58.86971402,46,1,52,178,19.21554105,1,8
2502,2502,2502,2503,2,297.2091799,59.41012527,62.51560473,45,0,54,121,25.23575498,2,0
2503,2503,2503,2504,1,135.043026,68.45678327,72.98904801,21,1,59,144,30.00203193,1,0
2504,2504,2504,2505,8,495.3225414,50.46535276,54.15986507,37,0,21,147,28.48726876,2,7
2505,2505,2505,2506,8,137.9547583,90.67121591,90.00374448,39,1,40,176,19.62386086,2,5
2506,2506,2506,2507,8,300.009398,62.77252074,64.9524981,27,0,38,155,26.74935998,2,7
2507,2507,2507,2508,9,438.6701013,62.11004952,57.23538062,22,1,35,128,27.02250612,2,3
2508,2508,2508,2509,7,136.082259,62.28329358,63.81789245,36,0,47,108,26.35857899,2,9
2509,2509,2509,2510,0,237.7614515,57.34248014,55.59184862,47,1,23,106,31.59722805,0,2
2510,2510,2510,2511,7,132.950937,92.05609648,96.50821979,52,1,47,128,26.85908468,0,8
2511,2511,2511,2512,5,274.7784474,81.03810951,80.79226936,45,1,44,113,20.08889509,2,3
2512,2512,2512,2513,0,457.1161928,71.06866198,75.4598353,57,0,29,146,33.05621102,1,5
2513,2513,2513,2514,0,104.2124529,66.91381785,70.94056493,22,0,33,147,18.9056544,0,6
2514,2514,2514,2515,2,154.3621146,99.13175575,102.2511433,37,0,32,166,18.75767932,2,7
2515,2515,2515,2516,7,485.3130517,91.29097192,94.00573022,42,1,54,151,30.78598763,1,0
2516,2516,2516,2517,0,408.3061596,91.15064363,87.79253409,40,1,38,152,29.73549971,2,8
2517,2517,2517,2518,4,189.6955531,62.1580757,58.54789911,23,1,60,159,27.35161045,0,5
2518,2518,2518,2519,0,490.6129485,53.449706,50.62161357,50,0,52,165,26.06247383,1,0
2519,2519,2519,2520,3,163.4166723,68.53987895,63.84292053,48,1,59,128,31.46774584,2,3
2520,2520,2520,2521,0,342.4772097,93.79455446,93.55125205,41,1,50,164,20.8726961,0,2
2521,2521,2521,2522,2,321.438254,59.01181346,59.29500177,23,1,25,100,31.19976734,0,3
2522,2522,2522,2523,0,112.0126729,97.95371605,96.77780611,30,1,39,147,22.76136996,2,4
2523,2523,2523,2524,7,491.1746602,78.25016983,78.49182906,57,0,24,118,30.82362343,2,4
2524,2524,2524,2525,1,150.994076,77.53895988,80.35484694,30,0,39,120,28.77691164,1,5
2525,2525,2525,2526,1,368.2496509,80.86618636,80.26473335,30,0,50,179,23.57253678,1,8
2526,2526,2526,2527,3,465.9014805,93.89102404,92.01028111,21,0,22,155,29.4823292,1,7
2527,2527,2527,2528,9,407.0329152,76.25551619,75.33072392,57,0,37,138,31.15442105,0,5
2528,2528,2528,2529,7,420.3832652,75.23268469,73.12196827,48,1,47,124,33.11321105,1,8
2529,2529,2529,2530,6,113.0566804,60.91770228,59.59032132,31,1,20,136,26.71117451,2,0
2530,2530,2530,2531,4,375.0467367,99.73702683,101.044989,31,0,49,105,23.60580786,1,7
2531,2531,2531,2532,7,343.4474527,60.5203998,63.34290033,45,0,47,180,22.68143717,2,5
2532,2532,2532,2533,8,286.9111375,56.81247895,55.36890464,43,0,46,128,28.20857191,2,5
2533,2533,2533,2534,1,199.8412266,92.90187883,88.50268982,44,0,45,129,23.99110572,0,6
2534,2534,2534,2535,5,480.869083,65.4571906,66.75709764,38,0,57,102,30.72738678,0,2
2535,2535,2535,2536,1,355.2381231,71.6513879,75.8994106,49,1,51,169,25.90513632,0,0
2536,2536,2536,2537,1,252.5736694,88.42481869,88.47658111,35,0,20,123,26.52502091,2,4
2537,2537,2537,2538,0,137.8863724,59.75027936,62.86491912,42,1,39,130,20.06012865,0,8
2538,2538,2538,2539,3,310.2497536,94.34018407,91.54791013,53,0,43,131,33.11422015,1,1
2539,2539,2539,2540,7,295.0599017,51.64645442,51.4154013,36,0,20,154,18.91631584,1,1
2540,2540,2540,2541,9,377.6093715,84.81611177,88.78286818,33,1,34,110,32.93105281,2,6
2541,2541,2541,2542,6,227.456204,74.32088318,76.84679626,52,1,25,154,31.88867952,0,7
2542,2542,2542,2543,2,196.5616672,68.95453546,69.56917403,30,0,40,167,22.35512149,0,5
2543,2543,2543,2544,4,461.5785686,87.47329882,83.7546794,30,1,36,169,27.98457639,1,4
2544,2544,2544,2545,3,394.6624923,98.24106774,93.74093649,32,0,58,156,27.95420317,2,4
2545,2545,2545,2546,8,445.8528169,66.75880045,70.62193342,25,0,36,109,34.32105269,2,2
2546,2546,2546,2547,4,498.9579994,58.94194798,59.53389444,33,1,39,113,26.76627135,1,8
2547,2547,2547,2548,2,118.2113448,95.48410328,96.84465937,53,0,35,148,34.99311428,2,7
2548,2548,2548,2549,1,252.286426,70.794146,69.28252875,51,1,33,126,25.11287323,2,3
2549,2549,2549,2550,7,453.6371968,64.98255368,68.8667778,46,0,30,137,31.13083923,0,7
2550,2550,2550,2551,0,491.5094406,73.69120387,77.97451577,59,0,35,111,30.00974049,2,3
2551,2551,2551,2552,6,214.6255261,74.15203326,74.09952598,44,0,24,147,34.85216293,0,8
2552,2552,2552,2553,6,478.475303,82.24325325,84.38983384,59,1,32,101,31.42836213,1,4
2553,2553,2553,2554,5,316.2841463,64.95687124,64.07124905,38,1,56,112,34.43280704,1,9
2554,2554,2554,2555,1,439.4234024,89.1523573,88.98753319,32,0,49,100,21.67523262,1,2
2555,2555,2555,2556,5,494.471753,78.36032527,78.13456889,55,1,44,166,33.35103023,1,9
2556,2556,2556,2557,5,371.6237587,85.3869209,80.95556221,36,1,46,175,30.82604268,0,9
2557,2557,2557,2558,3,212.0248692,64.27823064,68.67013252,23,0,56,122,29.38804159,0,4
2558,2558,2558,2559,1,437.9772104,67.32631702,69.67773461,24,1,50,126,19.6886752,0,7
2559,2559,2559,2560,2,225.2806299,94.99144504,91.30017093,26,0,56,129,28.07262927,0,4
2560,2560,2560,2561,2,165.1316113,79.23795241,83.12179134,29,0,49,160,30.61433064,2,8
2561,2561,2561,2562,6,493.227582,58.89518052,63.19760422,38,0,25,124,32.31884057,2,3
2562,2562,2562,2563,6,220.770459,77.49067221,72.88181225,19,1,44,147,33.53918345,0,7
2563,2563,2563,2564,2,103.4581432,55.46264068,50.66332074,43,1,40,157,33.91639131,1,1
2564,2564,2564,2565,8,146.3929276,74.89221128,69.91234592,51,0,28,162,24.20931043,2,2
2565,2565,2565,2566,5,205.6277081,83.33033793,79.77036507,38,0,29,102,25.41107892,0,9
2566,2566,2566,2567,2,215.9741306,57.44822311,54.33275436,18,0,35,165,34.77359461,0,6
2567,2567,2567,2568,1,205.6521864,76.0627447,78.52735705,54,0,28,105,25.99997212,0,9
2568,2568,2568,2569,0,161.3276344,84.38245578,86.74744964,47,0,45,112,30.89676891,1,4
2569,2569,2569,2570,5,181.9038963,50.42400024,50.35946337,48,0,31,158,18.72840981,0,0
2570,2570,2570,2571,0,146.6437589,69.70063117,68.3000872,59,0,22,100,34.10714505,2,2
2571,2571,2571,2572,1,477.2564684,98.6348722,93.77519514,31,0,38,156,21.53393842,1,4
2572,2572,2572,2573,3,296.8994737,72.30989036,69.74366607,30,1,57,140,28.65333743,0,4
2573,2573,2573,2574,9,325.7107902,90.81130209,89.00445941,18,0,43,160,31.55611557,2,3
2574,2574,2574,2575,0,240.2022704,78.15074386,79.43791463,39,1,21,178,27.58977188,2,4
2575,2575,2575,2576,5,156.7942254,64.24647701,67.31095177,23,0,44,116,22.50996528,0,1
2576,2576,2576,2577,8,203.1872821,56.51958149,52.90479912,60,0,27,125,22.85324484,2,0
2577,2577,2577,2578,8,249.8506895,61.10105158,65.57778586,43,0,56,153,28.03188774,1,4
2578,2578,2578,2579,0,457.3129793,73.82030662,73.29393045,46,1,54,167,29.86165004,0,6
2579,2579,2579,2580,4,382.0122299,58.17341635,54.14888928,54,0,42,103,20.64799177,0,2
2580,2580,2580,2581,4,494.9177585,67.93876224,71.08494922,36,1,51,144,25.821001,2,6
2581,2581,2581,2582,8,445.4288851,83.23391984,87.40822315,39,1,35,102,21.63192666,2,0
2582,2582,2582,2583,9,187.7375891,90.21785653,88.0395288,34,0,36,147,25.89450903,2,5
2583,2583,2583,2584,0,337.5241272,88.78478746,92.95209784,53,0,56,142,27.42115923,1,2
2584,2584,2584,2585,7,475.3027936,93.91479046,91.5782747,53,1,37,169,30.04800519,1,8
2585,2585,2585,2586,5,474.1942523,51.07427849,47.47120471,32,0,21,163,28.31827082,2,6
2586,2586,2586,2587,8,296.9068842,68.56187816,72.41222923,54,0,50,119,22.1859908,2,9
2587,2587,2587,2588,5,497.0080294,83.03889749,79.2396915,50,0,38,120,27.33053506,1,6
2588,2588,2588,2589,9,157.1475029,75.65979024,75.84784937,43,0,30,126,19.64455252,0,7
2589,2589,2589,2590,0,403.9875752,85.78143977,83.06983563,40,1,53,115,26.03801803,0,0
2590,2590,2590,2591,1,322.1451315,88.77722354,88.35767688,35,1,50,124,19.64824823,1,7
2591,2591,2591,2592,7,470.2849771,75.43787478,72.26385897,33,1,34,143,32.1681362,2,8
2592,2592,2592,2593,3,341.8191422,99.92446519,98.33896153,54,1,21,101,25.88601988,1,0
2593,2593,2593,2594,1,432.6265431,72.50109304,75.89739395,31,0,44,104,26.43768913,0,4
2594,2594,2594,2595,5,346.7771755,77.74669639,82.03882649,44,1,43,179,23.86278992,1,3
2595,2595,2595,2596,9,439.9784185,93.17167766,90.99579389,31,1,32,126,20.1713009,2,1
2596,2596,2596,2597,4,209.2354455,53.60516328,50.78302427,51,0,51,166,18.75311618,0,9
2597,2597,2597,2598,0,162.1807211,52.85672106,57.47397375,51,0,38,153,29.50774073,2,1
2598,2598,2598,2599,8,444.6620816,73.45542372,76.96641277,48,1,35,105,26.59126991,2,3
2599,2599,2599,2600,2,183.561947,98.41559765,99.37388835,55,0,50,143,27.27328761,2,8
2600,2600,2600,2601,7,467.7786661,59.47295487,60.20501634,38,0,36,177,20.05829959,0,1
2601,2601,2601,2602,9,433.7047373,95.15741144,95.29799615,29,0,45,127,34.61559205,2,6
2602,2602,2602,2603,4,105.5006136,92.36586639,95.07090075,59,0,33,133,30.14820071,0,3
2603,2603,2603,2604,7,101.6110292,94.31919972,90.67937038,28,0,30,149,32.31848112,2,0
2604,2604,2604,2605,8,225.3807456,59.62123559,62.66558481,48,1,24,110,18.5839645,2,8
2605,2605,2605,2606,4,240.310217,70.19879855,68.5561228,31,0,53,150,24.24902246,1,8
2606,2606,2606,2607,4,383.2770807,94.64896061,97.57937871,39,1,41,138,21.61891013,1,2
2607,2607,2607,2608,4,386.9846871,63.49678539,60.38052315,18,1,42,116,33.8162512,2,4
2608,2608,2608,2609,4,152.5259825,72.54105343,73.04629741,43,0,29,134,21.6966655,0,1
2609,2609,2609,2610,3,306.0298779,83.92814417,84.62235144,33,1,21,119,33.21855743,1,6
2610,2610,2610,2611,5,258.4457742,51.25397883,56.03473853,45,0,32,102,28.42809983,1,8
2611,2611,2611,2612,1,124.6191504,86.31623231,88.03799078,59,0,23,101,28.35486097,0,8
2612,2612,2612,2613,1,228.7698722,77.78130922,74.22217925,50,0,51,161,28.36851117,1,3
2613,2613,2613,2614,4,483.5695605,73.17300854,72.65921567,45,1,50,160,28.20654557,1,0
2614,2614,2614,2615,2,161.7703077,96.19306553,93.49511748,31,1,60,176,23.87350333,0,9
2615,2615,2615,2616,7,449.9829573,86.39039687,89.24679947,24,1,37,103,25.03030283,1,8
2616,2616,2616,2617,5,250.4108026,84.67085983,81.66108867,30,1,60,180,22.63770078,2,4
2617,2617,2617,2618,6,342.9874671,68.67785492,65.7363641,22,0,45,148,19.59751666,2,9
2618,2618,2618,2619,9,135.6466865,57.78875781,56.25463108,51,1,22,166,25.41224848,1,8
2619,2619,2619,2620,4,417.3096885,53.28853695,54.66049864,24,1,35,152,28.20107277,2,2
2620,2620,2620,2621,2,207.4921629,72.26612949,71.0527618,31,1,28,138,33.36932183,0,4
2621,2621,2621,2622,5,211.6961083,87.80304805,85.82049663,48,0,55,164,25.33271187,0,3
2622,2622,2622,2623,0,389.4085796,86.1518447,85.56359736,58,0,46,173,22.7119357,1,7
2623,2623,2623,2624,4,418.0541345,88.85116594,88.13117033,30,1,49,122,29.19102478,2,6
2624,2624,2624,2625,2,319.1615626,89.51618092,91.4260315,31,0,29,159,24.26770377,2,0
2625,2625,2625,2626,2,453.0379044,69.6156908,70.0891426,21,1,56,179,28.8900538,0,3
2626,2626,2626,2627,3,483.5707708,80.8596407,80.22965536,47,0,47,107,29.57117964,0,5
2627,2627,2627,2628,8,163.9767902,68.49639689,70.40455148,60,0,32,142,30.14985023,2,5
2628,2628,2628,2629,2,458.527159,73.99094056,73.68282765,49,1,42,176,19.53116022,0,6
2629,2629,2629,2630,6,141.914329,52.18025992,49.24394517,50,0,21,136,26.25121709,1,2
2630,2630,2630,2631,1,111.2892031,79.24079021,80.65394447,43,1,58,140,32.83048208,1,8
2631,2631,2631,2632,1,406.7549989,97.72132959,101.4486989,37,0,39,163,30.91128638,0,0
2632,2632,2632,2633,2,331.1677635,53.66731691,49.91709228,30,0,42,164,26.89732544,1,4
2633,2633,2633,2634,8,247.8027617,93.71087475,93.84045287,56,0,52,167,32.03961505,1,3
2634,2634,2634,2635,6,468.4419489,95.76608795,93.30931068,27,1,45,101,29.26280744,2,4
2635,2635,2635,2636,4,498.5197448,88.36377891,92.51224215,54,1,59,170,33.58117187,2,9
2636,2636,2636,2637,9,381.2369309,93.7552925,92.85144957,32,0,59,168,30.90837477,2,2
2637,2637,2637,2638,6,120.2586875,70.04697878,68.64606364,49,1,58,140,19.43355106,0,6
2638,2638,2638,2639,5,110.1047908,68.73107935,68.37410286,31,1,51,121,32.29535076,2,6
2639,2639,2639,2640,4,103.6186101,60.47047672,58.22710964,52,1,59,105,28.09869375,1,4
2640,2640,2640,2641,8,234.4204526,90.9102187,90.48740227,18,1,43,165,31.46976972,0,6
2641,2641,2641,2642,4,462.9500059,79.53506836,82.03628439,24,1,55,106,30.98460205,2,8
2642,2642,2642,2643,8,167.2148937,84.8753622,83.96336911,33,0,33,127,34.15453449,0,7
2643,2643,2643,2644,0,200.6141928,65.10324515,69.58229341,45,0,53,178,29.16840895,0,4
2644,2644,2644,2645,8,459.0889825,95.57332178,95.24904337,23,1,41,103,21.31157004,0,3
2645,2645,2645,2646,8,180.5553081,69.41674956,74.09730254,52,1,54,101,22.34232521,1,5
2646,2646,2646,2647,5,196.7234694,76.13427861,76.12834898,48,1,53,176,19.66284222,0,4
2647,2647,2647,2648,5,390.7839381,84.0949291,88.87009864,34,0,60,170,29.43727941,1,8
2648,2648,2648,2649,3,384.1242005,89.0434241,88.32979184,52,1,52,164,32.54395683,1,0
2649,2649,2649,2650,7,481.6046042,54.07602946,54.51991133,59,1,54,167,34.49243648,0,6
2650,2650,2650,2651,8,361.5582944,63.84192851,59.61660909,21,1,54,128,27.76311676,0,9
2651,2651,2651,2652,8,261.4002718,85.82132421,85.90220376,60,0,44,158,26.25321323,1,1
2652,2652,2652,2653,8,247.2407821,73.12743929,77.45576397,18,1,41,178,34.13328439,2,9
2653,2653,2653,2654,1,258.5667426,62.411346,58.56542573,27,1,40,132,33.86880383,2,0
2654,2654,2654,2655,6,445.4305356,50.42795095,48.71985942,54,0,26,155,31.98874622,0,4
2655,2655,2655,2656,8,453.5355065,72.64315838,67.70441758,45,0,42,125,29.40585237,0,4
2656,2656,2656,2657,3,106.4468335,92.28149002,91.12775445,30,1,48,141,27.24855399,0,7
2657,2657,2657,2658,4,132.8660094,70.35830078,74.22701334,29,1,52,177,34.66369976,1,8
2658,2658,2658,2659,3,496.5347499,86.28819397,87.56306886,29,0,26,100,21.06494387,0,4
2659,2659,2659,2660,9,470.023907,76.1094563,77.48065312,33,0,45,109,29.04200166,2,4
2660,2660,2660,2661,5,399.8979393,87.87419813,86.50000171,53,1,44,130,18.90284406,0,9
2661,2661,2661,2662,1,485.3032348,95.12190361,92.24860475,53,1,47,138,22.73680421,1,1
2662,2662,2662,2663,5,404.1271846,96.49913627,96.40270967,19,1,37,160,33.99290611,0,8
2663,2663,2663,2664,6,122.9690221,73.85464667,74.17070657,57,0,53,174,19.73606303,0,3
2664,2664,2664,2665,3,208.9133856,71.38476068,73.41825407,52,1,48,172,29.30373029,0,0
2665,2665,2665,2666,9,120.6057852,62.630795,58.67968906,60,1,37,146,24.95157349,2,2
2666,2666,2666,2667,8,283.355242,62.00062079,60.56396114,28,0,56,148,29.63177155,1,9
2667,2667,2667,2668,0,218.0486855,86.07406219,84.55886443,33,1,57,123,30.23613779,1,8
2668,2668,2668,2669,6,271.9367173,86.58641529,89.3278228,19,0,44,145,32.89638656,1,0
2669,2669,2669,2670,0,483.3719308,64.07803671,60.06535817,53,0,22,158,29.97369655,1,6
2670,2670,2670,2671,0,236.273976,55.96889909,53.95269078,49,0,57,150,29.1716114,2,0
2671,2671,2671,2672,4,339.3084035,52.91183655,52.834417,25,0,45,140,33.98996361,0,5
2672,2672,2672,2673,9,342.1959238,58.12967518,61.72306567,30,0,51,108,34.59638018,0,2
2673,2673,2673,2674,8,496.8469969,56.7426011,56.8438026,35,1,29,173,22.64089749,1,6
2674,2674,2674,2675,4,471.5578496,51.10720873,48.96031126,36,1,27,141,24.56586121,0,5
2675,2675,2675,2676,2,428.929958,99.17708691,102.7605996,43,1,53,152,21.88943148,0,6
2676,2676,2676,2677,6,482.0494698,71.0966599,71.11590169,33,0,29,124,34.02328091,2,5
2677,2677,2677,2678,7,155.8313662,60.2535009,60.11546725,37,1,29,127,29.0379217,1,0
2678,2678,2678,2679,4,190.2890689,95.94738986,99.77758222,54,0,49,124,27.95473539,0,1
2679,2679,2679,2680,9,203.8782373,63.17729061,67.19351571,19,1,52,177,25.85225481,0,1
2680,2680,2680,2681,3,286.6327091,74.26668565,77.5093117,38,1,43,157,23.80479668,1,7
2681,2681,2681,2682,2,261.613848,96.96525252,97.76966561,50,1,45,119,24.43542051,0,4
2682,2682,2682,2683,5,498.9637027,94.60713292,91.67489402,45,0,59,117,34.54670432,1,3
2683,2683,2683,2684,4,378.3209467,83.4340931,85.19304143,44,0,54,117,33.56028326,0,1
2684,2684,2684,2685,9,456.3413033,94.03380969,96.68015483,57,0,42,152,21.1693309,0,4
2685,2685,2685,2686,4,465.1515927,82.62179492,83.78489627,19,1,54,139,28.56600671,2,5
2686,2686,2686,2687,2,354.1342096,76.32611403,73.3127415,43,0,36,169,28.76644948,0,9
2687,2687,2687,2688,0,265.6664399,77.73596504,73.27514123,35,0,56,146,23.80112428,2,7
2688,2688,2688,2689,2,251.7962879,66.39188257,64.90088522,48,1,58,141,24.9406817,0,7
2689,2689,2689,2690,1,105.0994216,66.09964292,66.36491383,57,0,59,121,34.69138915,2,4
2690,2690,2690,2691,1,313.1035281,88.23290289,92.80373408,48,0,30,104,33.44542059,0,2
2691,2691,2691,2692,5,320.1171847,84.22667439,80.12802837,33,0,42,140,27.69683683,1,9
2692,2692,2692,2693,6,472.8844743,83.41315363,88.11327063,45,0,47,176,34.24655576,2,6
2693,2693,2693,2694,1,245.6629278,89.19334592,84.62566546,24,0,25,156,32.08714909,0,4
2694,2694,2694,2695,3,110.5882487,75.83329702,75.55480393,38,1,39,168,34.24009341,0,2
2695,2695,2695,2696,6,202.7576629,74.40460089,78.29150672,59,0,52,178,24.2612861,0,7
2696,2696,2696,2697,7,436.1323235,76.49625107,78.02971034,37,0,42,177,24.8475647,1,2
2697,2697,2697,2698,4,458.8625872,88.44680311,88.11052723,58,0,40,107,28.89780419,1,8
2698,2698,2698,2699,0,452.1031708,65.05209552,64.59133354,20,1,37,167,25.90007822,0,3
2699,2699,2699,2700,3,469.9478807,64.48948959,64.89463812,43,1,23,139,32.16950675,2,4
2700,2700,2700,2701,0,413.7384742,90.06810409,89.07054934,23,1,59,104,21.34031637,0,4
2701,2701,2701,2702,9,497.7432315,95.61152075,97.8259459,57,0,36,168,30.61279722,2,3
2702,2702,2702,2703,2,118.496907,70.14816097,70.97749096,54,0,50,174,24.28599626,0,8
2703,2703,2703,2704,7,491.6538036,50.35171455,48.39376137,28,1,59,152,34.91339647,0,9
2704,2704,2704,2705,4,473.1197429,90.67098493,88.91556474,27,0,37,142,21.07624143,1,8
2705,2705,2705,2706,5,198.3797485,58.32206338,57.79269015,54,0,59,177,29.62633555,2,5
2706,2706,2706,2707,3,226.1297137,92.12871553,92.42544592,59,1,60,162,20.46036634,1,3
2707,2707,2707,2708,8,168.6083293,78.58061111,78.34122948,60,1,34,103,28.65771254,0,6
2708,2708,2708,2709,1,235.2100559,77.06233206,74.99869652,20,1,28,103,19.77668263,2,4
2709,2709,2709,2710,2,242.832081,55.92821431,54.69322045,50,0,49,138,28.08494236,2,7
2710,2710,2710,2711,6,289.9219715,67.70425921,67.82654446,26,0,51,180,25.22164974,1,8
2711,2711,2711,2712,2,285.1181126,62.00488516,57.77024065,38,1,29,132,27.14642177,2,8
2712,2712,2712,2713,7,420.9246007,60.97594916,56.3931334,47,0,24,121,32.976775,1,0
2713,2713,2713,2714,4,405.4232372,84.12746381,81.92026535,58,0,57,110,27.57867181,0,4
2714,2714,2714,2715,7,157.1061223,64.76559865,61.19448237,54,0,40,123,32.82773084,1,4
2715,2715,2715,2716,6,262.5281278,62.74753501,62.73535935,49,1,52,102,28.59479074,2,5
2716,2716,2716,2717,4,200.3756845,69.57725146,66.59921992,33,1,41,167,25.80381183,0,7
2717,2717,2717,2718,8,148.8696365,79.59531332,77.88338947,25,0,52,143,26.79360608,2,7
2718,2718,2718,2719,7,376.9851705,51.4955431,48.08646938,60,0,49,154,33.6324709,0,1
2719,2719,2719,2720,3,447.5600657,55.25818332,59.62517002,26,1,34,116,19.50364747,1,8
2720,2720,2720,2721,0,260.972907,77.25557348,73.98886718,49,0,23,141,22.27101112,2,4
2721,2721,2721,2722,8,123.72591,69.16370837,66.0349428,48,0,47,179,19.92126422,2,2
2722,2722,2722,2723,0,452.3254054,53.62136632,55.31996907,24,0,41,140,30.23314086,1,7
2723,2723,2723,2724,5,378.3306203,89.8112668,92.37890861,27,0,54,121,29.5027769,2,1
2724,2724,2724,2725,8,424.3657025,72.4308712,75.29164828,43,1,22,125,25.80732392,2,7
2725,2725,2725,2726,8,434.6000598,66.25267361,70.76907826,21,0,38,112,18.83625309,0,4
2726,2726,2726,2727,5,207.5737975,69.60801642,66.24915649,48,0,33,101,22.97139728,1,2
2727,2727,2727,2728,0,112.9330193,79.95583193,75.31095648,38,0,36,123,24.66126589,0,6
2728,2728,2728,2729,7,255.1535232,53.40193969,51.21274666,53,0,56,155,32.15459781,2,3
2729,2729,2729,2730,2,285.9936231,90.75122886,85.76191312,55,1,57,122,27.51979806,0,3
2730,2730,2730,2731,3,273.00617,86.72226197,90.79954379,41,1,40,172,27.51181254,1,3
2731,2731,2731,2732,8,368.4700468,98.06729419,101.5853171,25,0,26,132,22.59160019,2,6
2732,2732,2732,2733,5,138.6452044,97.75117461,98.47277797,45,1,47,145,26.42176351,1,8
2733,2733,2733,2734,5,496.5410811,50.18292675,46.1585116,30,0,25,116,28.32517072,0,1
2734,2734,2734,2735,7,461.7765976,67.10769468,63.56740087,23,0,53,173,19.34158371,2,0
2735,2735,2735,2736,3,478.7009615,52.71031238,54.28067172,42,1,58,171,26.4649555,1,0
2736,2736,2736,2737,3,496.6361732,65.8243281,68.14397396,22,0,31,133,25.11755906,0,6
2737,2737,2737,2738,8,259.846049,80.07795106,77.09497157,27,0,24,154,25.74891157,2,1
2738,2738,2738,2739,8,333.0994249,64.70579305,63.10890284,24,0,53,128,32.37279167,2,8
2739,2739,2739,2740,8,424.5047208,82.31425765,86.29624922,52,1,23,133,29.32441659,0,2
2740,2740,2740,2741,6,185.093423,71.10195642,72.37027947,28,0,22,118,28.72125182,0,5
2741,2741,2741,2742,0,260.7149537,87.43626114,85.21232238,21,0,45,113,19.72073279,1,3
2742,2742,2742,2743,1,296.4392173,74.98397883,72.69334681,59,1,47,119,21.40269149,1,3
2743,2743,2743,2744,8,431.6294175,78.13861163,74.18250679,48,1,52,132,21.23782106,1,4
2744,2744,2744,2745,9,484.8820859,81.99507629,77.26179437,32,0,58,101,28.0568722,0,8
2745,2745,2745,2746,6,402.2575895,71.77431199,71.58227277,26,1,50,177,22.27128879,2,7
2746,2746,2746,2747,2,104.1662413,74.05116129,72.03118641,50,1,31,153,24.49480255,0,2
2747,2747,2747,2748,8,458.6218668,71.35856837,68.24502437,53,0,28,112,25.11011799,0,8
2748,2748,2748,2749,7,187.1971607,73.56373014,76.02526318,57,0,35,178,24.11037277,0,6
2749,2749,2749,2750,4,356.7446546,61.1502206,64.83380398,50,0,36,105,26.91241275,2,2
2750,2750,2750,2751,6,441.7832961,79.43023786,77.15104281,58,0,40,152,21.35497061,1,9
2751,2751,2751,2752,7,308.8389127,84.96938053,85.76845964,19,0,40,126,26.8608441,1,9
2752,2752,2752,2753,9,171.7878634,80.31444254,75.86210726,37,0,56,139,19.89217152,1,2
2753,2753,2753,2754,1,291.847284,97.84028636,97.48510941,35,0,58,142,33.84566873,1,6
2754,2754,2754,2755,7,404.1991452,79.46906208,81.75235183,27,0,39,161,31.31115143,1,5
2755,2755,2755,2756,6,259.8420375,60.33000571,58.38794561,43,0,33,113,30.91125391,0,0
2756,2756,2756,2757,0,371.5195111,66.80321648,67.06539134,28,1,35,172,34.90668552,1,2
2757,2757,2757,2758,3,487.6419662,60.39422796,56.5448815,29,0,41,162,29.28416749,2,5
2758,2758,2758,2759,4,474.4336628,99.09400443,96.6976143,53,1,31,119,19.48328031,1,6
2759,2759,2759,2760,3,202.824325,73.33958702,78.19306347,18,1,29,130,22.9009397,0,4
2760,2760,2760,2761,4,113.2433897,68.64483095,66.41683749,44,1,58,134,31.86806971,0,4
2761,2761,2761,2762,7,192.2734067,87.70707564,87.43052132,33,0,40,173,28.94594305,2,8
2762,2762,2762,2763,1,449.91427,82.35684003,82.50912459,23,1,21,139,21.9506196,0,8
2763,2763,2763,2764,3,191.6828727,84.58610421,88.39654413,24,1,40,137,30.5569645,0,7
2764,2764,2764,2765,5,198.2228107,75.50388266,76.57411912,33,0,39,165,24.45061605,2,0
2765,2765,2765,2766,0,433.3231701,86.8433374,86.41810258,28,1,24,146,27.87221866,1,6
2766,2766,2766,2767,6,326.7845751,80.89095711,85.8812712,50,0,43,142,20.57358351,0,6
2767,2767,2767,2768,0,138.8116477,52.79936475,57.58093473,36,1,30,128,28.17771834,0,4
2768,2768,2768,2769,2,235.4052474,98.12282344,94.54883361,51,1,48,169,31.73709235,2,0
2769,2769,2769,2770,3,145.5160225,70.75984142,71.01498343,53,0,45,129,32.93923181,0,7
2770,2770,2770,2771,1,231.7202572,84.88845421,87.32896486,21,1,48,150,20.26577344,1,3
2771,2771,2771,2772,3,245.0890883,94.21516605,90.53461241,25,1,28,179,29.89114721,2,3
2772,2772,2772,2773,6,350.9184176,91.13605415,86.73573138,33,1,55,155,20.7207507,1,5
2773,2773,2773,2774,9,183.7721891,82.82848118,85.46834731,34,0,57,157,31.25715844,1,2
2774,2774,2774,2775,5,100.0310268,76.20812692,80.86661975,29,0,31,109,21.6905851,1,0
2775,2775,2775,2776,1,346.9893728,94.83427447,93.30968514,53,0,37,118,26.39458855,0,1
2776,2776,2776,2777,0,144.3774275,66.13008524,66.85031826,20,1,50,128,34.3213132,2,6
2777,2777,2777,2778,3,335.4736826,91.80978013,91.91352601,41,0,60,106,25.29186222,0,9
2778,2778,2778,2779,8,361.9117026,56.03409372,56.32897134,29,1,47,168,21.63863961,2,0
2779,2779,2779,2780,5,392.9796332,81.39216015,80.19894012,42,0,48,103,22.77485776,1,5
2780,2780,2780,2781,6,214.0311745,85.68776258,89.58275308,29,1,60,176,19.26925027,1,5
2781,2781,2781,2782,1,483.3110045,68.73227759,69.03309199,41,0,34,147,27.55187085,2,7
2782,2782,2782,2783,0,293.3272949,89.46797574,92.93072623,45,1,27,176,30.83885995,1,0
2783,2783,2783,2784,5,377.5883442,59.41801026,61.10100306,26,0,44,120,33.90975724,0,7
2784,2784,2784,2785,6,299.9680588,53.41893167,54.0780507,24,1,38,119,18.60914095,0,1
2785,2785,2785,2786,1,384.2385656,85.02420525,88.79063807,27,1,60,167,25.64973796,0,3
2786,2786,2786,2787,8,458.4601398,50.18408907,53.0488173,60,1,44,173,25.56299759,2,4
2787,2787,2787,2788,2,320.5548485,55.59500755,56.41532626,18,1,51,153,33.86084972,0,3
2788,2788,2788,2789,9,223.6849174,68.20912056,66.15994414,26,0,48,159,30.70636761,2,1
2789,2789,2789,2790,9,252.2616601,50.99530816,48.47728818,44,0,36,149,31.0412613,2,9
2790,2790,2790,2791,5,335.3222781,89.44077419,90.49282803,35,0,54,153,19.79930886,2,5
2791,2791,2791,2792,9,447.8069299,53.57278401,56.66373124,30,1,39,178,28.07652772,0,6
2792,2792,2792,2793,4,338.3067138,67.28393722,70.98248102,35,1,55,171,21.40313933,2,0
2793,2793,2793,2794,0,171.1801583,80.75186018,78.6471658,36,1,20,159,21.150957,0,2
2794,2794,2794,2795,3,302.7984223,76.92680175,77.13121322,21,0,23,151,18.92893736,2,1
2795,2795,2795,2796,5,273.6583974,66.80413004,68.05686926,47,0,32,114,29.77147209,0,9
2796,2796,2796,2797,4,104.0640379,61.46028754,63.54976844,50,0,36,122,28.49055569,2,4
2797,2797,2797,2798,8,203.5194038,84.16169483,81.75265814,35,1,25,135,31.63062025,0,5
2798,2798,2798,2799,2,112.8159987,87.50884553,85.21007029,41,1,31,163,19.70945533,2,6
2799,2799,2799,2800,8,181.1072875,88.47537414,92.23641966,40,1,51,125,24.26597683,1,9
2800,2800,2800,2801,7,407.3805634,70.33200017,75.02180212,57,0,39,159,25.69933617,1,9
2801,2801,2801,2802,1,308.0668485,76.17723443,73.04071982,58,0,26,166,19.53400289,2,0
2802,2802,2802,2803,1,210.0517847,72.61991537,73.14294139,26,1,33,169,23.89818145,2,6
2803,2803,2803,2804,9,143.1794139,67.00715838,67.46755535,35,0,59,129,24.27791612,0,8
2804,2804,2804,2805,3,478.6102568,56.05283017,52.74698224,43,1,32,113,22.96905505,2,7
2805,2805,2805,2806,1,177.9828975,79.03647497,79.19690335,22,1,32,175,34.52384754,2,3
2806,2806,2806,2807,8,433.1940739,80.37320089,85.20341615,19,1,24,163,25.87399388,2,2
2807,2807,2807,2808,0,400.516456,93.09489432,96.30057002,46,1,33,148,34.91300939,0,4
2808,2808,2808,2809,1,459.4285382,91.46018936,89.03644254,37,0,22,134,26.44287912,1,3
2809,2809,2809,2810,2,250.1809625,70.06931223,69.13448725,57,0,21,127,30.38256804,0,5
2810,2810,2810,2811,1,389.9223334,63.64331569,65.53569637,51,0,27,117,33.49098099,1,3
2811,2811,2811,2812,3,439.1022794,79.67190351,77.13407649,48,0,25,110,27.00295772,0,2
2812,2812,2812,2813,6,198.8628631,74.3242596,74.97965509,27,1,30,147,31.29680538,1,8
2813,2813,2813,2814,8,474.9527856,69.24594804,65.37764648,51,0,39,144,23.74236168,2,3
2814,2814,2814,2815,0,374.4816578,59.24663454,60.15195646,35,1,22,140,18.85730566,2,0
2815,2815,2815,2816,4,112.0239539,65.72590545,62.26885505,53,0,57,175,34.89783171,0,9
2816,2816,2816,2817,5,476.2758839,77.36816132,74.56200749,22,1,38,178,28.93537716,2,6
2817,2817,2817,2818,9,195.6211598,59.09165392,57.6739246,19,0,45,103,20.55629137,0,4
2818,2818,2818,2819,2,301.9914697,57.87308068,56.87317122,46,0,42,100,22.22165959,0,2
2819,2819,2819,2820,0,244.4662424,55.62141973,58.89836568,34,1,48,150,22.38430769,2,4
2820,2820,2820,2821,7,116.8153231,50.82265282,50.24423548,56,0,23,120,19.81244989,0,4
2821,2821,2821,2822,3,383.4852152,87.9095122,86.73662751,48,0,41,179,32.93262141,1,6
2822,2822,2822,2823,3,261.3905809,94.11029591,89.86094206,36,0,60,157,29.24797676,2,0
2823,2823,2823,2824,7,229.3961386,67.33269807,63.36968293,27,1,23,111,29.50712229,1,9
2824,2824,2824,2825,8,406.9121716,52.88054056,55.34368684,19,0,56,120,22.17746348,1,2
2825,2825,2825,2826,8,350.0802575,88.97862289,84.0890488,21,1,43,104,24.57211571,1,1
2826,2826,2826,2827,5,249.5559104,83.53442691,84.36780131,35,0,50,122,25.87871159,2,9
2827,2827,2827,2828,3,183.9284772,63.14868532,58.26890047,48,1,39,155,29.72158634,0,0
2828,2828,2828,2829,1,309.2077387,68.95078104,70.09341289,24,0,49,171,24.41725419,0,0
2829,2829,2829,2830,2,271.7899037,82.55940369,78.20934931,55,0,47,141,21.62655191,1,1
2830,2830,2830,2831,9,233.2531915,87.34304463,87.49970243,52,0,20,114,33.41364725,0,5
2831,2831,2831,2832,8,290.6361987,90.17984654,87.37313722,53,0,35,169,21.09082669,1,0
2832,2832,2832,2833,9,256.446734,51.68716714,49.18340755,29,0,46,114,27.73709248,2,2
2833,2833,2833,2834,4,406.489664,98.9825668,103.9722889,52,1,39,112,26.47857237,1,7
2834,2834,2834,2835,6,430.6985379,85.86303034,84.33570393,20,1,45,122,22.37514435,2,5
2835,2835,2835,2836,5,242.7918932,58.47540696,60.55273014,21,1,48,134,32.50785102,1,4
2836,2836,2836,2837,5,404.1931974,84.86986837,86.68525553,20,0,40,123,33.65633532,0,0
2837,2837,2837,2838,3,208.0034994,81.04962866,77.8233616,51,1,53,152,32.14566937,1,0
2838,2838,2838,2839,2,106.349556,57.62983942,59.70712754,28,0,24,107,24.315141,1,0
2839,2839,2839,2840,2,359.8909105,84.40199416,88.55915581,43,0,49,180,29.35524058,2,8
2840,2840,2840,2841,4,418.8297094,98.89906433,97.7983065,41,1,57,120,32.68317339,1,7
2841,2841,2841,2842,6,291.7025844,69.59720942,73.00804581,39,1,53,169,23.75248337,0,7
2842,2842,2842,2843,7,401.9294441,98.0426018,102.0359227,42,0,55,150,31.82297678,0,7
2843,2843,2843,2844,0,137.790518,89.14028291,89.16661595,29,1,59,144,25.86506049,0,6
2844,2844,2844,2845,3,455.0406767,70.40197332,68.94234123,51,0,21,103,25.5232908,0,7
2845,2845,2845,2846,9,180.6460187,86.0782579,81.77252516,47,0,21,126,32.82435786,1,5
2846,2846,2846,2847,5,385.5335554,86.18410796,81.84301511,25,0,58,172,28.31393704,1,1
2847,2847,2847,2848,3,203.3485546,55.03001982,59.83642826,38,0,38,126,19.47276884,1,2
2848,2848,2848,2849,4,268.9069797,71.92655309,70.00671243,42,1,43,136,23.12432142,2,5
2849,2849,2849,2850,6,284.3052749,99.49395845,104.1813542,50,0,23,106,20.61849838,1,7
2850,2850,2850,2851,1,159.947842,68.2687922,68.92053629,20,0,47,136,28.03058731,0,8
2851,2851,2851,2852,3,332.8646397,58.7942488,62.76088567,45,1,56,125,26.91997935,1,3
2852,2852,2852,2853,0,325.537836,95.05889309,98.99200634,43,1,31,127,19.24882722,2,2
2853,2853,2853,2854,5,119.7815623,79.42601011,83.8879216,59,1,44,172,32.73609505,0,2
2854,2854,2854,2855,4,460.1568757,82.68094521,86.69787916,58,0,43,120,26.76590088,1,1
2855,2855,2855,2856,4,280.2303866,85.65427569,80.9187189,26,1,20,178,32.0288622,1,1
2856,2856,2856,2857,3,312.5385068,70.67117177,66.06487659,51,0,28,176,34.98246765,2,6
2857,2857,2857,2858,6,390.4130182,97.72570031,96.78069734,52,0,55,143,20.7255173,2,6
2858,2858,2858,2859,8,221.9424797,53.69094367,55.94339671,56,1,39,141,28.4537873,2,8
2859,2859,2859,2860,2,336.8105662,87.64064362,84.80852014,21,0,32,153,29.23895639,0,3
2860,2860,2860,2861,8,490.2626743,62.24022442,59.78907461,20,1,44,129,28.23931566,1,7
2861,2861,2861,2862,5,108.0425127,70.9879468,75.05461238,50,1,32,137,28.19820623,0,7
2862,2862,2862,2863,8,142.8421547,99.84452857,103.2475313,47,1,39,178,19.26760861,1,4
2863,2863,2863,2864,3,238.5998222,68.3362871,66.17011689,21,0,39,179,20.4190567,1,3
2864,2864,2864,2865,7,117.0662201,96.31043911,99.33268977,40,1,51,115,30.42707313,0,2
2865,2865,2865,2866,1,458.0278387,93.12438984,89.57745581,23,1,44,162,21.00601718,0,7
2866,2866,2866,2867,2,372.5442708,55.07385188,52.65703088,34,1,20,172,31.26396062,2,4
2867,2867,2867,2868,2,209.8225374,95.58887207,93.2522341,60,1,32,171,26.24119425,0,6
2868,2868,2868,2869,9,197.6567346,87.88966639,86.42671913,26,0,57,109,28.9706703,0,9
2869,2869,2869,2870,4,371.4248082,84.55087549,80.54264227,54,1,43,173,31.31513173,1,6
2870,2870,2870,2871,3,303.9158475,76.24121063,71.77653707,43,0,39,168,18.84468201,2,1
2871,2871,2871,2872,9,305.8572143,98.23410212,102.074517,34,1,48,136,22.31525141,2,1
2872,2872,2872,2873,5,213.4845322,69.04459335,70.19141305,30,0,29,134,25.36945871,1,3
2873,2873,2873,2874,1,183.6523663,54.77029941,52.69816207,19,1,25,162,28.36498146,0,5
2874,2874,2874,2875,7,460.6169788,69.57960814,69.15793579,36,1,47,149,20.66403175,2,1
2875,2875,2875,2876,3,207.942531,75.5265595,74.05468987,55,0,47,121,22.96085766,2,2
2876,2876,2876,2877,6,420.0314077,56.83152517,53.33191922,50,1,21,105,25.70176368,1,8
2877,2877,2877,2878,3,360.6188797,76.01714929,80.55648768,41,0,53,118,26.19376798,1,6
2878,2878,2878,2879,1,410.6054117,94.20340878,96.44306356,49,0,39,102,22.70673418,0,6
2879,2879,2879,2880,0,487.7237006,86.52986477,87.52835114,55,0,56,118,23.75050805,1,6
2880,2880,2880,2881,6,147.5191616,51.92237411,49.36485654,27,0,35,150,21.48034144,1,5
2881,2881,2881,2882,7,404.3244067,84.49696247,88.9304454,50,1,44,140,21.96376239,0,3
2882,2882,2882,2883,8,255.6467561,50.81327712,52.95752557,60,1,52,107,31.35042289,0,7
2883,2883,2883,2884,1,462.097426,62.29947519,64.41562872,54,1,22,134,24.40006911,0,9
2884,2884,2884,2885,1,378.4221134,86.39040245,86.87331552,57,0,39,115,29.03321541,1,9
2885,2885,2885,2886,2,293.6651357,65.0495454,63.78021811,42,1,33,159,31.40517433,2,6
2886,2886,2886,2887,6,273.9623476,71.07166864,67.93856987,24,0,41,152,33.93621719,1,7
2887,2887,2887,2888,9,150.3382803,85.27386387,88.62603644,21,0,43,167,25.58589736,1,8
2888,2888,2888,2889,8,246.1576277,59.91810777,61.77576702,36,1,51,146,31.36157541,0,3
2889,2889,2889,2890,8,154.4349082,65.49060253,60.55632479,50,1,54,144,30.46735085,2,7
2890,2890,2890,2891,7,183.591511,93.92109046,98.57045325,32,0,28,167,30.17182033,1,7
2891,2891,2891,2892,3,227.1123467,60.53652871,62.37932603,59,0,22,104,34.33509925,0,9
2892,2892,2892,2893,0,443.60546,58.20529445,62.91882773,36,0,57,146,34.36928933,2,0
2893,2893,2893,2894,9,469.6132972,57.3425303,54.27748799,59,0,58,143,19.7154298,1,3
2894,2894,2894,2895,0,128.3417261,84.40477535,81.09383601,43,0,30,153,21.7485801,1,4
2895,2895,2895,2896,3,305.6604598,86.48090826,83.2910031,57,1,35,108,25.46113204,0,1
2896,2896,2896,2897,5,488.2543682,63.28411724,67.57688572,23,0,32,156,32.03807076,0,3
2897,2897,2897,2898,5,186.1873357,89.79439361,85.15658842,40,1,25,170,25.96677031,2,3
2898,2898,2898,2899,0,181.74338,69.74136874,68.64327558,24,1,52,163,34.58064469,2,2
2899,2899,2899,2900,0,165.7700142,88.66478146,84.35373597,49,0,38,133,22.4664801,2,4
2900,2900,2900,2901,8,181.7118443,69.27993719,71.30632586,52,0,24,105,34.28584173,0,2
2901,2901,2901,2902,0,225.5179307,56.16350843,56.50950473,23,1,20,139,20.76296433,1,3
2902,2902,2902,2903,5,350.461267,84.32422104,81.04375283,33,0,52,141,22.0281686,1,8
2903,2903,2903,2904,6,127.2306266,50.70606742,54.58085019,52,1,29,107,20.6729157,2,0
2904,2904,2904,2905,8,466.1006863,73.82149636,74.13300886,51,0,49,177,24.29127935,2,5
2905,2905,2905,2906,0,422.4659925,58.82725171,58.07018977,21,1,47,141,25.20057506,1,1
2906,2906,2906,2907,9,307.5197965,79.25845493,78.68944597,53,0,26,161,23.31745463,0,0
2907,2907,2907,2908,3,345.5096707,59.53705117,59.27646748,20,0,43,144,23.73224603,1,9
2908,2908,2908,2909,6,150.4881576,66.51731141,64.50650712,39,0,30,134,20.43729872,2,1
2909,2909,2909,2910,9,282.2829183,68.5525575,64.87692169,23,1,36,145,26.42246895,1,1
2910,2910,2910,2911,2,181.906708,90.7172155,90.69282801,20,0,30,132,19.64421736,2,2
2911,2911,2911,2912,3,430.3550684,51.54691549,51.65365106,28,0,37,134,34.22306506,2,3
2912,2912,2912,2913,4,248.7936002,95.37935829,98.48099939,52,1,53,125,31.73667791,1,8
2913,2913,2913,2914,5,293.6891162,70.1984287,67.56974153,22,0,51,110,27.69777505,1,2
2914,2914,2914,2915,0,464.9698375,74.78133435,73.96643211,26,0,55,170,31.34959323,0,0
2915,2915,2915,2916,7,270.5343792,81.54206207,81.76004129,27,0,43,163,23.54734312,0,6
2916,2916,2916,2917,4,292.1630285,96.2271593,98.73284531,52,0,37,114,30.4401352,2,4
2917,2917,2917,2918,3,244.5728363,71.40406533,68.07317445,47,1,39,117,26.28823172,2,2
2918,2918,2918,2919,6,460.6836833,85.95796571,90.71863969,48,1,39,130,27.49907797,0,7
2919,2919,2919,2920,5,475.8197474,55.23447376,56.12122013,45,1,34,141,31.74136834,2,6
2920,2920,2920,2921,0,357.293849,98.66358506,102.0343233,47,0,24,103,18.7335252,2,1
2921,2921,2921,2922,3,318.7938767,80.15292119,79.30015289,58,0,42,141,28.24546961,1,6
2922,2922,2922,2923,9,297.9603645,65.71997779,66.80161714,23,0,47,149,20.70540172,1,2
2923,2923,2923,2924,6,418.5504762,75.09486849,75.12161245,59,0,31,122,25.92811886,2,5
2924,2924,2924,2925,9,126.1490379,83.32422272,80.56224127,24,1,35,122,24.50358058,0,2
2925,2925,2925,2926,8,443.5053264,68.85081413,64.87942304,33,0,48,103,25.46905201,0,0
2926,2926,2926,2927,1,114.6624711,59.1558043,62.15625433,30,0,44,141,30.799359,0,2
2927,2927,2927,2928,3,415.4921989,62.22697786,62.83487905,32,0,54,120,23.69437096,0,5
2928,2928,2928,2929,7,289.1034986,72.37396334,77.25093016,59,0,20,161,32.11525424,1,0
2929,2929,2929,2930,5,193.9370555,90.0570805,85.86504142,42,1,20,115,26.65127036,0,6
2930,2930,2930,2931,6,413.7641314,63.24299615,61.68722657,34,1,53,119,33.11417266,0,7
2931,2931,2931,2932,0,326.7338486,88.46169888,91.70062089,59,0,57,123,23.80904109,2,0
2932,2932,2932,2933,0,253.0869571,52.74717667,48.1117315,46,0,54,175,31.87659654,0,2
2933,2933,2933,2934,7,217.2212042,87.3498333,88.6336291,55,1,45,119,25.31070202,1,0
2934,2934,2934,2935,8,197.0741086,91.29806058,88.9382123,18,1,38,168,19.08888901,0,4
2935,2935,2935,2936,0,296.6982048,61.86363293,63.57820869,55,0,38,108,23.54016044,2,2
2936,2936,2936,2937,9,258.3731168,95.5196213,98.66249262,25,1,33,146,22.70932406,1,8
2937,2937,2937,2938,5,435.7560312,91.5509802,95.24945727,45,1,44,161,33.1200344,0,3
2938,2938,2938,2939,2,479.0355032,82.70008488,85.6281097,24,1,32,130,31.2335491,0,4
2939,2939,2939,2940,3,138.5750273,55.92935547,56.06198157,47,0,46,134,31.20825105,2,1
2940,2940,2940,2941,3,421.3554821,95.71204123,92.94955132,48,1,44,151,24.37750102,1,5
2941,2941,2941,2942,1,242.958245,69.50474982,74.07169886,43,0,48,165,24.02518463,0,5
2942,2942,2942,2943,2,260.6949492,75.57480046,78.94006189,18,0,46,128,25.82382572,1,9
2943,2943,2943,2944,3,487.9336692,78.15206244,78.90211871,50,1,33,179,29.08319284,0,7
2944,2944,2944,2945,0,328.4223973,79.21527864,79.58157931,19,0,46,152,23.44118918,1,5
2945,2945,2945,2946,3,445.4784439,53.97353967,50.08093884,50,0,49,142,27.06201846,2,8
2946,2946,2946,2947,2,354.3813529,52.9146747,50.34117709,50,0,41,108,25.0769999,1,1
2947,2947,2947,2948,4,328.2852903,88.07453736,87.43721081,49,0,50,164,19.18729594,1,3
2948,2948,2948,2949,3,404.218979,92.79110045,94.52756446,42,0,60,153,25.97302254,0,9
2949,2949,2949,2950,9,463.1455148,83.140631,82.86507179,55,1,44,116,34.27400213,0,3
2950,2950,2950,2951,4,383.0746426,62.25596911,64.08746474,27,0,60,150,24.01055993,0,0
2951,2951,2951,2952,3,222.7452722,76.1561727,71.48161357,28,0,23,177,23.1074507,2,3
2952,2952,2952,2953,0,287.5587985,85.59282883,81.42326768,32,0,38,103,20.48858702,1,8
2953,2953,2953,2954,2,367.9321932,59.63117033,62.8853405,45,1,28,120,33.08562047,0,6
2954,2954,2954,2955,8,239.8666015,94.11375228,97.84733655,39,0,48,178,29.33795783,0,2
2955,2955,2955,2956,3,196.3839915,68.6784839,72.02778181,28,1,49,175,29.14745236,0,0
2956,2956,2956,2957,4,325.7689685,90.50275995,94.67411,47,0,27,160,22.35001111,1,5
2957,2957,2957,2958,8,318.033371,67.14458042,62.69427947,56,1,47,172,32.74795785,0,9
2958,2958,2958,2959,8,233.9365992,95.5463334,93.08010316,34,1,46,147,34.52275247,0,9
2959,2959,2959,2960,1,226.257812,53.2570382,52.15121698,57,1,33,168,31.83227073,2,7
2960,2960,2960,2961,7,105.6859474,77.30172851,76.03866856,19,1,40,101,24.79420608,2,6
2961,2961,2961,2962,8,254.337978,67.59975803,65.37106415,40,1,31,155,25.63446786,1,6
2962,2962,2962,2963,4,184.3349389,86.43141621,87.563912,22,1,60,165,26.33755724,2,6
2963,2963,2963,2964,0,196.6171053,84.97056631,85.20983068,39,0,23,131,25.65733104,1,9
2964,2964,2964,2965,0,127.5859471,52.21231428,56.62101233,43,0,46,109,29.21571734,1,5
2965,2965,2965,2966,6,453.6138498,65.82009258,66.82840634,24,1,30,138,20.28498155,0,9
2966,2966,2966,2967,1,336.9180557,61.17911431,64.01777876,29,0,50,156,23.35864717,1,5
2967,2967,2967,2968,7,207.3015921,92.63016817,91.08466957,39,0,33,149,20.38972138,0,0
2968,2968,2968,2969,0,133.1080418,57.82052712,57.19523257,37,1,22,144,27.35652425,1,4
2969,2969,2969,2970,1,387.3083535,52.28793895,54.07143336,50,1,50,171,21.56176268,1,9
2970,2970,2970,2971,7,495.4912315,81.37447199,79.83579385,48,1,26,147,19.70734564,2,3
2971,2971,2971,2972,4,451.3785111,63.71285168,65.94504963,45,0,42,154,19.1716029,0,7
2972,2972,2972,2973,8,146.4668348,91.50003288,90.46514449,45,0,37,117,23.61703221,2,2
2973,2973,2973,2974,3,192.4230644,91.66304663,93.02183537,18,1,24,111,31.69353562,1,8
2974,2974,2974,2975,1,144.837631,89.10245767,87.30763284,47,0,36,160,30.21570144,1,5
2975,2975,2975,2976,2,144.0284509,74.93131389,76.39580534,39,1,25,120,21.82551828,2,4
2976,2976,2976,2977,5,481.4590159,92.30083356,93.37787729,41,1,48,144,33.13000669,1,0
2977,2977,2977,2978,2,414.915273,82.02874209,77.91704972,28,0,25,141,24.88940505,0,4
2978,2978,2978,2979,5,483.2619114,63.71880492,58.85359991,29,0,43,173,29.57926767,0,6
2979,2979,2979,2980,3,427.8544156,99.73348013,98.66161203,47,0,51,113,28.2234065,0,7
2980,2980,2980,2981,6,469.3684872,90.65464579,88.35362776,47,1,40,119,32.02514359,2,6
2981,2981,2981,2982,3,302.4017194,89.27070097,93.9864475,46,1,29,134,23.23524096,0,4
2982,2982,2982,2983,3,190.5048385,67.85352451,70.18469003,43,0,52,163,24.09246454,1,8
2983,2983,2983,2984,1,204.6691848,94.04816673,89.66141193,38,0,35,165,28.2387005,2,2
2984,2984,2984,2985,2,203.2828976,55.21609403,54.80096217,41,0,21,169,30.55578804,2,3
2985,2985,2985,2986,1,129.0458567,72.56335694,73.21865742,28,1,33,160,22.99571906,1,8
2986,2986,2986,2987,8,358.3236552,71.8474199,71.09861285,21,1,28,120,29.59623822,1,3
2987,2987,2987,2988,1,278.432146,68.68843602,71.72595225,41,1,49,157,25.63982582,1,6
2988,2988,2988,2989,6,361.6970306,96.6785055,99.439642,32,0,36,158,21.73333873,1,6
2989,2989,2989,2990,9,211.1735859,85.44224513,87.8228222,40,1,60,167,18.78637867,1,9
2990,2990,2990,2991,5,424.8680756,88.94783001,88.92411192,43,0,55,167,23.01047702,0,9
2991,2991,2991,2992,8,101.9468197,73.15642199,68.44702225,21,0,46,135,27.47057647,1,3
2992,2992,2992,2993,0,311.3017605,61.07960717,60.86733233,40,0,56,163,23.46145312,0,6
2993,2993,2993,2994,6,266.8547567,84.88487769,86.53388301,45,0,42,115,29.63342815,2,8
2994,2994,2994,2995,5,219.6644769,75.5933762,74.73566636,33,0,45,167,19.57065135,0,8
2995,2995,2995,2996,9,385.5980195,54.15979215,51.07741764,43,0,34,151,34.99547806,1,9
2996,2996,2996,2997,7,283.3777711,78.80198519,78.98319253,46,0,36,114,26.21417902,0,9
2997,2997,2997,2998,4,261.3165457,58.51747414,62.59987749,29,1,35,132,26.60214709,2,3
2998,2998,2998,2999,6,136.4237177,94.10142655,91.76092525,59,0,59,153,30.37368127,0,3
2999,2999,2999,3000,6,339.8668231,74.52030951,71.4136003,24,1,59,122,34.27137956,1,7
3000,3000,3000,3001,1,172.9072401,71.5326052,69.63555977,45,0,51,158,19.19288478,2,9
3001,3001,3001,3002,1,180.6651485,51.28075518,47.79958563,30,1,53,129,27.96004255,0,2
3002,3002,3002,3003,7,254.4774048,80.01712632,83.21876145,55,1,40,171,24.76226683,1,7
3003,3003,3003,3004,2,321.4660516,76.95567677,74.83956774,18,0,44,124,23.87122313,1,3
3004,3004,3004,3005,9,444.1835461,66.24901553,63.41829378,22,1,60,170,27.82377223,1,2
3005,3005,3005,3006,3,190.7949592,64.68036595,60.63076734,52,0,35,179,27.07591819,1,1
3006,3006,3006,3007,4,244.6281895,89.09836138,92.24954823,37,1,32,117,23.52884259,1,9
3007,3007,3007,3008,1,328.6495472,65.89728524,66.80471842,57,1,37,171,29.52403581,1,6
3008,3008,3008,3009,3,340.5006356,90.64188666,89.59456389,19,0,48,114,29.62170219,1,0
3009,3009,3009,3010,7,325.6401481,52.11248821,54.28474779,58,1,23,171,34.79747924,2,0
3010,3010,3010,3011,3,171.0075677,91.04666377,91.32238298,45,0,24,139,24.16195538,1,7
3011,3011,3011,3012,2,156.5661429,84.29305543,85.7619724,37,0,42,173,18.84729542,1,7
3012,3012,3012,3013,5,325.1905044,78.63310045,76.36544183,49,0,47,169,25.0906351,0,5
3013,3013,3013,3014,0,157.9388192,81.73638961,79.89672672,46,0,22,156,30.77489383,2,6
3014,3014,3014,3015,6,436.5106052,71.28587758,66.77589413,36,0,22,162,32.73037309,1,3
3015,3015,3015,3016,3,108.049054,51.76540627,49.11877134,33,0,54,152,27.52195518,1,7
3016,3016,3016,3017,6,202.2209174,60.62367313,64.44108645,40,0,33,163,19.03138546,0,3
3017,3017,3017,3018,9,447.7948701,86.41444681,89.83569744,47,0,33,134,27.31435103,0,6
3018,3018,3018,3019,5,440.163448,98.15958643,96.98852717,43,0,32,138,32.43670532,0,6
3019,3019,3019,3020,9,288.900656,60.97484989,63.17219224,48,0,37,178,20.64831306,0,3
3020,3020,3020,3021,4,128.9230248,57.54632625,53.7472367,52,0,31,158,30.33068217,2,6
3021,3021,3021,3022,8,212.9737425,85.11984877,89.75831403,19,0,42,177,22.94163829,2,5
3022,3022,3022,3023,9,300.9901645,54.56709422,53.19944622,36,1,43,103,22.70897778,1,9
3023,3023,3023,3024,2,368.0177024,61.6505334,65.47225836,39,0,39,113,25.2718249,2,5
3024,3024,3024,3025,0,228.9487836,84.9050266,84.82579856,18,1,25,139,34.92147637,0,5
3025,3025,3025,3026,1,308.0039912,80.89898734,77.73383578,57,1,36,115,19.91949084,2,5
3026,3026,3026,3027,1,290.8650618,64.30261755,64.00482414,21,1,51,110,31.0172232,1,9
3027,3027,3027,3028,9,163.750768,85.12103695,80.52140047,27,1,29,165,30.25001985,1,5
3028,3028,3028,3029,9,415.9541075,99.09781086,103.6322083,24,1,36,120,26.12322292,2,4
3029,3029,3029,3030,7,355.9091341,93.61998493,98.12004101,19,1,26,161,23.65581212,2,2
3030,3030,3030,3031,0,416.5139754,67.4632706,70.82754747,36,0,54,105,20.7797667,2,3
3031,3031,3031,3032,7,499.3810837,88.36603482,92.08389593,38,0,40,135,21.09795415,1,5
3032,3032,3032,3033,9,497.8846026,72.22834343,74.98482519,37,0,37,179,33.77658119,2,4
3033,3033,3033,3034,4,264.8340334,87.6863933,88.17009162,47,0,30,137,31.96601322,1,0
3034,3034,3034,3035,2,287.0107564,53.6322442,57.57726925,18,1,22,121,18.9424432,1,0
3035,3035,3035,3036,6,352.7780933,60.0638444,63.8629162,60,1,49,141,21.39976367,1,2
3036,3036,3036,3037,8,204.1603851,77.64268755,75.8638592,46,1,26,141,29.97661254,0,6
3037,3037,3037,3038,5,223.310943,51.51284942,55.63350563,26,1,43,124,28.17528081,1,9
3038,3038,3038,3039,1,243.4428412,79.98074213,75.1335503,36,0,60,137,21.97401421,1,0
3039,3039,3039,3040,7,105.4449961,80.65349751,83.77766447,53,0,42,151,28.23812873,2,8
3040,3040,3040,3041,6,239.8678928,57.51975417,56.75602817,57,1,39,164,20.29306342,0,0
3041,3041,3041,3042,1,105.7955081,95.92477026,99.1471327,47,0,29,104,31.62620843,1,2
3042,3042,3042,3043,5,386.5074489,51.82239911,53.29612053,48,1,44,161,31.39230606,1,5
3043,3043,3043,3044,1,103.483282,71.16618901,70.36144754,38,1,38,142,34.83632493,1,8
3044,3044,3044,3045,4,428.484096,89.86160598,92.32889993,47,0,21,169,21.60901378,1,6
3045,3045,3045,3046,1,133.0787757,51.34057185,47.39332963,58,0,60,103,19.73765737,2,8
3046,3046,3046,3047,0,268.7563031,71.96163592,73.0698458,22,1,56,128,29.05449865,0,8
3047,3047,3047,3048,8,434.0853905,61.97533397,63.63222148,21,1,59,140,25.05152854,0,4
3048,3048,3048,3049,0,361.1681421,76.00218157,76.61585344,47,1,60,158,28.08794663,2,6
3049,3049,3049,3050,6,246.9615793,72.14328858,71.27068858,50,1,22,139,22.65522229,1,9
3050,3050,3050,3051,9,432.6703129,75.19669824,77.07838225,33,0,20,128,26.26813502,0,0
3051,3051,3051,3052,3,379.9393549,81.60729502,81.08540487,29,0,33,180,30.17599339,1,2
3052,3052,3052,3053,8,376.3484212,80.0254646,83.18743186,54,0,39,125,33.31667436,0,6
3053,3053,3053,3054,5,459.8741664,81.4330817,79.34119784,56,1,35,168,29.58794768,0,2
3054,3054,3054,3055,4,221.6280355,89.95788821,89.95832512,22,1,21,146,18.67874993,0,8
3055,3055,3055,3056,9,402.1521438,68.17752158,72.02402331,50,0,32,145,20.77088219,0,8
3056,3056,3056,3057,5,413.4410714,75.40096213,74.02978481,30,0,20,108,32.60489685,2,3
3057,3057,3057,3058,2,128.0009908,84.69451379,89.06908858,47,1,23,151,21.7097401,1,6
3058,3058,3058,3059,1,364.3410368,81.10270969,82.42956268,28,0,43,147,27.93120678,1,0
3059,3059,3059,3060,0,170.0596764,93.57930497,93.95167448,31,1,28,122,24.99446449,0,6
3060,3060,3060,3061,1,364.4422117,74.22574721,76.36206657,50,0,41,174,29.73027287,2,4
3061,3061,3061,3062,2,295.3556306,95.85562303,99.85444299,53,0,43,130,27.22607261,2,8
3062,3062,3062,3063,2,353.7663063,73.98969315,76.60482762,45,0,32,120,23.75691816,1,6
3063,3063,3063,3064,7,444.4520792,74.69178724,73.89560019,29,1,49,147,32.40506054,1,5
3064,3064,3064,3065,7,309.8481296,96.79055517,98.15100925,29,0,24,173,33.72697995,1,9
3065,3065,3065,3066,6,190.3255236,71.91712559,71.48626511,22,0,25,102,23.65464963,1,9
3066,3066,3066,3067,2,156.0813973,91.90723745,89.5883034,38,0,27,140,23.55364788,0,0
3067,3067,3067,3068,0,430.0971543,51.4576409,48.1440557,60,0,51,168,26.12827591,0,0
3068,3068,3068,3069,9,472.2623743,67.21393257,71.51967097,50,0,26,153,33.02815592,0,7
3069,3069,3069,3070,0,165.3267975,78.31538749,81.97339628,48,1,55,108,24.49965752,2,0
3070,3070,3070,3071,1,184.0239397,94.86837213,95.01491198,44,0,49,133,26.91326228,0,3
3071,3071,3071,3072,8,469.4206366,98.99530588,98.22441809,25,1,56,116,34.55420242,2,4
3072,3072,3072,3073,7,212.016407,90.95918714,86.5692331,50,1,23,135,23.90724163,2,3
3073,3073,3073,3074,3,427.2284457,51.3843995,50.98572085,30,0,45,150,21.41617365,2,9
3074,3074,3074,3075,9,398.8693065,58.19940013,57.82587217,45,0,48,158,23.62974124,1,8
3075,3075,3075,3076,4,493.1016568,57.44193593,60.75146821,43,0,59,145,27.53285507,0,7
3076,3076,3076,3077,5,428.0838538,58.43810151,59.10912391,22,1,44,148,25.98365764,0,2
3077,3077,3077,3078,3,161.9756857,69.72967049,72.18842989,29,0,58,108,27.40712474,0,0
3078,3078,3078,3079,7,427.0092329,73.88438026,71.29144755,47,0,47,103,34.85134333,1,8
3079,3079,3079,3080,2,367.8347429,75.43524931,75.21706157,39,0,26,120,20.71309178,1,2
3080,3080,3080,3081,6,195.0488313,94.44708858,94.32965663,24,1,54,159,24.60232066,2,6
3081,3081,3081,3082,5,166.5256922,92.25798208,96.34996593,29,1,36,169,33.38033764,0,0
3082,3082,3082,3083,6,161.1826524,83.817719,78.90207369,33,1,56,132,28.07648044,1,3
3083,3083,3083,3084,1,469.6351921,78.21280821,81.0874897,27,0,53,159,31.8438692,1,2
3084,3084,3084,3085,9,453.4651888,89.70414912,91.70881755,48,0,24,143,29.32016534,1,0
3085,3085,3085,3086,4,416.0320452,65.36007208,65.71412524,54,0,20,154,33.47377949,2,5
3086,3086,3086,3087,6,128.6854459,88.96216717,88.03736915,27,1,46,145,30.7989851,1,0
3087,3087,3087,3088,8,332.0700086,75.14298929,76.66034985,18,0,30,134,30.7262722,2,3
3088,3088,3088,3089,6,381.6374674,53.72099072,50.12081178,56,0,57,114,21.84901231,2,5
3089,3089,3089,3090,0,198.2032255,83.54077965,84.64135348,59,1,57,125,28.06998729,2,2
3090,3090,3090,3091,4,406.5725018,86.1614418,88.07064745,37,1,58,108,22.30863025,2,0
3091,3091,3091,3092,6,198.1161774,83.1214143,86.25089381,28,0,33,103,33.77405409,1,7
3092,3092,3092,3093,2,349.1593018,92.31441336,94.02283013,48,0,44,127,27.71892687,2,5
3093,3093,3093,3094,3,381.9539977,84.05100383,85.81729351,41,1,60,110,26.55534613,1,3
3094,3094,3094,3095,9,149.0607431,64.53714979,68.09979414,59,1,59,167,25.15321842,2,3
3095,3095,3095,3096,9,301.3598548,81.83350784,77.21294749,52,1,21,161,21.54007964,1,0
3096,3096,3096,3097,6,268.3797364,80.40287328,76.69520788,59,0,40,133,24.46100493,1,8
3097,3097,3097,3098,1,267.4329159,91.4546227,94.72487916,37,0,59,154,32.67717841,2,4
3098,3098,3098,3099,6,111.8220482,54.87383022,54.01685739,49,1,31,136,21.54320986,2,0
3099,3099,3099,3100,0,434.6620643,96.83137632,98.83536243,39,0,49,113,27.34473054,1,2
3100,3100,3100,3101,2,149.1837422,93.10739162,89.19164793,60,1,38,164,18.97586989,0,5
3101,3101,3101,3102,4,485.7271123,61.95702244,60.02479412,27,1,25,165,20.17870434,2,9
3102,3102,3102,3103,7,265.6931258,59.74449251,63.83185643,21,1,56,113,33.9425289,1,7
3103,3103,3103,3104,1,424.9149053,56.10091328,51.8985868,18,1,30,112,24.10448881,1,6
3104,3104,3104,3105,5,179.2448566,85.26928839,82.67318861,47,1,42,153,18.96165303,2,9
3105,3105,3105,3106,7,256.5307515,64.68724952,61.73802621,59,1,53,147,24.42764098,2,2
3106,3106,3106,3107,6,152.2483763,81.38786211,82.26202649,41,0,37,101,19.03136588,0,6
3107,3107,3107,3108,6,417.6658108,62.06317652,66.8463838,54,0,54,116,21.2387857,2,5
3108,3108,3108,3109,2,463.7035789,63.4261137,64.81818445,44,1,36,110,26.85859907,2,2
3109,3109,3109,3110,9,238.2123264,91.11749627,87.63845035,44,0,39,107,32.73058272,0,9
3110,3110,3110,3111,5,472.1365994,55.81783505,52.48262912,26,1,42,173,20.74861838,2,7
3111,3111,3111,3112,3,141.8095049,88.5032515,87.15914058,26,1,51,120,30.10824637,1,8
3112,3112,3112,3113,6,491.935445,50.8224185,50.8347352,43,1,21,133,26.5708927,1,5
3113,3113,3113,3114,1,186.7248826,53.21295434,51.10336785,59,0,31,103,18.99072687,0,5
3114,3114,3114,3115,6,222.274779,99.55473566,102.9929649,18,0,51,177,32.99530886,1,6
3115,3115,3115,3116,9,483.420455,99.26687463,100.409121,46,1,42,111,31.90825134,2,1
3116,3116,3116,3117,7,155.0359191,52.41514461,57.32170171,58,1,50,179,24.81677697,0,9
3117,3117,3117,3118,7,103.4354662,75.6045618,76.68313837,54,0,52,176,34.57052709,1,5
3118,3118,3118,3119,0,373.4662703,77.1036599,80.9314012,19,1,34,134,25.19767693,2,2
3119,3119,3119,3120,4,205.6417966,57.46553998,58.76729058,31,1,47,133,19.55389058,1,5
3120,3120,3120,3121,8,292.2347278,93.819904,89.97080275,53,0,40,126,25.55491415,1,7
3121,3121,3121,3122,5,104.7006406,60.51947414,64.30676929,53,0,32,161,28.18158377,1,2
3122,3122,3122,3123,0,318.622503,81.12209696,85.28806776,55,1,45,104,30.24017748,0,0
3123,3123,3123,3124,3,101.0697178,60.37965462,60.65949591,59,0,30,127,28.23094348,2,3
3124,3124,3124,3125,8,431.1230843,51.81580972,53.57624039,42,0,24,164,34.03562649,0,3
3125,3125,3125,3126,5,193.7968229,56.0557289,57.98935372,43,1,21,157,18.71128585,2,7
3126,3126,3126,3127,1,391.3035783,90.88868318,88.56994757,25,0,37,100,33.06384753,2,7
3127,3127,3127,3128,2,414.0475981,74.42985904,79.13417967,56,0,53,108,30.89482411,0,4
3128,3128,3128,3129,5,329.3406897,62.78365084,60.34126627,28,1,31,132,33.02858254,2,8
3129,3129,3129,3130,6,371.0035139,71.22741086,74.08596309,25,1,36,114,20.93053492,2,2
3130,3130,3130,3131,9,325.3569823,81.50519632,79.89739184,59,1,23,144,31.61838312,0,4
3131,3131,3131,3132,4,295.7912419,71.28689701,68.49495439,33,0,49,126,23.0013724,2,0
3132,3132,3132,3133,4,317.6172897,79.57403534,77.83211543,43,0,25,129,23.88564406,2,8
3133,3133,3133,3134,6,414.7995277,85.74043694,85.84625183,47,0,33,135,34.52410399,2,4
3134,3134,3134,3135,2,334.7122969,67.11798402,62.71791004,36,0,38,145,27.66533858,2,7
3135,3135,3135,3136,1,491.3469804,72.84365099,77.33125001,29,1,34,104,22.71140888,0,1
3136,3136,3136,3137,7,434.9279549,53.97509257,57.68647992,26,0,53,175,22.18605915,0,8
3137,3137,3137,3138,1,211.1234805,59.93988238,60.19393177,53,1,32,158,34.91984518,1,3
3138,3138,3138,3139,6,202.1943477,83.44763566,81.13759877,34,1,53,125,33.08027136,1,0
3139,3139,3139,3140,0,433.4297729,62.45592287,60.12245509,58,0,58,174,31.60685178,1,1
3140,3140,3140,3141,7,402.4296916,67.44895934,70.89306958,19,0,20,178,27.10782014,2,3
3141,3141,3141,3142,8,103.3698305,76.07467014,75.83925784,28,1,37,179,29.84212139,2,9
3142,3142,3142,3143,3,436.5775021,82.93990788,84.49237211,31,1,34,133,23.40661752,0,4
3143,3143,3143,3144,6,459.3660114,67.04031695,66.32100031,27,1,23,132,27.50828156,0,6
3144,3144,3144,3145,9,143.2762221,70.22703108,74.6727155,35,0,45,178,18.66816427,1,4
3145,3145,3145,3146,7,121.2585394,59.25274296,62.806158,42,1,23,141,19.14058137,1,3
3146,3146,3146,3147,7,464.3195502,56.70202182,55.82983047,27,1,28,137,33.31268076,0,2
3147,3147,3147,3148,1,104.6019427,72.37644914,72.74311051,25,0,48,173,28.28008335,1,8
3148,3148,3148,3149,9,453.4742271,64.19400486,65.26670183,58,0,52,139,26.63566539,1,8
3149,3149,3149,3150,4,113.585438,89.82247479,86.77285886,40,1,47,126,20.34353468,0,1
3150,3150,3150,3151,1,358.1121528,63.20376514,60.10804264,44,0,26,110,21.7214376,1,7
3151,3151,3151,3152,8,148.6876423,91.33557372,91.59326993,49,0,60,157,23.87246598,2,8
3152,3152,3152,3153,7,146.7072602,61.91505014,63.93670502,34,0,23,119,21.23764136,2,4
3153,3153,3153,3154,6,437.8646697,78.97787301,82.68880836,55,0,32,169,20.49621863,2,6
3154,3154,3154,3155,6,402.2292064,91.16673781,90.81331646,52,1,51,116,31.75310456,1,0
3155,3155,3155,3156,9,440.8363781,84.23595523,84.48360848,46,1,26,171,23.08561344,0,4
3156,3156,3156,3157,2,301.7250469,89.44935633,84.70153079,22,1,33,123,30.48198444,1,5
3157,3157,3157,3158,8,196.8220574,76.23932905,71.68720845,48,1,32,158,33.25414962,1,9
3158,3158,3158,3159,5,301.2597799,65.57096087,61.31856621,39,0,40,172,27.00567002,1,7
3159,3159,3159,3160,4,324.3079994,53.79907407,57.46415217,40,0,33,121,33.15128359,1,7
3160,3160,3160,3161,4,137.1285553,82.74285198,86.6758373,57,1,40,134,26.94879959,0,5
3161,3161,3161,3162,7,174.2961388,72.16551576,73.91353085,37,0,53,113,25.48739189,0,1
3162,3162,3162,3163,1,275.0741077,92.11527986,93.34223444,25,0,44,159,21.13435001,1,0
3163,3163,3163,3164,6,130.6890786,67.09934664,65.67868718,49,0,43,151,19.9556784,1,3
3164,3164,3164,3165,1,226.7238738,52.03906624,50.29156537,52,0,50,130,34.85814576,1,8
3165,3165,3165,3166,9,326.5735744,98.50199141,101.3627273,33,0,45,178,18.56562493,1,3
3166,3166,3166,3167,4,399.3724206,64.59871581,64.1737888,56,1,44,155,26.2855302,1,5
3167,3167,3167,3168,2,325.2413403,61.09161295,56.67225473,54,1,46,137,34.02791176,2,4
3168,3168,3168,3169,4,106.8609422,95.45129239,93.17778628,18,1,30,110,20.33105241,0,3
3169,3169,3169,3170,1,426.2582464,54.89056582,52.61977393,50,1,21,129,25.24769204,0,6
3170,3170,3170,3171,4,108.4637167,69.81037467,67.70288755,20,0,38,151,31.36086122,0,3
3171,3171,3171,3172,0,326.5392984,69.2882202,73.75267579,51,1,46,160,19.26036877,0,3
3172,3172,3172,3173,7,444.9655819,91.45388803,93.7695324,48,1,28,106,22.16906648,1,2
3173,3173,3173,3174,9,390.0889941,83.6292619,79.1425633,39,1,51,152,33.8016118,1,1
3174,3174,3174,3175,0,350.6312091,97.14915709,101.6653782,42,0,30,158,22.15280051,1,4
3175,3175,3175,3176,3,219.9614416,51.4368773,53.72205363,33,1,43,172,25.03219899,1,7
3176,3176,3176,3177,4,310.9658166,98.64970326,97.70598178,59,1,37,106,24.33666921,2,4
3177,3177,3177,3178,5,370.37084,96.32577335,95.45546512,55,0,40,175,32.16152929,0,3
3178,3178,3178,3179,5,388.2766854,54.86940553,50.88608023,57,1,40,116,20.99509675,2,1
3179,3179,3179,3180,8,119.1873113,71.1160224,74.4211064,53,0,30,175,21.73415852,2,8
3180,3180,3180,3181,3,394.7231438,62.85014688,67.55512477,59,0,53,116,28.03178631,2,6
3181,3181,3181,3182,2,196.9516208,52.14969589,52.54088208,50,1,28,178,30.13572893,1,6
3182,3182,3182,3183,6,481.8342138,52.78439547,57.39207495,23,1,43,143,28.34355959,2,8
3183,3183,3183,3184,9,247.855853,59.22414901,63.75796751,28,0,20,159,18.57434358,2,7
3184,3184,3184,3185,9,262.0791248,56.87443355,58.55395136,36,1,20,143,22.0357012,0,9
3185,3185,3185,3186,7,221.7049665,94.44507645,90.39135113,26,0,52,163,26.99414581,1,9
3186,3186,3186,3187,4,129.9434082,98.48382844,97.95316699,27,0,25,137,30.07204633,0,8
3187,3187,3187,3188,5,200.097098,79.19035388,77.8107058,31,1,42,117,30.53383919,0,8
3188,3188,3188,3189,4,264.330072,66.51877595,70.29204271,53,0,22,126,21.42689494,0,7
3189,3189,3189,3190,3,291.7361887,52.74286284,50.69288575,40,1,51,176,20.67066883,0,1
3190,3190,3190,3191,1,175.9401531,55.96608785,60.28956555,34,1,49,117,26.59893998,0,1
3191,3191,3191,3192,6,150.7615404,88.83477822,92.05057752,30,1,28,150,26.88450183,2,2
3192,3192,3192,3193,9,296.774031,61.19282768,58.54191935,34,0,31,123,29.20041825,2,1
3193,3193,3193,3194,6,388.6534506,74.42461398,75.27823413,21,1,43,110,29.72223519,1,8
3194,3194,3194,3195,4,240.2169199,51.90115459,55.67243795,41,0,47,100,28.84661153,0,3
3195,3195,3195,3196,4,422.3141248,59.48475388,58.70671515,37,0,42,140,33.41135214,1,4
3196,3196,3196,3197,5,147.7599344,80.04036931,80.93167321,54,0,33,175,32.99292897,2,3
3197,3197,3197,3198,0,426.1875245,76.62792848,77.85734774,59,0,45,166,18.68058008,2,3
3198,3198,3198,3199,0,255.4457242,82.88716961,83.61855067,40,0,33,144,24.21915158,0,5
3199,3199,3199,3200,3,270.1172568,60.81379746,61.16772245,39,0,43,144,30.50801445,1,8
3200,3200,3200,3201,6,348.5407026,72.22116038,71.94835443,57,1,22,153,18.51887781,0,4
3201,3201,3201,3202,4,393.7708473,99.57105629,101.9284632,41,1,27,144,31.67797025,1,5
3202,3202,3202,3203,6,371.6881577,86.80950042,91.47555555,23,0,31,169,29.68228224,0,9
3203,3203,3203,3204,7,353.4504223,72.0278359,76.37088372,52,0,51,123,28.40282022,0,1
3204,3204,3204,3205,0,191.5711596,91.83782842,89.09778147,19,0,35,178,27.13636485,0,4
3205,3205,3205,3206,8,497.447433,84.66712273,88.38848489,36,1,39,135,32.00273766,2,9
3206,3206,3206,3207,4,349.8406933,60.09150103,62.86007961,47,0,33,154,29.85171733,1,5
3207,3207,3207,3208,6,277.2198588,83.10601777,80.94274272,33,0,33,152,26.31644623,2,6
3208,3208,3208,3209,3,451.8747598,50.28801771,51.30932495,56,0,44,100,33.40358549,0,1
3209,3209,3209,3210,6,393.0142621,98.72978915,95.65025386,32,0,39,121,30.83607537,1,0
3210,3210,3210,3211,0,150.7349746,95.69423258,95.10355469,36,0,42,179,33.91802467,1,5
3211,3211,3211,3212,4,459.1008873,93.38423973,90.9199494,32,1,44,119,29.65502744,0,1
3212,3212,3212,3213,0,478.7869418,93.51612739,88.5717969,31,1,57,155,28.3353235,1,5
3213,3213,3213,3214,7,332.1227787,58.75791526,55.76601144,18,0,48,160,26.17722622,0,1
3214,3214,3214,3215,3,128.9332807,56.94032628,58.04737148,32,0,54,147,30.55664247,1,2
3215,3215,3215,3216,7,370.4388647,97.86980277,98.25590825,26,1,41,147,21.00646191,2,2
3216,3216,3216,3217,6,107.8348303,68.55923369,68.24464854,48,1,29,180,33.71949594,1,0
3217,3217,3217,3218,3,362.312734,80.52541955,81.46679323,59,1,35,135,20.21446015,1,1
3218,3218,3218,3219,1,457.9121574,77.54954765,77.09684081,27,1,24,130,22.56657124,0,9
3219,3219,3219,3220,4,467.5693577,90.91167331,95.82176784,35,0,52,149,27.20784907,1,7
3220,3220,3220,3221,5,110.0700706,96.60533867,101.5133637,28,1,39,108,33.6216158,0,1
3221,3221,3221,3222,6,331.4892426,50.56121275,55.41527591,52,1,33,141,19.39633492,0,3
3222,3222,3222,3223,5,127.7442821,56.43225561,61.09023392,19,1,57,152,18.73996905,1,3
3223,3223,3223,3224,4,431.9426192,55.37106689,59.29253661,18,0,54,112,29.53319717,1,6
3224,3224,3224,3225,5,198.2736314,74.43644145,75.33957928,21,1,25,151,21.20862949,2,3
3225,3225,3225,3226,4,363.1560243,50.15719277,52.02615637,31,1,56,168,30.52469977,0,5
3226,3226,3226,3227,7,111.1425702,72.50406684,75.1770531,54,0,43,145,33.54474301,1,3
3227,3227,3227,3228,1,150.1410235,67.76281447,64.5266671,51,0,56,144,21.35768018,1,5
3228,3228,3228,3229,8,481.6067745,85.04862257,80.12468859,47,0,38,119,33.22753018,2,2
3229,3229,3229,3230,6,168.4831139,98.10412211,93.61037804,29,1,29,120,32.55852916,2,5
3230,3230,3230,3231,6,268.6945229,59.6428705,56.40817284,46,1,48,140,29.01415814,0,3
3231,3231,3231,3232,2,184.7702042,65.25990852,62.35928088,55,1,50,167,33.52461055,1,3
3232,3232,3232,3233,6,195.8123279,56.06666025,58.75270324,18,1,50,104,30.34225858,2,3
3233,3233,3233,3234,5,307.3688578,85.45129447,87.73021214,57,0,28,171,22.65342875,2,4
3234,3234,3234,3235,7,122.7541083,97.81400579,94.32819881,26,1,59,138,28.50715327,2,3
3235,3235,3235,3236,1,442.5008049,94.50569105,90.51900516,52,1,20,111,28.48469078,0,4
3236,3236,3236,3237,4,450.8147547,87.54876103,87.43605223,46,0,37,153,28.23472224,1,9
3237,3237,3237,3238,7,390.6433627,53.73260565,49.6828942,60,0,40,156,24.58150878,1,8
3238,3238,3238,3239,5,457.4983185,55.53891084,57.09360778,55,0,31,105,32.32734575,1,7
3239,3239,3239,3240,3,428.5207004,67.65125997,63.31113777,34,0,60,180,23.85222176,1,3
3240,3240,3240,3241,2,490.7181597,52.38160658,51.5820087,55,0,45,145,25.17403413,2,8
3241,3241,3241,3242,5,482.0553001,76.81344166,73.15312368,53,1,59,153,19.09651282,0,6
3242,3242,3242,3243,7,364.9946185,85.53140471,88.89667114,30,1,55,176,33.8141992,2,8
3243,3243,3243,3244,0,200.4664974,73.64980702,73.3936895,37,1,53,173,30.67454526,2,6
3244,3244,3244,3245,7,252.5886307,92.32791907,93.74600738,58,0,33,127,26.82333142,2,1
3245,3245,3245,3246,6,188.5118981,53.30747496,55.3824446,43,1,55,124,20.22808918,1,7
3246,3246,3246,3247,3,248.0626346,95.57394291,91.60142185,26,1,35,160,22.29194049,0,5
3247,3247,3247,3248,6,289.1200478,83.5911934,86.30990968,21,1,46,129,26.21053589,0,6
3248,3248,3248,3249,0,341.3107278,85.11249885,89.89991683,29,1,57,165,33.67106054,2,8
3249,3249,3249,3250,7,114.4655463,91.96589435,96.96550754,45,0,43,116,22.36593955,0,1
3250,3250,3250,3251,3,373.873671,99.25099654,102.3021725,57,0,39,162,30.40643581,2,2
3251,3251,3251,3252,8,472.6242176,86.40847335,83.1075405,49,1,53,173,27.00110069,1,0
3252,3252,3252,3253,9,439.8811974,91.49715246,94.23245234,21,1,36,171,33.49693479,2,9
3253,3253,3253,3254,1,399.3272835,75.64514223,75.12069522,21,1,21,116,25.38049498,2,8
3254,3254,3254,3255,6,243.2551923,98.98597766,96.95448078,41,1,27,159,32.53811505,1,1
3255,3255,3255,3256,0,387.3118697,73.68698332,78.66237206,51,0,42,148,30.3460805,0,8
3256,3256,3256,3257,1,290.6805495,62.09689157,64.83302914,45,0,60,112,32.23271642,2,0
3257,3257,3257,3258,9,231.9286585,80.58425557,79.67153202,60,1,25,159,24.4680656,2,9
3258,3258,3258,3259,4,443.597304,89.73538872,89.2733785,49,1,46,128,30.80663814,2,7
3259,3259,3259,3260,5,352.8776006,73.69510147,70.89227544,24,1,47,177,25.95693473,1,5
3260,3260,3260,3261,8,144.1033047,71.8272265,74.16900366,30,1,42,155,28.98897211,1,6
3261,3261,3261,3262,4,484.5551981,93.45937536,90.23921602,49,0,38,122,31.34323422,0,8
3262,3262,3262,3263,0,491.479648,65.29427778,70.20379551,21,0,44,117,24.45878989,2,4
3263,3263,3263,3264,2,201.0190131,70.12096408,74.56400464,35,1,24,152,28.24566501,2,4
3264,3264,3264,3265,1,236.5460231,70.91322068,67.49215581,46,1,41,142,25.12976136,2,8
3265,3265,3265,3266,7,469.4161187,63.07278726,62.68789376,41,0,51,113,32.23600511,1,2
3266,3266,3266,3267,8,447.0781353,56.7213878,58.69766403,42,1,27,114,21.83867321,1,4
3267,3267,3267,3268,4,463.3947209,58.23184083,58.9912116,42,0,31,142,27.47485231,2,8
3268,3268,3268,3269,0,415.3718827,80.33186181,81.6119992,26,1,23,111,29.40555691,2,8
3269,3269,3269,3270,5,407.8871766,98.86357696,102.3882626,22,1,60,100,22.03831078,1,0
3270,3270,3270,3271,9,456.7756269,64.70342973,65.1594228,60,0,38,117,25.95322649,2,2
3271,3271,3271,3272,4,136.0594544,61.85569008,66.22566804,26,0,24,136,21.00487314,1,0
3272,3272,3272,3273,8,468.8302752,69.52864052,72.37910623,54,0,50,104,25.23085595,2,7
3273,3273,3273,3274,2,157.0817649,91.51187606,88.85741378,35,1,28,158,25.94178003,0,4
3274,3274,3274,3275,7,111.751021,58.88015265,57.52286989,57,0,20,101,19.51664023,1,4
3275,3275,3275,3276,5,168.5909541,84.38058725,79.63714232,49,1,34,144,29.16968812,2,7
3276,3276,3276,3277,1,164.8355452,69.29576841,65.72583638,29,1,53,134,20.0305735,1,8
3277,3277,3277,3278,4,347.9961564,89.3215608,90.24824648,37,0,55,119,21.48998333,2,1
3278,3278,3278,3279,6,352.823883,93.54861321,95.2920335,28,0,22,161,32.0751269,2,1
3279,3279,3279,3280,9,244.4287492,94.75445924,96.06977401,40,0,41,124,20.00642562,0,2
3280,3280,3280,3281,2,200.7454917,67.72850499,66.81281498,42,0,27,105,30.64877695,2,2
3281,3281,3281,3282,2,146.937711,74.59373128,75.19528071,45,0,27,180,23.48668546,1,5
3282,3282,3282,3283,2,363.4092889,63.5118384,65.71763344,39,1,43,125,27.71777728,2,7
3283,3283,3283,3284,2,373.8291912,83.17555636,80.74262354,32,0,46,149,29.11525972,2,1
3284,3284,3284,3285,4,151.4155948,60.58724823,61.76751465,60,1,46,154,21.20417245,1,8
3285,3285,3285,3286,2,327.115717,71.20211374,70.67140056,50,0,39,132,24.26789239,0,3
3286,3286,3286,3287,9,441.7395261,66.0984089,62.85780514,53,1,38,145,28.46606863,2,3
3287,3287,3287,3288,7,177.7901169,66.79584844,68.76215853,59,0,37,163,34.91946786,0,6
3288,3288,3288,3289,0,113.6697847,71.83723817,69.4800604,50,0,32,101,20.26612483,2,7
3289,3289,3289,3290,7,215.4243948,97.77798736,100.8639396,21,1,50,150,19.20635713,2,7
3290,3290,3290,3291,8,446.0741014,72.64316198,69.40154407,31,0,43,178,21.12553756,0,9
3291,3291,3291,3292,8,145.9088072,71.18944665,66.19645976,32,0,26,147,32.70992637,0,4
3292,3292,3292,3293,9,246.4561285,87.6578841,86.58270963,50,0,30,133,28.93783408,2,7
3293,3293,3293,3294,0,313.1536006,53.08597769,54.41119747,37,1,47,160,22.87054684,1,4
3294,3294,3294,3295,4,122.4882288,61.06636251,59.54011518,32,1,56,157,32.51478881,1,9
3295,3295,3295,3296,7,419.8575131,97.92398044,95.88345962,56,0,33,169,31.58436842,0,9
3296,3296,3296,3297,3,292.4028831,60.85224842,64.76070855,18,0,29,171,25.81101004,0,4
3297,3297,3297,3298,7,343.5172648,60.91210094,62.71032988,25,0,57,154,18.82826011,1,7
3298,3298,3298,3299,7,380.8991534,67.96568963,64.30481782,32,1,24,126,20.70783762,0,7
3299,3299,3299,3300,2,366.5420036,58.29608754,53.36747226,59,0,57,162,26.61867143,1,6
3300,3300,3300,3301,0,187.2386368,53.73407842,55.85553212,26,0,38,133,23.6552874,2,1
3301,3301,3301,3302,8,369.8809791,79.80167412,80.04380652,32,1,60,132,31.32306576,1,5
3302,3302,3302,3303,7,395.7500898,64.59722692,61.11632834,45,0,47,129,21.12526789,1,9
3303,3303,3303,3304,1,475.4172127,82.69278681,78.49825035,55,0,60,161,22.17529557,0,6
3304,3304,3304,3305,0,130.1609002,95.23678744,91.68087007,34,1,55,126,26.66552368,1,6
3305,3305,3305,3306,3,393.9494941,66.19833648,61.62245572,18,1,57,113,19.39084723,2,2
3306,3306,3306,3307,8,157.4587163,99.66097261,101.3648142,43,0,55,159,30.23903789,0,3
3307,3307,3307,3308,4,489.4733095,53.27355362,58.00317301,24,0,47,129,19.67119098,0,1
3308,3308,3308,3309,3,119.1021721,97.05631379,94.28464187,31,1,32,153,26.88681857,0,1
3309,3309,3309,3310,2,321.6806534,51.64540577,51.09039467,60,1,48,107,27.8078546,0,1
3310,3310,3310,3311,1,217.1943395,84.72696378,82.39182961,26,1,60,146,30.93696137,2,9
3311,3311,3311,3312,7,139.9685597,62.68314984,57.75773425,59,1,49,152,27.29982596,2,7
3312,3312,3312,3313,6,212.7413003,90.97091157,94.80011558,33,1,51,117,30.82953135,2,4
3313,3313,3313,3314,8,222.9783623,51.96987388,54.53767515,22,1,56,142,33.97393468,0,9
3314,3314,3314,3315,7,371.4576105,89.88907353,88.17537088,28,0,22,154,27.50650321,1,1
3315,3315,3315,3316,2,418.2137342,50.56977151,46.50087604,32,1,48,143,33.98884395,0,9
3316,3316,3316,3317,6,488.2404117,60.85883732,57.4168592,21,0,54,180,23.05149438,1,3
3317,3317,3317,3318,8,324.8410804,69.41880123,67.01157952,57,0,46,163,21.2765389,2,9
3318,3318,3318,3319,0,183.7605829,86.82503871,89.0123574,31,1,52,128,32.76208383,1,0
3319,3319,3319,3320,5,238.4616299,51.0347197,53.27258113,44,0,28,145,22.45541908,2,6
3320,3320,3320,3321,6,190.2634238,97.53691063,96.73691007,46,1,29,138,29.19806512,0,5
3321,3321,3321,3322,4,237.3053481,98.88972655,97.21901028,60,0,48,168,27.37176042,1,7
3322,3322,3322,3323,2,299.5599261,88.15962463,87.82381873,55,1,25,162,24.17044035,2,6
3323,3323,3323,3324,8,421.6028638,88.29211117,89.51462125,24,1,48,101,18.63141685,1,8
3324,3324,3324,3325,9,385.1032875,97.37941524,99.22278628,31,0,42,171,26.49886891,0,1
3325,3325,3325,3326,6,206.605811,88.34916162,85.33116113,51,1,32,101,25.83735745,1,0
3326,3326,3326,3327,9,330.0282042,89.38288008,91.4459477,54,1,56,104,29.51867553,2,3
3327,3327,3327,3328,2,302.0901507,73.44049921,77.67873809,60,1,47,169,24.51200964,2,8
3328,3328,3328,3329,9,411.0609613,73.97695683,74.13113961,60,1,30,135,26.59809889,0,8
3329,3329,3329,3330,0,334.3754201,90.44467084,93.43334642,39,0,54,156,34.21275499,2,9
3330,3330,3330,3331,1,414.0054575,76.85277407,78.00177188,45,1,25,131,29.43579839,0,2
3331,3331,3331,3332,2,434.8070411,91.15082533,89.571121,19,1,35,146,33.21431804,2,2
3332,3332,3332,3333,1,441.7966183,64.30283215,61.43390244,26,0,52,138,19.59542683,1,7
3333,3333,3333,3334,8,484.0864916,56.13419227,54.628443,40,0,47,167,34.55015317,2,9
3334,3334,3334,3335,4,493.9120812,82.84259122,83.8698461,39,1,33,147,34.82789516,2,8
3335,3335,3335,3336,6,454.9942599,74.24481058,72.52036458,60,1,53,101,29.49815005,0,4
3336,3336,3336,3337,2,185.4069729,97.50886731,95.66822165,58,0,39,145,31.85458794,2,9
3337,3337,3337,3338,7,498.2554866,72.83469184,76.42392404,52,1,30,131,33.85615343,2,1
3338,3338,3338,3339,2,121.4645148,80.88694636,85.2359183,27,1,49,121,19.70746783,2,4
3339,3339,3339,3340,3,107.9978503,65.88953818,70.06582447,31,1,48,174,24.85891758,0,6
3340,3340,3340,3341,1,137.8747956,71.39980543,75.94318629,34,0,39,128,31.33239647,2,9
3341,3341,3341,3342,3,205.1933391,87.82084165,89.56335415,23,0,36,162,28.18265325,2,2
3342,3342,3342,3343,3,150.4140416,96.05879193,100.6023174,33,1,42,166,23.49161207,1,9
3343,3343,3343,3344,5,360.8254881,55.20174341,50.33295346,26,0,58,124,27.67047993,1,7
3344,3344,3344,3345,7,273.2786325,90.92660827,90.90626568,53,0,25,170,27.79979834,0,8
3345,3345,3345,3346,4,289.5587943,97.32624054,93.02843636,38,0,23,130,25.64620727,0,2
3346,3346,3346,3347,8,475.2357115,57.55906386,56.74892433,46,1,31,117,18.62754606,0,2
3347,3347,3347,3348,3,280.2894688,87.82267314,84.66381767,36,0,28,105,25.17914153,1,5
3348,3348,3348,3349,8,431.0176869,77.41347428,81.72246504,45,1,39,129,27.52957065,1,7
3349,3349,3349,3350,8,462.3158519,73.58592124,76.56901148,47,0,57,144,29.91488189,2,2
3350,3350,3350,3351,0,362.595183,98.88919849,101.1755191,39,1,41,108,31.76716222,2,7
3351,3351,3351,3352,8,391.7835469,77.54629951,73.31132734,43,1,40,146,32.06085973,0,8
3352,3352,3352,3353,9,259.7625008,86.61277759,88.2767031,48,0,27,158,18.74687152,2,4
3353,3353,3353,3354,5,237.3963641,78.90648083,79.3518408,54,1,35,138,27.92373424,0,5
3354,3354,3354,3355,5,116.7932719,74.05631789,72.62195394,34,1,33,144,19.65833045,0,2
3355,3355,3355,3356,9,411.7733659,77.99226744,73.8491894,40,0,42,108,24.54797304,1,9
3356,3356,3356,3357,5,339.4432092,69.59707768,69.56302398,31,0,21,116,23.93124877,1,1
3357,3357,3357,3358,2,253.8585648,77.12970251,80.31677735,35,1,30,139,24.30970229,1,7
3358,3358,3358,3359,3,178.3639678,77.94840122,80.26521433,28,0,23,109,20.04086353,0,3
3359,3359,3359,3360,0,213.063698,99.41958981,103.6244613,30,1,35,103,34.14978656,0,1
3360,3360,3360,3361,8,337.5281436,56.93101702,60.73902074,50,1,28,163,24.14918586,1,6
3361,3361,3361,3362,6,360.2880127,77.65281444,79.26662528,30,1,48,115,22.25079433,2,0
3362,3362,3362,3363,1,240.861515,64.1147796,61.20115123,35,0,47,159,19.32809017,1,0
3363,3363,3363,3364,1,250.6985746,55.63073167,54.77800664,40,0,42,176,32.07759253,2,6
3364,3364,3364,3365,5,442.8657327,89.54347532,88.68895611,19,1,43,172,33.50493263,1,6
3365,3365,3365,3366,3,257.1297731,97.76027023,102.519595,52,1,59,130,23.91775574,2,3
3366,3366,3366,3367,6,461.815491,96.36146116,101.2848883,23,1,49,172,30.23034493,1,4
3367,3367,3367,3368,1,294.65387,99.28294566,94.78722629,48,1,39,161,34.58362338,2,8
3368,3368,3368,3369,9,432.2227903,94.15721882,95.91083098,42,0,24,116,23.42276285,1,8
3369,3369,3369,3370,7,439.2711422,63.56192966,58.62532326,35,1,50,120,27.7205049,0,2
3370,3370,3370,3371,9,343.4809115,86.89179429,90.52240383,34,0,30,113,27.54579384,1,7
3371,3371,3371,3372,6,420.4928197,87.02711904,88.80335515,55,0,21,147,21.33781427,1,9
3372,3372,3372,3373,6,157.3742917,88.68977586,87.64419896,42,1,38,173,22.90343322,2,1
3373,3373,3373,3374,5,200.5409972,61.83571671,59.83043376,22,1,43,161,19.78294138,0,0
3374,3374,3374,3375,6,353.2894806,64.43544462,60.52598998,25,1,56,132,24.54458911,2,5
3375,3375,3375,3376,1,444.87959,81.01519483,84.34462207,25,1,58,131,20.94199295,1,1
3376,3376,3376,3377,9,227.4405981,76.70021078,79.41455059,48,0,48,139,30.01620269,2,0
3377,3377,3377,3378,4,316.7751956,76.06704355,79.2412128,57,1,30,102,26.46304254,0,9
3378,3378,3378,3379,9,354.1458715,54.29315089,53.93161841,32,1,57,142,31.37320281,2,5
3379,3379,3379,3380,2,175.3295869,65.15217621,68.45218268,26,1,35,132,28.39202405,2,2
3380,3380,3380,3381,0,189.3188521,97.67095503,93.14378336,22,1,51,131,30.45664158,2,2
3381,3381,3381,3382,4,399.2910201,59.02848393,61.64477736,53,1,51,129,19.59858661,1,9
3382,3382,3382,3383,0,301.4152267,61.24766297,59.48706598,19,0,43,174,22.52782587,0,0
3383,3383,3383,3384,0,103.2552173,67.39547994,68.90407495,39,0,53,114,22.00936543,0,2
3384,3384,3384,3385,1,121.0820319,94.84526886,95.85148267,44,0,25,134,27.98109424,2,6
3385,3385,3385,3386,4,499.1090321,71.91613134,68.57306698,52,0,22,111,34.16341131,2,6
3386,3386,3386,3387,8,467.0797734,84.79941585,82.34991081,56,1,37,148,22.49758241,1,3
3387,3387,3387,3388,6,220.929529,60.34360778,61.75302326,24,1,26,172,33.05008357,1,3
3388,3388,3388,3389,4,466.7225232,76.58880216,77.2466548,36,1,36,129,25.35510739,1,9
3389,3389,3389,3390,9,395.7734863,89.03713452,93.15272647,31,0,46,121,19.1025014,0,7
3390,3390,3390,3391,7,185.0191383,91.52219822,87.23107524,46,0,47,164,23.90279975,1,4
3391,3391,3391,3392,9,221.6916523,79.52424571,78.76745262,59,0,43,171,22.23209333,2,7
3392,3392,3392,3393,6,331.302938,85.04204487,81.3605358,47,0,25,166,23.09110724,2,1
3393,3393,3393,3394,6,265.9702803,50.4665751,52.41010468,21,1,38,155,30.14077438,0,4
3394,3394,3394,3395,6,278.1134911,56.43320819,59.3323199,51,1,32,128,23.63974028,2,4
3395,3395,3395,3396,0,109.2141555,58.9471121,54.13104904,57,1,51,175,34.51324503,0,2
3396,3396,3396,3397,9,121.8467044,68.19316156,72.21254181,28,0,58,157,32.91011115,2,9
3397,3397,3397,3398,7,475.0412342,51.20715073,53.36399817,34,0,60,101,22.26188997,2,6
3398,3398,3398,3399,7,174.1162671,90.0040434,90.87630536,35,1,28,133,20.46404907,2,1
3399,3399,3399,3400,0,170.7656707,75.72174147,78.73603491,35,0,20,105,33.98419008,0,0
3400,3400,3400,3401,0,241.0587241,83.81498049,87.90121044,33,1,28,123,21.59156158,1,9
3401,3401,3401,3402,3,286.3241439,80.09526133,76.23236802,21,0,58,141,34.20455963,1,8
3402,3402,3402,3403,4,325.8025129,97.3165304,100.0031307,49,0,33,111,32.93733525,2,2
3403,3403,3403,3404,5,478.8975791,82.99483014,78.83573777,19,1,34,176,21.26434852,1,5
3404,3404,3404,3405,9,242.3678866,97.75002027,94.17610143,36,1,27,110,28.85451594,0,2
3405,3405,3405,3406,4,343.6679866,80.4364236,84.60123836,49,1,24,138,29.63672526,0,4
3406,3406,3406,3407,8,239.7774609,80.11519272,82.68550899,44,1,54,157,24.11668598,0,4
3407,3407,3407,3408,7,129.7516826,56.42081568,59.43362417,30,1,56,118,34.51125401,0,1
3408,3408,3408,3409,9,201.881371,76.62405755,74.30352853,49,1,31,114,25.62478162,0,6
3409,3409,3409,3410,7,138.0624668,95.01434467,94.25142582,50,1,23,148,30.07378013,1,1
3410,3410,3410,3411,4,262.0190788,84.21764501,88.25256546,24,1,27,119,26.17186467,2,7
3411,3411,3411,3412,4,229.9273813,78.22504753,79.94786924,20,1,45,145,22.01014448,0,2
3412,3412,3412,3413,1,177.6027613,65.80499385,64.99922757,39,0,42,150,25.84739587,0,7
3413,3413,3413,3414,8,347.4740588,95.75855495,90.94993267,28,1,37,106,23.01283506,0,3
3414,3414,3414,3415,3,242.1204422,75.80467652,77.30061187,26,1,43,161,21.58360173,0,1
3415,3415,3415,3416,6,283.6387825,71.86461102,68.17548025,54,0,23,112,27.83495755,1,9
3416,3416,3416,3417,3,231.6998291,52.41415505,53.09121027,55,0,29,122,25.78102701,1,2
3417,3417,3417,3418,2,382.372194,84.63838336,80.25117334,26,0,37,126,28.74107321,0,3
3418,3418,3418,3419,4,350.5420888,89.35622091,87.39564786,45,0,52,102,26.2018579,1,5
3419,3419,3419,3420,5,208.5142333,98.66920441,101.8376754,47,0,36,152,25.44103119,1,7
3420,3420,3420,3421,2,319.3893387,63.25047021,60.63710295,41,1,24,100,27.83001511,2,0
3421,3421,3421,3422,7,327.1062406,73.20213697,78.05298817,55,0,25,144,21.68087448,0,2
3422,3422,3422,3423,1,360.1036808,67.85541014,68.4306609,39,1,45,177,28.9127734,0,6
3423,3423,3423,3424,0,101.0306114,77.97117585,74.59548482,57,1,35,117,18.94557462,2,1
3424,3424,3424,3425,6,223.8951789,90.67205498,90.42507815,50,1,35,122,21.29646339,0,6
3425,3425,3425,3426,8,374.0636324,51.74165988,47.74632133,52,1,38,141,25.80699577,2,8
3426,3426,3426,3427,6,383.7126002,52.1883481,55.10639335,22,0,41,157,31.22591142,2,8
3427,3427,3427,3428,4,297.1259247,63.24855404,66.78047451,45,0,59,123,19.20281812,0,6
3428,3428,3428,3429,0,185.9323285,87.49630002,84.32861989,59,0,23,109,30.75002814,1,8
3429,3429,3429,3430,3,346.1952082,51.27180422,55.04847354,56,0,51,142,27.50760672,0,8
3430,3430,3430,3431,9,100.0094034,63.1032121,58.738771,32,0,31,167,26.03899208,0,5
3431,3431,3431,3432,9,447.2728332,74.08062397,72.34585928,42,1,54,171,32.0472894,0,6
3432,3432,3432,3433,0,329.204378,91.17301483,90.89947909,27,0,40,124,27.39884697,2,0
3433,3433,3433,3434,1,453.0118821,71.98491006,76.8242889,58,1,43,164,29.70874035,0,4
3434,3434,3434,3435,9,469.542637,68.97607762,64.38136738,37,1,33,118,27.34163226,1,5
3435,3435,3435,3436,1,457.1221834,71.04987219,69.33009415,54,0,60,149,31.70149805,0,7
3436,3436,3436,3437,4,349.0087686,58.76722327,63.74754497,41,0,39,132,31.0463119,2,4
3437,3437,3437,3438,9,102.2668473,70.63485307,70.04772681,39,1,22,129,21.47072607,0,6
3438,3438,3438,3439,8,455.2062646,52.27886855,47.29607698,60,1,53,134,30.63064115,1,0
3439,3439,3439,3440,8,485.713515,58.58652539,58.58649226,39,0,59,157,24.08458173,0,3
3440,3440,3440,3441,1,151.4667874,92.12942731,94.50400603,31,0,46,120,25.78036221,0,6
3441,3441,3441,3442,0,136.3665858,68.33335472,70.16307031,44,1,45,110,21.70019614,0,6
3442,3442,3442,3443,1,440.8798875,77.50539307,73.61550208,19,0,50,156,18.91976404,1,3
3443,3443,3443,3444,5,268.3238855,85.70942926,85.10029611,45,0,51,115,34.86608991,0,0
3444,3444,3444,3445,8,273.0494301,97.69276957,98.52129854,20,1,41,113,32.33464783,1,7
3445,3445,3445,3446,1,449.0734065,90.97356519,86.77244173,59,0,60,159,22.42108748,0,3
3446,3446,3446,3447,3,207.4061012,59.01791854,58.1119334,47,1,35,163,34.62697072,0,8
3447,3447,3447,3448,4,486.6473224,75.82060457,75.71668196,48,1,31,166,22.01125337,1,5
3448,3448,3448,3449,7,104.6120676,93.75474266,93.10136225,21,1,58,152,24.8687511,0,1
3449,3449,3449,3450,8,134.7750621,92.04899483,92.17014278,59,0,43,150,26.00944919,2,0
3450,3450,3450,3451,6,303.1666935,97.36891373,99.91355163,54,1,30,106,33.9448297,2,2
3451,3451,3451,3452,5,103.8367653,56.00974353,56.25432233,50,1,27,145,34.56258866,1,8
3452,3452,3452,3453,8,363.1646549,77.01891915,78.06436911,47,1,50,142,30.99322112,2,2
3453,3453,3453,3454,9,266.6535989,54.39873087,52.91642995,44,0,48,163,27.42442235,2,7
3454,3454,3454,3455,0,467.8981729,84.27608,83.57932472,51,0,38,105,30.52921926,1,8
3455,3455,3455,3456,7,474.4793058,59.45186754,62.01636457,36,0,57,176,18.89759795,2,6
3456,3456,3456,3457,3,338.6027362,80.9661977,79.52630171,52,0,48,170,34.43925815,0,8
3457,3457,3457,3458,1,337.0013001,64.41904949,65.32523908,31,1,32,180,33.47929379,0,3
3458,3458,3458,3459,6,230.8210666,53.25988484,48.77115882,52,1,32,167,18.93364294,0,9
3459,3459,3459,3460,7,145.215194,96.24424314,92.43360565,52,1,37,167,33.52527055,2,2
3460,3460,3460,3461,9,329.8143089,99.47411214,98.91677639,49,0,50,144,28.84935535,2,9
3461,3461,3461,3462,8,497.4150388,87.88034313,87.12496222,56,0,24,137,27.30758717,0,7
3462,3462,3462,3463,6,122.7912708,93.77673068,97.28872264,57,1,57,130,31.91162838,1,8
3463,3463,3463,3464,9,145.8950626,88.58827958,87.57396753,31,0,55,129,28.88347482,1,6
3464,3464,3464,3465,3,229.6070383,52.92514903,49.94491568,31,1,35,155,21.80128693,1,4
3465,3465,3465,3466,6,294.9904038,94.57260691,93.45299074,59,0,53,137,21.07745659,1,4
3466,3466,3466,3467,4,487.8118709,61.90829664,62.32435429,53,0,34,175,32.37650117,2,1
3467,3467,3467,3468,3,297.2881148,74.03018271,77.79889871,50,1,21,138,24.46678234,1,4
3468,3468,3468,3469,6,241.8065279,54.17796972,51.89334285,36,1,55,132,30.79608329,0,9
3469,3469,3469,3470,9,194.3825856,90.97759029,89.31701567,20,0,55,157,33.22599684,1,1
3470,3470,3470,3471,3,286.663233,97.13629838,96.79766735,51,1,26,176,31.08875806,0,5
3471,3471,3471,3472,0,367.1108909,66.78308908,66.58302565,49,0,39,125,25.21896928,2,1
3472,3472,3472,3473,2,386.2505846,77.11476589,76.18518362,47,0,32,109,23.99356625,2,4
3473,3473,3473,3474,8,342.4270336,60.53747767,64.11404651,26,0,30,178,23.8325966,0,4
3474,3474,3474,3475,3,397.6438343,65.27716282,60.46051583,22,0,50,158,31.91507275,0,7
3475,3475,3475,3476,0,178.4902816,93.39576003,98.31965205,46,0,25,177,31.26528828,1,0
3476,3476,3476,3477,9,145.954862,94.82439271,92.02651323,25,1,49,149,29.23746672,2,7
3477,3477,3477,3478,1,144.828684,99.98369437,97.35920927,38,0,28,104,19.92378116,0,5
3478,3478,3478,3479,8,317.8588102,98.00669504,97.66245503,57,1,57,117,32.62640899,2,2
3479,3479,3479,3480,4,223.7580668,50.51889704,49.04897976,52,1,24,163,30.33661015,2,4
3480,3480,3480,3481,2,494.7500985,91.45528881,86.8609329,55,0,29,163,26.42299721,2,6
3481,3481,3481,3482,4,436.7857034,86.27372758,85.29534315,52,0,31,170,25.4997075,1,5
3482,3482,3482,3483,7,306.160043,72.20576956,69.70876465,52,0,47,154,21.87786203,0,0
3483,3483,3483,3484,8,164.1892345,73.1837658,71.90759869,31,1,55,123,21.11698964,1,9
3484,3484,3484,3485,2,312.4678994,57.0933373,52.0959892,39,1,38,126,34.02902091,1,0
3485,3485,3485,3486,8,193.2443641,61.46634348,63.55221674,26,0,45,148,32.92455522,2,5
3486,3486,3486,3487,6,252.0779653,58.07673755,60.10115489,48,0,39,175,19.14723951,2,0
3487,3487,3487,3488,3,162.3395939,81.75572638,84.17973914,35,0,35,168,29.25959916,2,7
3488,3488,3488,3489,0,475.0360767,95.66124945,92.92258238,57,0,60,106,32.97754134,2,5
3489,3489,3489,3490,4,287.8170637,63.5135649,66.79892691,21,1,48,124,22.74451006,1,4
3490,3490,3490,3491,0,425.6919647,68.9327963,72.33164408,40,1,32,176,27.77147399,1,0
3491,3491,3491,3492,0,103.8137908,69.90587348,73.99247359,50,1,59,149,20.80398806,2,7
3492,3492,3492,3493,9,398.5514312,90.3413487,91.93811553,50,0,48,114,24.444744,2,9
3493,3493,3493,3494,3,462.5777069,92.15954928,92.62738992,26,1,40,148,23.58900056,1,8
3494,3494,3494,3495,7,385.6628869,99.85474645,102.0353525,31,1,27,161,18.73245923,0,8
3495,3495,3495,3496,6,406.871965,85.27337901,81.15935039,44,0,28,145,34.96406227,0,2
3496,3496,3496,3497,3,259.5409767,64.3532864,62.03207145,58,1,57,151,34.58057843,1,3
3497,3497,3497,3498,0,431.3392589,94.00781626,97.88483551,44,0,39,138,21.38294233,0,2
3498,3498,3498,3499,5,352.8428524,55.27541188,54.785025,49,1,40,105,27.4784556,2,7
3499,3499,3499,3500,9,139.1293316,52.37409381,55.08664314,28,0,33,117,19.65599708,2,3
3500,3500,3500,3501,3,207.6275179,81.72703633,79.5201196,41,1,29,103,22.85305311,0,7
3501,3501,3501,3502,1,122.7263377,86.11281034,85.18064272,46,0,58,158,20.40161258,0,5
3502,3502,3502,3503,3,132.4333531,64.85463043,68.3852526,20,1,33,161,19.73713773,1,5
3503,3503,3503,3504,6,336.1718318,50.93986816,50.30678769,35,1,32,167,19.23336604,2,9
3504,3504,3504,3505,0,364.4066959,91.97686124,90.19817661,19,1,44,152,30.84917257,1,2
3505,3505,3505,3506,1,430.6724062,76.24127413,74.76688624,30,1,42,157,30.09757603,0,1
3506,3506,3506,3507,2,162.6011843,62.32734881,65.10821238,37,0,47,165,25.49864826,0,5
3507,3507,3507,3508,6,340.0776435,72.06113433,73.8417074,29,1,39,132,28.97993739,0,4
3508,3508,3508,3509,2,184.1042696,93.73110363,90.00874875,46,0,53,116,30.02632095,0,0
3509,3509,3509,3510,9,120.2453742,93.12892129,94.87836709,18,0,20,132,20.01220678,2,9
3510,3510,3510,3511,9,321.0951726,65.36973872,65.10953076,25,0,39,123,26.89582999,2,7
3511,3511,3511,3512,3,269.7024639,59.66058901,56.9968879,56,1,60,104,28.72765925,2,3
3512,3512,3512,3513,0,239.7065752,73.66829637,77.20696748,26,0,50,147,27.88731786,1,5
3513,3513,3513,3514,6,344.2328072,69.87566438,74.44625863,48,1,46,153,30.64508109,2,7
3514,3514,3514,3515,2,438.3852382,59.03252077,63.38774936,43,1,28,158,27.41550803,0,3
3515,3515,3515,3516,1,376.3043296,89.54392838,93.94388777,31,0,51,126,27.09622329,0,3
3516,3516,3516,3517,5,214.3929161,52.20312755,50.23243002,46,1,36,158,32.92045344,0,0
3517,3517,3517,3518,1,173.0804262,53.04449929,49.62982354,43,0,41,159,27.14877678,1,0
3518,3518,3518,3519,4,459.3103599,73.58872129,72.70734973,43,1,30,143,19.35457722,2,7
3519,3519,3519,3520,6,309.8676238,83.81474739,87.13171149,52,1,43,154,23.27306667,2,7
3520,3520,3520,3521,4,417.1344454,66.07671723,64.74585736,38,1,54,127,27.49766773,2,5
3521,3521,3521,3522,6,146.8491242,86.16471923,82.34602518,58,1,31,155,33.76541034,1,6
3522,3522,3522,3523,8,495.7579683,86.18127052,87.00516662,24,1,24,111,29.89869195,2,4
3523,3523,3523,3524,3,196.1723688,51.53957037,54.14016454,26,1,34,142,28.0460169,2,9
3524,3524,3524,3525,6,454.7154279,98.19312294,97.84109365,55,1,58,154,34.00129855,0,9
3525,3525,3525,3526,8,196.9876214,58.66426784,55.52859591,51,1,23,113,33.53319029,2,5
3526,3526,3526,3527,2,321.8707902,57.69445097,57.16377141,38,0,47,104,22.1134229,2,9
3527,3527,3527,3528,1,106.9336315,67.82046068,63.92389292,31,1,25,166,31.24695096,0,7
3528,3528,3528,3529,4,446.6066388,52.86323927,52.6042624,56,0,60,165,34.30280499,2,5
3529,3529,3529,3530,0,187.7294349,51.56048546,46.76258202,19,0,47,122,20.25659337,1,1
3530,3530,3530,3531,6,165.6570102,60.20445166,56.24470033,21,0,51,157,33.84652231,2,4
3531,3531,3531,3532,2,185.8228503,64.83292749,66.72981285,35,1,38,138,27.70949687,0,6
3532,3532,3532,3533,4,349.6557006,50.80511358,46.76142106,52,0,50,163,31.43342089,0,1
3533,3533,3533,3534,9,434.0320875,82.75762034,79.55809259,58,1,34,168,32.8032923,2,8
3534,3534,3534,3535,5,491.4963919,84.73822063,88.29876455,56,0,59,126,28.94367959,2,1
3535,3535,3535,3536,6,253.2390264,77.66805581,77.30350467,51,0,35,129,24.43959717,1,7
3536,3536,3536,3537,6,467.122129,63.83147619,63.8104012,34,1,40,123,25.83659483,0,4
3537,3537,3537,3538,1,335.0913986,51.57169718,52.40035446,37,1,41,149,23.29261365,2,3
3538,3538,3538,3539,1,282.0967746,93.81961279,89.03668523,52,1,54,153,29.72996063,2,7
3539,3539,3539,3540,7,215.310345,77.90329306,79.46688817,56,0,33,155,24.78755771,0,9
3540,3540,3540,3541,9,435.6666196,84.448149,82.48962894,59,1,25,161,24.45190015,0,7
3541,3541,3541,3542,0,264.5885111,87.2677442,82.89405074,40,0,25,133,32.38408484,2,5
3542,3542,3542,3543,3,496.5463294,64.75370359,65.38421881,36,0,39,155,20.14100072,1,0
3543,3543,3543,3544,5,344.7793427,88.03699316,86.03800391,53,0,46,132,31.1771802,2,7
3544,3544,3544,3545,0,411.8450015,93.40236637,90.87348743,38,0,40,141,29.78315385,0,6
3545,3545,3545,3546,3,210.5386635,77.61264333,73.42475766,49,0,50,112,31.38329543,0,6
3546,3546,3546,3547,1,295.55885,68.51067763,70.55434253,31,0,49,116,31.95409556,0,8
3547,3547,3547,3548,6,156.6749654,82.82812852,87.62871408,46,1,43,167,29.38411175,1,8
3548,3548,3548,3549,2,162.2199199,96.52454885,98.69075206,44,1,54,136,26.50874323,2,2
3549,3549,3549,3550,4,278.2137735,63.23864875,64.69081974,38,0,27,103,31.70372743,1,3
3550,3550,3550,3551,5,295.7867187,57.62332895,54.58956026,32,0,42,122,34.99663922,2,4
3551,3551,3551,3552,7,474.6730502,51.2974439,49.88861038,46,1,41,101,34.19247034,1,9
3552,3552,3552,3553,1,276.0261286,80.06642613,76.41984043,24,0,45,143,24.91086469,1,5
3553,3553,3553,3554,0,227.0695728,83.26524647,83.30641335,19,1,31,143,23.14919017,0,2
3554,3554,3554,3555,2,311.18372,53.33134277,56.00225873,45,0,48,156,34.59547104,0,6
3555,3555,3555,3556,4,438.2725666,51.93729033,53.98909892,58,1,31,127,32.10421915,0,8
3556,3556,3556,3557,3,169.7639863,56.84075627,55.72007467,44,0,20,105,30.0244367,0,3
3557,3557,3557,3558,0,436.3997483,74.35864773,71.56502218,55,1,37,116,33.79744993,2,3
3558,3558,3558,3559,8,455.5647499,82.84489566,81.0567149,43,0,60,104,26.37504757,0,7
3559,3559,3559,3560,9,372.4253193,50.51399822,51.78194252,30,1,27,104,22.69973831,1,1
3560,3560,3560,3561,5,191.9463218,55.07577635,50.0874766,40,1,25,145,26.01539013,0,5
3561,3561,3561,3562,8,470.699238,50.53645739,50.38290803,37,1,30,110,20.08023313,0,8
3562,3562,3562,3563,6,262.3997298,73.63411828,75.13070923,26,1,32,102,34.89167984,2,7
3563,3563,3563,3564,2,384.06278,81.70370516,78.80469009,59,1,54,155,18.73748658,0,9
3564,3564,3564,3565,3,224.6055449,99.33439022,100.5866524,57,1,27,137,20.95922439,2,1
3565,3565,3565,3566,6,137.3669354,66.68496636,61.7134416,57,0,47,165,23.15744474,2,2
3566,3566,3566,3567,5,344.8372304,76.49371196,78.54835271,46,1,49,152,21.79566821,0,0
3567,3567,3567,3568,3,164.5703349,64.64525729,66.6959261,36,0,52,110,21.55539129,1,5
3568,3568,3568,3569,2,107.4055249,50.25916124,55.04189351,34,1,28,117,19.3240725,0,5
3569,3569,3569,3570,8,456.1464331,73.57425476,71.05303667,58,1,49,103,21.78611507,1,0
3570,3570,3570,3571,6,318.3294532,62.15405967,57.69059861,52,1,39,174,32.42687075,1,8
3571,3571,3571,3572,4,424.5567387,80.37122855,79.05729156,46,0,23,145,19.0242769,2,3
3572,3572,3572,3573,6,113.5912135,57.55639787,59.11053873,25,1,44,134,19.26590773,1,1
3573,3573,3573,3574,6,418.0429805,85.6127191,83.5349812,27,1,49,121,20.89492358,1,0
3574,3574,3574,3575,4,215.3201631,64.56035365,68.08456426,56,0,50,121,32.15934248,1,0
3575,3575,3575,3576,2,366.5724675,80.45731961,79.26910629,37,0,57,156,18.80294209,1,7
3576,3576,3576,3577,0,403.3434005,82.96438977,86.02436317,56,0,34,144,21.53477476,0,6
3577,3577,3577,3578,8,354.8150903,57.54202929,55.57045734,32,1,29,132,24.64334693,0,9
3578,3578,3578,3579,7,401.1610279,88.30391316,83.72200617,50,1,40,122,29.12820328,0,4
3579,3579,3579,3580,2,241.8178627,55.36090109,59.38981466,41,0,29,112,19.16236797,2,5
3580,3580,3580,3581,8,425.0882357,92.1781976,89.88208524,48,0,47,114,29.32715718,1,6
3581,3581,3581,3582,8,498.5197039,80.00616922,76.3711346,60,1,24,145,32.71215753,2,1
3582,3582,3582,3583,5,222.9088526,72.25546425,76.18575107,47,1,39,161,25.12462861,2,0
3583,3583,3583,3584,9,287.1893138,84.85864976,88.23556542,43,1,29,178,22.15363794,2,0
3584,3584,3584,3585,8,252.3388988,79.85845696,81.59703527,49,1,43,157,29.04480212,1,5
3585,3585,3585,3586,3,214.5279991,80.91493339,84.98670078,46,1,28,171,26.16170484,0,3
3586,3586,3586,3587,2,439.1421004,76.39511051,75.999194,40,1,57,140,27.39874955,2,7
3587,3587,3587,3588,0,437.6582061,72.59244841,72.09317791,50,0,52,164,23.7003307,2,7
3588,3588,3588,3589,5,106.7210317,63.47229061,61.36413846,29,0,21,169,33.10358778,2,9
3589,3589,3589,3590,3,232.4578266,55.2200221,56.33846299,40,0,46,155,29.72038136,2,0
3590,3590,3590,3591,4,480.0363445,92.20780162,91.09179468,21,0,22,178,29.92243354,2,2
3591,3591,3591,3592,2,421.3748791,98.56613969,94.30706229,48,1,31,111,29.08839849,0,4
3592,3592,3592,3593,6,347.0122048,54.51277555,49.83640056,36,1,43,156,33.46410496,2,6
3593,3593,3593,3594,4,255.7106594,79.5108049,76.95319425,43,0,32,112,26.57197288,2,0
3594,3594,3594,3595,7,372.2452248,84.72952399,81.44218716,60,0,52,103,19.04546895,1,6
3595,3595,3595,3596,2,248.6799691,79.61251423,75.99674883,44,1,54,153,31.93437748,0,6
3596,3596,3596,3597,9,403.4613535,62.0413959,62.60382007,45,0,56,115,25.10238655,0,3
3597,3597,3597,3598,9,402.060577,81.67422556,80.26302791,39,0,46,111,24.84411506,0,7
3598,3598,3598,3599,4,304.6024967,55.19430567,53.28441252,52,1,47,126,32.77835736,2,2
3599,3599,3599,3600,1,449.3096995,82.95328176,80.53986205,60,1,56,174,24.10367664,2,6
3600,3600,3600,3601,8,333.4374952,91.98964054,95.23132756,23,0,21,163,22.35055747,1,7
3601,3601,3601,3602,3,285.1673363,95.42184464,100.3353141,42,1,57,167,18.61041644,1,8
3602,3602,3602,3603,0,298.7621016,77.74780837,77.27677363,44,0,55,152,24.21564928,2,9
3603,3603,3603,3604,7,188.7501405,74.65028146,72.83180191,31,0,32,176,20.98037619,2,9
3604,3604,3604,3605,8,458.6843558,92.72793522,89.14634882,47,0,25,175,27.23332118,0,2
3605,3605,3605,3606,6,156.7978044,73.33714084,70.42794214,60,1,58,158,32.33698548,0,1
3606,3606,3606,3607,9,349.6127039,76.87301967,71.90519476,32,1,34,123,34.00288363,0,0
3607,3607,3607,3608,1,228.5215508,93.7687664,90.39900971,48,1,47,150,24.32626174,0,6
3608,3608,3608,3609,7,125.2350128,85.62514999,89.75001146,22,1,46,127,31.8126981,2,5
3609,3609,3609,3610,9,420.8190117,57.74957365,53.07458851,59,0,53,164,24.93648873,0,5
3610,3610,3610,3611,4,475.7157566,96.63016007,101.4106427,47,1,37,129,30.48397155,2,1
3611,3611,3611,3612,2,440.4014256,94.05245893,97.7289024,57,0,41,135,20.02187315,0,0
3612,3612,3612,3613,5,311.2363013,60.45675859,62.36387863,45,0,31,119,30.6873864,1,7
3613,3613,3613,3614,2,306.5385585,79.3714274,83.81354049,34,1,40,131,25.54507465,0,8
3614,3614,3614,3615,6,414.5424373,62.53580602,63.36958469,19,1,40,120,21.26442786,0,0
3615,3615,3615,3616,9,231.847458,83.00724173,81.25690896,36,0,28,112,32.11162987,0,7
3616,3616,3616,3617,8,172.9115811,92.3644806,87.42373505,46,1,42,135,20.1890881,2,7
3617,3617,3617,3618,4,186.9854776,74.97628712,75.26172945,24,1,53,168,32.67848945,2,3
3618,3618,3618,3619,1,347.2456195,67.77035625,66.65565726,46,1,21,143,18.93538227,0,2
3619,3619,3619,3620,7,337.5255669,51.92255089,52.8651744,48,1,43,116,33.83828684,0,3
3620,3620,3620,3621,5,264.1588838,61.66677486,62.10914216,44,1,47,104,32.68324104,0,3
3621,3621,3621,3622,9,197.5982187,84.74440163,85.01542409,43,1,40,150,29.75883597,1,4
3622,3622,3622,3623,9,212.7034964,76.62696537,79.68860816,32,1,54,143,24.42281342,1,1
3623,3623,3623,3624,3,281.9328378,70.50078631,72.92578174,56,1,56,142,23.7509651,2,3
3624,3624,3624,3625,7,452.7994785,51.15582702,50.0338503,27,1,28,146,33.24319646,1,0
3625,3625,3625,3626,8,124.7956391,93.14193426,95.16038421,26,1,60,151,23.13345327,1,7
3626,3626,3626,3627,0,223.9752319,92.28805105,94.85382203,48,0,22,127,31.38494152,0,3
3627,3627,3627,3628,6,229.5116671,93.6118405,94.90384518,50,1,36,156,20.52059894,1,4
3628,3628,3628,3629,0,417.2234885,95.4844537,90.54402392,45,0,34,159,25.2815692,2,4
3629,3629,3629,3630,9,335.1485763,55.78270162,54.24500457,53,0,24,138,28.33567089,2,1
3630,3630,3630,3631,9,119.4544272,72.40841175,70.55618388,59,1,38,129,28.00554635,1,8
3631,3631,3631,3632,3,251.6618282,92.64597737,92.4608764,30,1,47,136,34.38792906,0,6
3632,3632,3632,3633,5,253.2649415,71.42211241,70.65043615,27,0,47,163,21.75719546,2,7
3633,3633,3633,3634,0,118.1174689,79.02644551,82.16397277,18,0,59,170,22.26045065,2,2
3634,3634,3634,3635,0,416.2038415,71.7894062,76.72767666,41,0,42,177,34.55836263,0,1
3635,3635,3635,3636,6,165.7760523,67.95761634,69.98702355,44,0,29,140,25.33469997,0,1
3636,3636,3636,3637,9,125.8676968,57.24297775,55.56761596,42,0,47,159,34.46116472,1,2
3637,3637,3637,3638,9,299.6448011,88.99921048,88.55860716,59,0,38,123,30.21000053,2,5
3638,3638,3638,3639,9,238.9462503,72.81666954,73.1141556,40,1,32,157,19.55049791,2,7
3639,3639,3639,3640,6,484.7971393,58.60625431,58.93537177,24,0,56,106,31.50683582,2,2
3640,3640,3640,3641,1,276.0571975,64.02070169,61.75879198,42,1,39,174,22.25874568,0,2
3641,3641,3641,3642,2,357.577653,74.82987584,71.1336658,53,0,36,147,30.84228012,2,0
3642,3642,3642,3643,1,428.1052554,64.09437182,68.55939343,31,0,37,131,23.4476549,1,3
3643,3643,3643,3644,6,182.7469951,67.09560088,69.84555803,29,0,58,103,28.17710062,1,9
3644,3644,3644,3645,2,372.4195874,73.39936961,73.53610645,31,1,55,114,29.6143498,0,4
3645,3645,3645,3646,3,254.5911112,91.03313372,88.83140229,34,0,38,129,34.56161324,2,6
3646,3646,3646,3647,9,263.581613,99.77537269,104.1064718,30,1,44,155,24.57097774,2,3
3647,3647,3647,3648,2,285.7432045,72.31341883,68.99954046,20,0,60,134,34.98385263,2,3
3648,3648,3648,3649,2,237.0374907,68.24073499,63.87803564,33,0,40,102,28.56725388,1,5
3649,3649,3649,3650,6,439.4409865,67.14456396,70.2588787,58,0,57,118,26.66356801,2,4
3650,3650,3650,3651,7,349.5547542,52.56429065,56.54747797,29,0,34,131,29.7394192,1,9
3651,3651,3651,3652,2,221.0866047,76.37392496,78.2391612,43,0,35,116,21.60965728,0,5
3652,3652,3652,3653,9,372.4961363,95.08713902,92.55186829,31,0,55,111,26.13378604,0,7
3653,3653,3653,3654,2,236.0906076,91.94854409,87.90846659,60,0,43,120,20.98297147,0,1
3654,3654,3654,3655,5,309.6943193,65.52796219,63.94219557,33,1,20,162,33.34399917,0,4
3655,3655,3655,3656,4,435.5749848,82.75004126,78.36522333,19,1,47,169,25.15052933,0,7
3656,3656,3656,3657,8,331.8532024,67.14610619,69.35780634,37,1,50,105,25.4416718,1,5
3657,3657,3657,3658,8,370.6333405,83.78079449,85.68597017,45,0,39,107,28.26547587,0,6
3658,3658,3658,3659,0,204.7385835,52.22041107,54.79963299,52,0,30,125,25.21339295,1,2
3659,3659,3659,3660,5,147.3135387,67.62165975,70.82723153,35,1,32,134,22.91340599,1,8
3660,3660,3660,3661,5,487.7993201,99.71185156,103.3245767,31,0,39,129,25.26261862,0,5
3661,3661,3661,3662,0,140.9952287,60.39004143,61.31741449,55,0,46,106,20.33263631,1,5
3662,3662,3662,3663,7,440.6768885,50.79318434,49.2225394,36,1,49,112,30.40374846,0,7
3663,3663,3663,3664,6,451.4947978,53.60928104,58.49875876,28,1,47,102,34.1486201,1,0
3664,3664,3664,3665,5,143.8639565,91.73301888,94.86296676,49,1,45,170,24.21826022,2,7
3665,3665,3665,3666,5,371.3964896,67.35626559,70.17655025,43,0,32,127,29.22330404,1,0
3666,3666,3666,3667,1,111.1075934,52.73323327,54.18083603,36,0,28,114,32.29936382,2,7
3667,3667,3667,3668,1,230.0248189,70.51991207,71.01529856,50,0,58,159,28.41069015,2,8
3668,3668,3668,3669,7,222.4766904,74.97702861,72.71639847,57,1,47,166,32.84106855,2,9
3669,3669,3669,3670,8,101.3383322,65.13053126,68.95964842,38,1,52,144,22.55630243,1,0
3670,3670,3670,3671,4,466.4844203,56.33071906,52.67000267,20,0,42,108,20.51465467,1,9
3671,3671,3671,3672,3,114.44241,80.25855904,75.86921167,52,1,25,155,26.46953976,1,5
3672,3672,3672,3673,7,106.2129405,73.0975741,76.12180127,42,1,23,166,19.70949915,2,5
3673,3673,3673,3674,0,322.8969706,91.08054059,93.89091577,59,0,29,132,27.60448701,2,9
3674,3674,3674,3675,2,275.2661775,78.18922754,73.52298852,51,1,38,125,23.5067176,0,9
3675,3675,3675,3676,1,492.9275561,51.7704888,56.18710017,55,0,26,114,22.14582523,2,9
3676,3676,3676,3677,5,195.360941,75.0392102,79.16787177,59,1,57,138,23.5799928,1,8
3677,3677,3677,3678,0,100.3351054,82.32427015,84.6004019,42,0,56,157,29.28226986,0,6
3678,3678,3678,3679,4,182.9380916,95.15789007,96.67061163,49,0,42,166,31.13679557,1,0
3679,3679,3679,3680,8,344.8186863,55.83833742,51.46255047,58,1,42,102,33.54659219,0,7
3680,3680,3680,3681,9,135.3515337,69.46991954,72.26550645,51,0,28,117,34.8858503,1,2
3681,3681,3681,3682,4,420.3930988,71.91841626,69.7299603,31,0,30,105,21.11485487,1,7
3682,3682,3682,3683,4,451.7030416,64.03279982,65.78397856,40,0,58,115,21.63960357,1,4
3683,3683,3683,3684,9,257.0625337,81.1460277,77.61099417,26,0,34,165,24.01588616,1,6
3684,3684,3684,3685,4,191.6138135,75.11710379,72.07378219,45,1,51,140,27.3003355,1,7
3685,3685,3685,3686,9,460.7106355,50.70949743,46.39048766,31,1,21,137,19.34716385,1,5
3686,3686,3686,3687,4,433.7894003,72.098421,67.26942899,38,1,56,100,24.45760413,1,9
3687,3687,3687,3688,8,359.2171513,79.72189654,78.79723619,52,1,42,133,28.05949078,1,8
3688,3688,3688,3689,5,173.4957049,62.37901341,65.21439755,45,0,49,137,30.60513837,0,7
3689,3689,3689,3690,6,305.2797631,67.10580838,67.79716322,58,0,36,117,28.76537936,0,0
3690,3690,3690,3691,9,200.0830193,80.1657146,82.13669085,29,1,48,139,32.37784494,0,2
3691,3691,3691,3692,1,131.1283278,60.64829977,57.85121749,36,1,33,110,26.9909593,0,1
3692,3692,3692,3693,1,318.1866586,57.49495294,55.3427126,54,0,47,164,27.40066933,2,0
3693,3693,3693,3694,4,268.1101232,81.15088759,83.56595056,49,0,27,137,30.39116025,0,2
3694,3694,3694,3695,1,207.689682,54.08694181,52.05626978,54,0,21,179,31.13284757,0,0
3695,3695,3695,3696,3,208.4721912,53.01336037,53.72895105,18,0,48,118,28.90260652,2,1
3696,3696,3696,3697,2,406.1172486,99.19117124,99.1269746,42,1,59,126,21.93152845,1,3
3697,3697,3697,3698,6,381.8085412,55.90722395,52.05284487,21,1,31,144,32.23903165,2,5
3698,3698,3698,3699,3,175.0886807,62.04210164,60.41456712,45,0,49,165,23.28939013,2,0
3699,3699,3699,3700,1,247.7527702,56.44861737,60.90143362,52,0,60,150,27.51532357,0,6
3700,3700,3700,3701,2,346.1359928,88.14998538,86.51820874,29,1,39,161,25.9282997,0,1
3701,3701,3701,3702,7,467.4414186,91.86584779,90.16353011,44,0,52,148,22.52546804,1,0
3702,3702,3702,3703,5,105.3846245,80.0372811,82.2311653,59,0,54,119,22.92916622,2,9
3703,3703,3703,3704,3,192.584958,98.96755365,103.22394,31,0,43,149,20.93011368,0,7
3704,3704,3704,3705,6,143.2714543,73.79784757,70.4321071,43,1,38,111,26.50541082,1,3
3705,3705,3705,3706,7,315.0315066,71.83562631,72.0931565,18,0,39,145,21.52954395,1,4
3706,3706,3706,3707,9,418.8375628,98.16594486,95.17456441,57,1,56,112,30.08493001,2,6
3707,3707,3707,3708,9,439.9106441,53.55001956,49.18109294,54,0,39,171,32.33261088,2,4
3708,3708,3708,3709,9,222.0193556,59.23515518,57.97487544,34,1,55,151,21.47619185,0,5
3709,3709,3709,3710,0,464.7973415,50.03878107,53.41002125,42,0,43,121,31.70771838,1,7
3710,3710,3710,3711,5,119.537933,76.11933759,77.50173848,27,1,32,156,26.50806973,2,1
3711,3711,3711,3712,0,225.096572,86.8063095,91.34020284,23,1,60,119,27.74993528,2,8
3712,3712,3712,3713,7,373.4975987,89.43548373,87.81248127,38,0,52,110,20.88577395,0,4
3713,3713,3713,3714,1,217.1910212,63.80742375,63.42267575,19,1,21,153,34.28659071,2,3
3714,3714,3714,3715,9,175.1059743,69.08957631,69.24569154,23,1,31,116,31.77610936,2,0
3715,3715,3715,3716,9,361.1776742,90.20846553,90.45970737,21,1,25,137,31.48452364,2,1
3716,3716,3716,3717,7,386.0274516,78.91238124,83.35835636,54,0,35,173,34.78674649,2,8
3717,3717,3717,3718,7,185.6908331,90.71038285,86.71550778,25,0,29,178,21.01073658,0,4
3718,3718,3718,3719,5,335.2427162,78.45408767,79.35078942,29,1,26,176,28.16193712,2,4
3719,3719,3719,3720,1,397.37073,53.43768953,50.60217722,20,0,32,111,26.26237417,2,5
3720,3720,3720,3721,0,445.617729,77.51908553,81.40926931,29,1,23,179,29.16622848,2,1
3721,3721,3721,3722,4,219.0104803,81.32641789,86.04005511,18,0,25,149,19.88498534,1,2
3722,3722,3722,3723,0,433.4400558,94.53690717,94.66715803,47,0,56,172,22.51561038,0,0
3723,3723,3723,3724,7,436.5217601,89.6586359,92.19190569,21,0,35,162,32.65031286,2,4
3724,3724,3724,3725,3,183.1155045,87.48254942,90.90099416,49,1,23,180,18.72348449,1,2
3725,3725,3725,3726,4,323.0315514,92.04105347,91.0882985,56,1,41,111,23.62317842,2,7
3726,3726,3726,3727,0,330.1672388,91.4871489,88.45705367,40,0,21,116,20.86059225,2,3
3727,3727,3727,3728,1,153.3072065,61.03217908,62.20211941,35,1,47,161,22.94788864,0,0
3728,3728,3728,3729,3,292.6493453,67.6992745,66.49783212,27,1,42,179,19.23727619,0,1
3729,3729,3729,3730,8,365.7543517,68.41138514,67.56047185,29,1,37,152,28.42374148,0,4
3730,3730,3730,3731,8,486.0510981,83.08455571,84.08198268,41,0,42,115,31.90442461,0,6
3731,3731,3731,3732,2,473.8258696,64.70457082,62.02898862,49,0,29,106,32.74504671,1,4
3732,3732,3732,3733,9,461.5893861,70.04749417,67.21110063,48,0,22,104,24.67548889,1,5
3733,3733,3733,3734,9,310.8993201,77.86391951,74.03329348,32,1,31,147,24.18657112,0,9
3734,3734,3734,3735,7,271.900436,62.28690667,60.95165697,27,0,56,153,22.89642277,2,2
3735,3735,3735,3736,5,236.1757955,60.75477532,61.84476296,38,0,55,111,25.92536132,0,5
3736,3736,3736,3737,5,112.7342322,65.4381636,65.34793141,28,0,58,144,33.81010289,1,6
3737,3737,3737,3738,6,349.6682137,71.76726116,74.36990005,18,0,28,127,31.83086886,1,3
3738,3738,3738,3739,8,290.4563633,55.71238515,58.38004376,39,0,59,136,27.57410899,2,1
3739,3739,3739,3740,4,188.8109096,55.80420702,52.72125001,30,0,60,166,20.54036481,1,6
3740,3740,3740,3741,7,380.0338934,92.25038597,95.28158775,32,1,27,107,21.46971785,1,3
3741,3741,3741,3742,8,390.7179192,79.6658017,78.161107,26,1,53,122,30.11669586,1,8
3742,3742,3742,3743,5,225.6130589,54.13218557,54.59444643,41,1,20,178,18.99565507,0,6
3743,3743,3743,3744,2,364.5966001,60.58282675,64.6908126,31,0,35,142,23.16522298,1,7
3744,3744,3744,3745,2,130.1887728,75.71836104,74.79267435,32,0,40,152,33.51897763,0,7
3745,3745,3745,3746,6,222.8112515,85.06036554,82.39114226,57,0,43,113,26.02882516,0,0
3746,3746,3746,3747,1,384.0510022,62.39254724,65.44598618,42,1,58,180,23.96049695,2,1
3747,3747,3747,3748,1,380.6832405,54.9200275,58.30878158,29,1,54,126,24.44890942,1,4
3748,3748,3748,3749,8,363.5128367,73.59732843,74.82541222,59,0,33,180,20.74547994,1,6
3749,3749,3749,3750,6,369.2260798,97.9082399,94.3631926,20,0,22,121,18.85195941,2,1
3750,3750,3750,3751,8,445.7423637,50.04173834,51.72767153,52,0,47,138,27.73923669,0,4
3751,3751,3751,3752,4,346.8078181,69.88746275,68.79582592,42,1,57,154,32.24064592,1,2
3752,3752,3752,3753,0,319.0536282,80.91285066,78.17243856,34,0,28,102,23.26817132,1,8
3753,3753,3753,3754,7,124.8210911,71.33842348,72.16182832,37,0,47,164,32.35210144,0,3
3754,3754,3754,3755,7,172.2331248,98.49355671,96.177251,52,0,57,156,33.92243212,2,7
3755,3755,3755,3756,1,317.4605793,86.8085458,83.1773509,19,0,32,166,23.94167277,0,5
3756,3756,3756,3757,7,352.5260622,87.8778906,86.29526207,28,0,58,111,30.01478244,0,9
3757,3757,3757,3758,7,201.0952302,97.91961387,94.13809575,39,0,43,110,25.79325781,2,4
3758,3758,3758,3759,6,119.521124,79.38296068,83.58607494,43,1,44,150,30.36971075,1,0
3759,3759,3759,3760,9,187.78172,67.23881468,63.87029821,50,0,21,110,29.64953827,2,9
3760,3760,3760,3761,0,270.9748143,98.49327369,101.7096735,52,1,45,124,22.24872931,0,8
3761,3761,3761,3762,9,412.0852992,89.99531129,93.93088634,25,1,39,157,27.62965864,1,4
3762,3762,3762,3763,3,316.6605292,75.21483663,78.81278404,50,1,49,152,28.18930658,1,3
3763,3763,3763,3764,9,452.883114,87.40366866,89.68100224,41,0,40,112,26.05774532,2,9
3764,3764,3764,3765,8,215.050681,62.36558718,65.63717594,26,1,45,143,31.81628555,0,9
3765,3765,3765,3766,5,289.9030751,70.33223388,65.47924667,44,0,41,161,32.35121003,2,2
3766,3766,3766,3767,6,181.5485547,53.47046431,49.37851687,30,0,54,169,33.25737327,1,8
3767,3767,3767,3768,8,183.5200196,67.51952141,66.90051817,36,1,47,161,27.08531709,1,7
3768,3768,3768,3769,5,313.4529658,65.90463093,63.90041228,27,1,25,102,22.73935747,1,7
3769,3769,3769,3770,4,196.7477564,57.22148945,59.52985816,54,1,51,148,18.78010909,2,2
3770,3770,3770,3771,9,131.5226883,87.55473066,89.1766247,36,0,35,102,29.23592198,2,5
3771,3771,3771,3772,8,432.3310577,93.07743149,96.30235664,29,0,20,180,25.11545099,1,6
3772,3772,3772,3773,2,257.1846251,56.82084136,59.95630589,53,0,57,133,27.2280557,2,1
3773,3773,3773,3774,8,460.5007694,82.98902074,78.87681982,60,1,32,117,22.8794177,2,3
3774,3774,3774,3775,8,483.3325132,93.26644799,90.34259806,48,1,42,159,21.34186083,1,1
3775,3775,3775,3776,3,459.1307266,89.44635857,93.63357579,24,0,51,139,25.07043367,0,4
3776,3776,3776,3777,7,168.6179909,74.48078606,70.78191955,28,0,51,145,22.90223835,2,6
3777,3777,3777,3778,7,100.9781685,78.50411665,82.05030582,45,1,57,139,29.52064656,2,4
3778,3778,3778,3779,7,127.1147125,61.66419711,63.09773916,41,0,23,120,32.46705381,1,8
3779,3779,3779,3780,8,207.1846934,91.96886706,88.29540724,36,1,52,116,26.19131204,2,0
3780,3780,3780,3781,8,377.3196268,54.42061212,54.70271931,19,0,47,168,26.30130077,1,2
3781,3781,3781,3782,5,343.8777198,59.05251062,60.07704217,29,0,53,171,30.98425207,1,4
3782,3782,3782,3783,6,199.3423596,55.66732425,53.72883299,44,1,44,120,30.94541637,1,0
3783,3783,3783,3784,4,157.1553743,53.54688468,50.67097847,60,1,40,156,28.82481582,2,8
3784,3784,3784,3785,1,384.1270014,85.78579919,83.51953058,50,1,33,131,21.3746838,1,8
3785,3785,3785,3786,1,468.1403423,51.24728264,53.43628447,34,1,47,101,20.82257152,1,9
3786,3786,3786,3787,0,488.0546584,58.16501308,54.10723354,44,1,41,178,21.00505765,1,1
3787,3787,3787,3788,2,470.5876562,54.59359383,58.23532883,52,1,36,136,21.66246753,2,3
3788,3788,3788,3789,3,351.641693,87.95217468,88.80061645,58,1,43,140,22.9389536,2,3
3789,3789,3789,3790,4,249.57095,96.10323843,95.29162092,58,0,45,145,28.23768408,1,4
3790,3790,3790,3791,8,273.9136555,80.89861944,76.33566821,43,0,59,127,19.42964164,1,2
3791,3791,3791,3792,5,460.0238197,91.66890448,91.15605919,50,0,28,135,32.83065577,1,6
3792,3792,3792,3793,1,139.136408,60.88601836,63.08829381,23,0,55,108,25.72844599,0,0
3793,3793,3793,3794,0,122.2486384,94.54941605,93.85551454,26,1,54,122,26.83234894,2,0
3794,3794,3794,3795,5,357.5238228,91.81601725,88.86988215,31,0,36,102,30.69725012,0,1
3795,3795,3795,3796,1,205.5650502,70.41252932,73.71588722,33,1,50,146,32.13634225,2,2
3796,3796,3796,3797,5,353.7524222,80.8150627,78.40716329,23,0,42,142,24.28432201,2,2
3797,3797,3797,3798,0,130.0242748,72.04378577,76.16319615,57,1,32,174,19.19101288,0,4
3798,3798,3798,3799,0,277.5929374,54.32614944,54.53176366,30,1,50,175,28.39337831,2,3
3799,3799,3799,3800,9,166.9390285,91.719142,91.05967693,24,1,40,146,26.40273093,0,4
3800,3800,3800,3801,1,341.1315773,75.851131,78.86196081,31,0,27,146,28.3560019,0,8
3801,3801,3801,3802,9,163.5345664,76.12107518,73.80677661,20,1,55,146,21.78242243,2,8
3802,3802,3802,3803,0,125.9378093,94.2218664,91.22857038,50,1,56,165,24.71709526,1,1
3803,3803,3803,3804,6,221.7956393,99.87658041,96.38145227,43,0,36,131,34.43507427,2,2
3804,3804,3804,3805,1,159.0652737,65.68972517,65.0786608,25,0,44,170,31.48485541,2,2
3805,3805,3805,3806,9,229.2668065,80.9424259,79.60649122,23,0,29,124,24.03272665,1,7
3806,3806,3806,3807,9,197.0899788,62.77615604,66.59809437,55,1,27,173,25.52859343,1,7
3807,3807,3807,3808,4,305.8598025,79.38926792,78.54696544,35,0,23,142,18.8542528,2,4
3808,3808,3808,3809,4,485.0544566,98.81196329,103.8081434,51,0,55,162,24.16381933,2,9
3809,3809,3809,3810,7,315.8168438,71.75957436,68.04975345,42,0,57,142,32.1324952,1,3
3810,3810,3810,3811,9,290.6208015,92.60020634,88.34714829,27,0,21,117,32.60404303,2,5
3811,3811,3811,3812,8,321.1034493,96.35142685,96.36376419,55,0,45,124,27.81334811,1,1
3812,3812,3812,3813,2,171.9915578,68.6157866,66.80564782,47,0,26,126,19.2348604,1,7
3813,3813,3813,3814,1,121.8009446,67.27599292,67.75029447,31,1,56,127,31.85814656,1,8
3814,3814,3814,3815,4,379.4608809,68.63454459,67.46331055,60,0,56,120,18.8709192,0,0
3815,3815,3815,3816,1,101.478451,88.35748632,86.77180341,57,1,50,111,32.13430925,1,7
3816,3816,3816,3817,3,378.5129746,75.75565412,78.66832422,59,1,48,159,29.34930948,0,9
3817,3817,3817,3818,5,395.6069079,90.35376475,88.58961773,23,0,22,177,23.82954536,2,1
3818,3818,3818,3819,9,402.1277627,87.46255445,88.24695175,59,1,58,116,20.11060269,0,6
3819,3819,3819,3820,1,266.3556427,96.84460824,95.99316215,27,1,53,129,27.22334539,1,1
3820,3820,3820,3821,4,279.7383338,64.89696949,60.57463596,54,1,50,150,25.21584665,0,8
3821,3821,3821,3822,4,455.4369445,52.82582496,49.69396778,49,0,60,124,28.6613848,0,6
3822,3822,3822,3823,0,403.5773116,89.64527972,92.89529768,41,1,36,118,25.90680212,2,3
3823,3823,3823,3824,1,158.5321101,50.72948186,50.46375119,23,0,43,138,26.05532757,1,8
3824,3824,3824,3825,5,126.1119268,54.02321559,50.98955974,53,0,42,140,21.34932158,0,6
3825,3825,3825,3826,1,450.7402852,79.22058099,83.94111435,34,0,22,174,18.7311102,2,1
3826,3826,3826,3827,1,155.6118356,63.82717894,66.49226412,42,0,60,109,24.57194445,1,2
3827,3827,3827,3828,1,176.3188783,98.0556163,96.93232669,52,0,24,163,29.2672848,1,8
3828,3828,3828,3829,7,168.0431779,50.97427922,46.57412898,33,0,41,110,23.00305628,1,2
3829,3829,3829,3830,5,441.1737811,91.01116938,91.59832139,23,1,39,161,27.75123401,1,9
3830,3830,3830,3831,6,397.7675437,74.73286277,78.81761163,58,0,37,110,28.02415814,1,0
3831,3831,3831,3832,9,319.9871946,83.96903347,82.64754873,58,0,28,123,29.61126752,0,4
3832,3832,3832,3833,0,380.298501,96.08754608,100.3181659,41,0,60,137,28.31834158,1,0
3833,3833,3833,3834,7,436.7862216,51.24216018,55.61109296,49,0,23,120,32.38979639,0,4
3834,3834,3834,3835,3,370.8609463,82.72465187,86.43398682,59,1,35,161,21.59525586,0,4
3835,3835,3835,3836,1,145.2608463,50.91735269,50.69299,35,1,48,139,20.80686272,2,5
3836,3836,3836,3837,7,103.8066962,58.62781447,58.38446569,59,1,51,125,32.23961591,0,6
3837,3837,3837,3838,2,238.6176024,58.775397,60.79337969,34,0,48,131,25.65887687,2,6
3838,3838,3838,3839,8,306.359743,96.8440655,99.02785879,54,1,27,112,34.78842208,1,7
3839,3839,3839,3840,7,334.8697347,56.93839247,53.60253698,29,0,43,152,32.61217712,2,8
3840,3840,3840,3841,4,372.2503255,92.94372402,88.42303341,24,0,44,132,32.33881442,1,5
3841,3841,3841,3842,3,158.4902193,74.96789233,75.4032397,53,0,49,130,30.8333255,1,6
3842,3842,3842,3843,8,235.9031182,84.47409237,87.72315952,38,1,49,109,31.7444215,2,1
3843,3843,3843,3844,5,409.9845768,78.84921843,76.77837691,52,0,20,141,20.81175211,0,9
3844,3844,3844,3845,6,421.0059955,55.36964297,56.3430579,38,0,39,115,24.65109472,0,4
3845,3845,3845,3846,8,274.7854532,91.30857236,92.19609501,41,0,46,123,27.30976241,0,3
3846,3846,3846,3847,0,334.9394789,93.22643249,90.91297243,45,0,20,125,30.16758356,2,1
3847,3847,3847,3848,5,398.8418172,85.58484291,89.23677419,35,0,59,108,27.73976442,0,0
3848,3848,3848,3849,4,188.2277617,90.62377911,92.99580708,59,1,28,139,25.7151265,0,1
3849,3849,3849,3850,9,113.9437147,68.96521517,67.10701785,56,1,54,102,31.92672828,1,3
3850,3850,3850,3851,2,485.9832702,87.6125941,83.21824965,55,0,38,112,33.37051592,1,7
3851,3851,3851,3852,3,274.1761399,73.45987108,69.03857794,42,0,51,173,26.78810791,0,1
3852,3852,3852,3853,9,132.4795193,64.75995087,66.41021794,37,0,35,178,28.64961923,0,3
3853,3853,3853,3854,3,137.905795,85.64508234,90.41334464,20,0,32,166,20.58464704,2,1
3854,3854,3854,3855,7,205.9585196,70.29376555,66.31298218,45,1,54,142,21.7684299,1,9
3855,3855,3855,3856,1,238.1608438,57.885473,58.84755786,44,1,27,151,25.21969288,1,9
3856,3856,3856,3857,6,465.0586357,83.58110543,88.20684613,31,0,20,102,27.90010333,0,5
3857,3857,3857,3858,0,255.9715747,70.58634464,71.22861561,53,0,55,179,26.71838145,1,3
3858,3858,3858,3859,1,144.3056992,87.44282248,89.5469276,36,1,55,178,33.38330541,0,0
3859,3859,3859,3860,5,154.1131439,98.14729067,96.74513279,20,0,22,139,32.44776394,0,7
3860,3860,3860,3861,4,486.3927685,97.59895722,92.70057328,21,0,49,160,26.60247496,1,5
3861,3861,3861,3862,4,264.3077311,94.94661237,96.77893592,57,1,56,167,31.43534822,1,9
3862,3862,3862,3863,9,185.9518698,64.74390649,68.6628893,58,0,60,128,19.77461391,1,0
3863,3863,3863,3864,7,116.3604168,56.75742433,59.83340349,35,1,22,134,29.58133002,1,0
