age,gender,daily_screen_time_hours,phone_usage_hours,laptop_usage_hours,tablet_usage_hours,tv_usage_hours,social_media_hours,work_related_hours,entertainment_hours,gaming_hours,sleep_duration_hours,sleep_quality,mood_rating,stress_level,physical_activity_hours_per_week,mental_health_score,uses_wellness_apps,eats_healthy,caffeine_intake_mg_per_day,weekly_anxiety_score,weekly_depression_score,mindfulness_minutes_per_day
51,Female,4.8,3.4,1.3,1.6,1.6,4.1,2,1,1.7,6.6,6,6,10,0.7,32,1,1,125.2,13,15,4
64,Male,3.9,3.5,1.8,0.9,2,2.7,3.1,1,1.5,4.5,7,5,6,4.3,75,0,1,150.4,19,18,6.5
41,Other,10.5,2.1,2.6,0.7,2.2,3,2.8,4.1,1.7,7.1,9,5,5,3.1,22,0,0,187.9,7,3,6.9
27,Other,8.8,0,0,0.7,2.5,3.3,1.6,1.3,0.4,5.1,9,10,5,0,22,0,1,73.6,7,2,4.8
55,Male,5.9,1.7,1.1,1.5,1.6,1.1,3.6,0.8,0.8,7.4,2,8,7,3,64,1,1,217.5,8,10,0
20,Female,9.9,3.2,2.7,1.2,3.3,1.6,2.5,3.3,2.9,6,3,10,2,3.3,72,1,0,102.8,17,16,11.5
33,Male,5.8,4,3.2,1.9,1.3,0.9,1.7,4.7,1.4,5.9,4,1,9,6.8,45,0,0,162.8,6,4,7.9
51,Female,7.4,2.9,3,0.9,3.4,1.2,2.2,4,0.5,5.3,6,8,2,3.5,23,0,1,147.1,9,8,4.4
31,Female,6,2.3,2.9,1.4,0.4,1.5,2.1,5.5,1.1,7.1,5,7,9,0,35,1,0,109.7,0,0,21.2
35,Male,6.8,6.4,2.1,1.4,0.5,1.2,2.2,5.6,0.7,7.1,6,1,4,3.5,47,1,0,206.8,3,8,8.1
23,Female,6.6,2.4,1,1.3,0.6,2.3,1.8,1.3,2.1,6,8,9,10,3.3,27,0,1,110.3,19,3,10.5
23,Male,5.2,3.9,1.8,0.7,2.5,2.5,2.4,2.1,0.6,8.7,2,4,10,4.2,73,0,1,220.9,3,15,16.4
36,Male,8.2,1,0,1.2,0.7,0.4,2.9,0.5,1.2,6.5,6,7,6,8.3,59,0,0,183.4,13,14,0
48,Female,7.4,1.4,3.3,1,3,1.6,2.5,1,0.5,6.5,9,3,1,1.9,35,0,0,112.5,4,9,9.8
52,Male,8.1,4,1.2,0.9,1,1.6,2.5,3.9,3.4,6.6,5,8,5,1.7,50,0,1,90.1,4,4,16.3
36,Female,6.6,4.6,1.5,0.6,1.9,0.2,1.9,2.9,1.8,5.7,1,4,6,3.9,42,0,1,203.3,18,15,9.3
15,Male,4.2,2.4,3.1,0,2.1,1.1,0.9,4.4,1.8,5.3,8,2,9,6.7,21,1,1,92.9,20,5,0
34,Other,9.4,0.2,0.4,1.6,0.5,3,0.6,1.4,1.9,6.1,4,2,9,4.3,28,1,1,143.3,4,15,6.1
14,Male,5.5,2.7,0.8,1.2,0.1,3,1.2,1.8,0.8,7.3,8,8,9,2.3,46,0,1,184.8,10,3,11.5
36,Female,6.7,3.3,2.3,0.3,1.8,0,1.5,3.3,2.7,4.3,4,8,3,5,64,1,1,173.2,1,20,0
56,Female,7.3,3.1,2.5,1.4,1.2,2.6,4,3.9,1.1,4.7,8,1,4,6.6,73,1,0,139.9,14,14,0
42,Male,6.7,2.2,1.9,1.6,2,0.2,3.5,0.4,3,5.8,9,6,8,1.5,78,0,0,113.5,13,2,25.8
50,Other,7.8,2.8,2,1.4,0.2,1.5,1.3,2.2,0.9,4.3,5,9,8,1,78,1,1,186.1,13,18,13.9
14,Female,8.1,1.9,3.3,0.6,1.1,1.9,2.5,3,1.9,4.8,5,9,2,3.1,41,0,0,56,7,8,21.9
33,Female,5.6,1.3,2.6,0.6,1.3,2.9,1.9,3.5,1.4,7.5,2,2,8,3.6,63,1,0,163,19,4,16.9
45,Female,9.3,4.1,2.5,0.7,0,1.8,2.3,3.8,1.5,6,9,8,7,5.8,53,0,0,85.2,7,15,13.2
24,Other,5.5,3.1,2.8,1.4,2.5,0.8,1.3,2.4,0,5.5,4,8,9,2.1,28,0,1,106.1,4,2,7.5
34,Other,6.7,2.8,1.7,1.2,0.7,0.6,4.7,0.9,0.2,6.7,3,4,5,3.8,52,0,1,168.4,4,7,13
56,Female,5.2,2.2,4.2,2.4,3,2.2,4.2,0,2.7,6.6,2,4,2,6.1,57,0,0,112.5,13,13,21.6
37,Female,4.7,2.7,0,0.2,0.8,1.2,1.6,2.3,0,7.9,3,5,5,3.4,75,0,1,207.9,4,2,16.6
61,Male,8.1,3.2,3.5,1,1,1.5,1.3,2.1,2.1,4.4,4,10,2,2.2,53,1,0,185.3,8,15,11.3
39,Male,12.2,5.6,2.9,0,0.3,3.2,3.1,1.5,3.8,5.4,9,7,5,4.1,54,1,1,115.1,10,6,8.6
54,Female,5.3,4,2.2,1.3,2.6,2.5,0.5,3.7,1.8,5.8,6,1,9,2.3,77,0,1,138.7,16,8,14
40,Male,8.4,2,2.1,1.5,2,3.9,3,1,3.3,7,10,9,7,3.7,66,0,1,94.8,11,2,5.7
28,Female,5.3,2,1.8,1.7,2.9,0.8,2.2,1.6,1.9,10,5,3,7,2.6,45,1,0,173.6,11,7,14
27,Male,6,1.8,3.1,1.1,1.3,1.1,0.3,4,1.5,7.2,9,4,1,2.7,26,0,0,228.4,15,11,4.4
59,Male,9.5,2.7,2,0,1.5,2.2,1.8,1.5,1.6,6.2,8,7,9,2.2,64,0,0,90.2,0,16,7.2
63,Female,3.9,1.8,1.3,1,0,4.2,1.2,2.9,1,5,6,5,6,1.9,67,1,1,159.4,17,13,1.8
56,Other,3.3,3.7,2.9,1.2,0.9,1,2.2,2.5,1,4.9,3,5,7,5,64,1,1,166.2,5,15,6.5
64,Male,5.8,0,3.6,0.5,1.7,2,2.1,2.8,0.7,7.6,7,1,2,3.4,46,1,1,87.5,4,18,4.5
15,Female,7.3,3.8,0.1,0.9,1.9,3.6,0.4,3.6,1.6,5.5,10,2,1,5.5,31,0,0,99.6,17,3,23.5
49,Female,6.9,3.4,4.4,0.4,3.3,2.1,1.6,2.9,3.4,6.1,6,5,4,0,36,0,1,59.6,12,2,2.8
63,Male,6.7,4.9,1,0.7,0,3.2,2.7,0.7,2.6,8.5,8,2,9,2,40,1,0,178,5,12,13.1
19,Female,6.1,4.3,1,1.5,1.7,4.3,2.9,0.9,1.4,4.4,6,1,9,1.5,62,1,0,132,6,8,2.4
33,Male,7.6,2,0.8,1.3,1.1,2.4,1.6,2.9,1.8,6.8,10,10,3,2.5,41,1,1,113.7,2,12,10.4
21,Male,0.2,4.1,2,0.3,1.6,2.6,2.5,1.3,1.1,5.4,4,3,1,0.9,45,0,0,253.2,10,11,12.3
51,Other,4.5,2.7,0.7,0.6,1.6,2.9,2.3,3.7,2.6,8.5,10,1,2,0,58,1,0,59.9,7,20,0
30,Male,5.8,0.1,0.8,1,1.3,0.9,1.9,2.9,0,5.4,7,10,9,4.3,32,0,0,214.3,3,14,0
16,Female,7.4,3.2,1.3,1.1,0.4,0.2,2.6,0.3,3.1,7.3,7,8,9,1.8,61,0,0,42.3,9,2,2.4
37,Female,9,2.1,2.1,0.7,0.2,2.2,0.9,5,0.7,4.3,8,8,1,4.1,61,0,0,124,8,2,0
26,Male,4.2,3,2.2,1.2,1.2,1.2,2,2,0.8,8.4,2,8,9,0.6,64,1,1,65.1,12,1,10.7
62,Female,8.9,5.5,3.2,1,0.1,3.3,0.1,2.2,0,7.6,6,7,1,0,42,0,0,109,18,5,11.9
21,Other,5.1,3.3,3.2,0,1.4,2.4,1.9,3,1.4,5.8,3,7,10,3.5,70,0,0,123,14,15,1.5
38,Male,5.7,1.5,3,0.7,1.2,3.2,3.7,2.4,0.5,7,8,2,4,4.3,49,1,0,114.5,4,17,11
14,Female,7.2,4.4,1.7,0.7,0,0.6,1.6,3.8,2.4,7.6,4,9,5,1.8,74,0,1,162.5,12,8,6.6
32,Female,5.6,3.5,0.2,1.3,3.4,3.2,3.6,1.2,1.9,6.7,4,7,8,1,36,0,1,193.9,11,2,9.2
40,Female,8.2,1.3,0.1,1.3,1.6,0,1.6,4,0.5,6,2,5,5,5.5,46,1,1,144.3,8,15,5
59,Female,5.2,0.6,3,0.2,0,0.7,0.7,3.4,0.3,6.4,6,4,5,2.9,39,1,1,166.2,7,3,13.9
19,Male,5.2,1.5,2.8,1.2,1.7,2.8,2.8,1.5,0.6,6.6,6,8,4,1,26,0,0,228,8,13,23.1
56,Other,8.1,4.3,1.4,1,1.3,1.4,2.6,2.8,0.3,6.6,1,5,9,0,74,1,1,115.1,20,3,16.2
20,Other,4.5,2.5,0.6,1.1,0.2,1.5,4.8,4.1,0.9,7,8,6,8,1.6,23,0,0,195.2,12,17,21.1
59,Female,6.5,3.1,1,0.7,1.8,2.1,0.8,3.2,0.4,5.3,3,4,9,2.2,68,1,0,276.3,8,17,0
47,Female,2.7,1,2.2,1,0.6,3.7,2.4,2.7,2.4,5.7,1,2,7,4.5,50,1,1,240.7,5,17,4.6
26,Female,9.6,4.3,2.2,1.6,1.7,0,2.5,3.3,0.7,6,10,7,7,3,49,0,0,231.5,5,20,14.5
29,Female,8.4,0,3,1.1,0.8,3.5,3.3,3.4,1.8,7.1,1,2,5,2.7,50,1,0,186.4,10,2,22.1
48,Female,11.5,2,1.5,1,0.6,3.6,2.6,1.8,1.8,4.7,1,7,10,1.2,75,0,1,207.6,9,6,15.2
62,Female,8.7,3.6,1.8,0.8,1.5,1.4,1.7,2.7,0,6.7,5,7,1,5.8,23,0,1,125.8,13,12,1.8
52,Female,3.7,1.3,3.1,1.5,0,1.2,0.7,3.6,1.9,7.4,5,1,6,5,37,1,0,145.9,5,6,6.5
16,Female,7.3,3.9,0,0.4,1.4,1.9,2.4,2.7,0,6.6,1,10,10,4.8,39,0,1,140.1,6,12,12.7
14,Female,4.2,1.7,2.3,0.6,2.2,1.1,2.4,1.6,0.4,6.6,5,10,6,2.9,59,0,1,116.8,8,3,8.7
18,Male,9.2,1.2,1.7,0.3,2.8,2.4,2.8,2.9,1.9,6.1,7,3,10,3.8,59,0,1,157.3,2,15,3.6
54,Male,3.8,4.9,2.7,1.1,2.6,2.6,1.7,2,1.3,6.6,5,3,4,0,72,0,1,123.8,11,14,7.7
16,Male,3.7,3.2,2.5,1.6,2.9,0.1,2.3,3.3,0.9,6,9,6,2,3.4,67,1,1,153.1,15,12,9.9
41,Female,2.8,3.8,1.3,0.8,1,0.9,0.1,4.4,0,6.3,4,3,1,6.8,66,1,1,81,12,9,1.3
30,Female,5,4.5,1.5,0.5,0.5,0.6,0.8,3.4,2.2,6,9,9,3,1.8,69,0,1,123.3,5,9,17.9
38,Female,4.6,0,0,1.8,2.3,2.3,3.1,1.4,1.6,6.3,8,5,9,1,42,0,1,215.8,12,4,6.5
56,Female,3.5,4,2.7,1.2,1,3,2.2,2.9,0.3,6.1,1,6,1,2.7,70,0,1,159.7,4,3,9.4
46,Female,10,1.9,2.2,1.1,1.5,0.7,2.6,0,0.2,5.1,4,6,5,1.3,57,0,0,216.7,3,18,18.3
22,Male,7.1,2.1,3.4,0.9,2.2,3,1.3,2.4,2.2,4.7,7,8,10,1.2,28,0,1,119.7,7,14,9
48,Female,6.8,3.7,1.6,1.3,3.5,0.9,1.1,3.7,1.5,6.6,1,10,6,3.5,80,0,0,137.6,2,8,17.8
26,Female,9.2,2.5,2.9,1.1,2,2.9,1.5,3,0,7.2,8,3,9,4.6,35,0,0,160.7,1,15,1.8
43,Female,6.5,3.9,0.9,0.8,1.7,1.7,2.3,2.6,0.5,8.4,2,9,1,3.5,40,1,1,140.3,19,3,13.5
60,Male,4.5,2.9,0,0.8,0.4,1.5,2.8,5.3,3.2,7.8,8,7,5,0.7,28,1,0,80.3,18,10,16.7
27,Male,2.6,3.3,1.9,0.5,2.7,3.4,1.7,0.3,2.2,7.6,4,6,1,1.7,71,1,1,178.3,6,16,3.4
20,Male,4.4,2.3,1.4,0.4,1.9,4.1,0,0.6,1.2,6.8,8,1,2,3.6,44,1,0,100.7,11,20,8.6
26,Male,9,1.4,0.9,0.9,1.2,0,2.5,3.1,1.2,6.6,1,4,2,4.3,68,0,1,149.5,3,0,8.7
35,Female,3.5,1.9,2.9,1.6,1,2.7,2.3,3.7,0,5.6,5,5,5,2.6,55,1,1,43.5,9,8,11.7
52,Male,6.7,2.8,3.2,0.5,1.1,2.2,2.6,3.7,2.5,5.4,9,2,10,1.2,66,1,1,117.6,8,11,13.8
33,Female,8.1,5.8,2.1,1.4,1.5,2.8,3,1.8,0.7,6.7,7,1,4,4.5,62,1,0,143.7,11,11,2.7
28,Female,6.6,5.2,1.8,0.6,0,0.3,2.9,1.4,0.4,5.5,3,2,6,6.6,33,0,1,178.1,10,9,9.5
57,Male,6.8,2,2.1,0.1,2.7,0.7,3.6,1.2,1.9,6.4,4,8,5,5.2,36,1,0,88.2,20,8,22.7
30,Male,7.3,3.1,1.3,1.3,2.5,1.2,2,2.9,0.6,3.5,10,10,2,7,47,1,0,105.4,18,20,18.4
59,Male,6.8,2.6,2.6,1.8,1.3,2.3,1.5,1.2,0,7.1,7,6,9,1.8,64,0,0,238.2,1,19,16.4
36,Male,9.2,3.2,0.5,0.6,1.1,1.1,3.2,3.9,1.6,5.3,6,10,10,5.1,60,1,1,248.3,5,15,8.5
38,Male,3.9,3.4,0.9,0.2,1.5,1.6,3.1,2.5,0,4.8,4,2,8,5.6,75,0,0,175.7,5,12,27
37,Female,6.5,3.8,1.2,1.2,1.6,3,1.7,1.6,1.1,7.4,3,9,9,2,67,0,1,214,0,2,18.2
57,Male,2.4,0,2.5,0.5,1.2,4.5,3.3,1.6,1.5,7.7,2,8,6,1.3,27,0,0,130.3,6,17,10.3
53,Other,1.9,3.5,1.7,1.3,2.5,2.9,2.1,0.5,0.9,6.4,10,4,5,1.1,33,0,0,182.7,11,3,11.8
41,Male,5.8,2.4,3.4,1.6,0.1,3,3.5,1.5,0.9,5.6,9,10,5,2.8,34,1,1,180.2,20,18,6.3
27,Female,7.1,1.9,2.8,1.2,0.8,1.8,4.1,1.8,2.8,7.4,3,7,2,0,58,0,1,102.9,11,12,13.1
57,Female,9.3,4.2,1.2,1.4,2.3,0.9,5.2,3,2.8,5.6,7,3,4,6.4,44,0,1,159.8,19,12,14.7
13,Female,10.8,5.2,2.6,1.4,1.8,1.6,2.1,2.4,0.3,6.3,1,6,2,0.4,78,1,0,135.2,20,11,15.6
37,Female,8.6,4,1.6,1.5,0.8,1.9,3.7,1.4,0.6,8.1,8,3,2,3.8,30,0,1,168.4,5,0,8.6
19,Female,7.5,2.2,2.5,1,1.9,0.6,3,0.9,0.7,7,1,10,8,0,48,1,1,123.2,13,1,0
21,Female,6.3,1.4,2.9,1.4,0.7,3,3.1,2.2,1.2,6.4,2,3,4,7.1,22,1,0,77.3,16,2,11.9
36,Female,2.9,0,3.1,1.1,1.2,3.8,2.5,0,1.1,6.2,1,9,4,5.5,58,0,1,150.9,16,20,15.7
13,Female,5.7,3.3,2.2,1.2,2.5,2.1,3.1,2.1,2.9,6.6,4,6,7,0,41,1,1,191.5,17,20,2.2
56,Male,8.6,3.9,3.6,2.5,2.4,3.3,0.4,4,1,6.8,2,8,4,3.6,56,0,1,191.5,12,12,9.3
20,Male,7.8,2.8,2.4,1.1,1.8,3.5,2,2.2,0.2,5.1,1,4,9,2.5,60,1,0,61.2,12,11,20.7
36,Female,3.4,4.4,2.1,0.3,0.4,0.8,1.2,2.7,0.6,7.9,1,4,9,3.3,39,1,1,159.1,10,15,0.4
23,Female,7.2,1,1.7,0.9,1.1,0,1.1,2.5,1.6,6,2,8,3,4.3,38,1,1,184.4,2,13,7.7
63,Female,7.1,2.7,1.4,0.8,1.6,1.4,0.3,0.7,0.9,6.3,6,7,6,1.4,32,0,0,156.9,16,13,21.9
29,Female,6.7,2.6,2.4,0.9,3,2.1,1.4,4.8,1.5,7.5,2,5,7,2.9,46,0,1,193.2,1,16,11.3
20,Other,5.9,2.8,2.1,1.5,0,0.6,1.8,2,1,6.3,2,2,3,0,38,1,1,79.5,1,4,5.8
47,Male,7.3,4.8,2.3,1.6,0.6,3.7,2.2,2.5,1.9,7.6,8,6,4,3.2,35,1,1,92.7,6,5,9.9
47,Male,7.4,2.8,2.5,0.9,2.6,4.3,2,1.6,1.1,6.4,5,1,1,0,21,0,1,179.5,9,9,16.6
45,Male,4.7,2.6,2.3,0.3,2.9,2.2,3.3,4,0,6.6,8,7,9,5.6,20,0,0,132.6,13,8,8.4
17,Female,6.9,1.6,4,1,1.4,0.8,0.9,0.6,0.9,6.8,8,9,7,0.1,22,0,1,208.6,20,6,14.8
54,Female,5.6,5,1.5,0.7,3,2.6,0,4.2,3.4,6.9,2,5,10,3.6,43,1,1,165.3,18,3,11.9
51,Male,3,0.9,2.4,1.1,0.8,0.8,2.6,2.1,2.4,7.2,7,5,7,4.7,63,0,0,105.2,16,6,12.5
53,Female,4.9,2.2,1.8,0.9,0,3.4,1.9,1.8,0,7.8,9,7,9,6.7,57,1,1,102.7,15,10,15.3
40,Male,2.9,5.5,0,1.6,2.3,1.7,1.9,1.7,3,7.7,8,5,6,6.5,21,1,1,56.2,16,5,7.6
19,Female,8,3.7,1.8,1.1,2.8,2.9,1.1,4.9,1.3,5.5,9,10,8,5.8,75,0,0,184.4,17,15,2.4
21,Female,6.7,3,1.1,0.7,2.8,3.1,3.1,0.4,0.7,8.2,8,4,5,3,35,0,1,144.2,10,15,13.8
20,Male,5.3,3,1.9,0.3,0.6,2.6,1.5,1.8,0.9,4.5,4,1,8,5.2,48,1,1,195.8,18,12,8.9
24,Female,8.8,1.6,2,1,1.7,4.1,0.9,0.8,1.3,5.7,10,6,10,3.6,56,0,0,162.9,10,11,6.4
46,Male,6.1,2.9,2.4,1,2.3,2.2,4,0.1,2.3,6.3,7,9,1,3.7,63,0,1,155.7,9,1,14.2
45,Male,3.1,2.5,1.5,0.9,1.8,1.4,2.8,4.2,1.4,5.1,9,4,3,1.8,23,0,1,190.8,13,20,20.2
60,Male,5.1,3.3,1.6,1.4,2.9,0,2,2.5,1.5,6.8,9,10,4,6.5,33,0,0,145.1,13,12,8.8
35,Male,9.3,0.7,2.7,0.3,1.1,0,0,1,2.4,7.4,4,4,9,1.4,36,0,0,133.4,9,0,10.1
36,Male,4.7,3.6,1.2,0.6,1.4,2.8,1.7,3.6,0.8,5.6,7,5,8,0.9,63,1,0,150,20,9,0.5
49,Female,6.6,4.5,0.2,1,1.7,1.8,2,2,1.5,7.1,6,6,8,3.8,64,1,0,192.1,3,9,8.2
47,Female,7.5,2.7,2.2,0.7,2.3,1,3.8,1.7,1.6,7.5,3,3,2,0,36,1,1,102.9,9,10,11.8
56,Female,7.2,4,3.1,0.8,1.3,0.7,0,3.2,1.3,4.2,10,9,7,3.2,39,0,0,196.2,5,8,9.8
52,Male,10.9,3.5,2.7,1,2.4,2.9,3.9,2,1.7,6.7,6,1,3,6.3,79,0,1,153.2,10,3,7.1
34,Female,3.6,2.1,2.2,1.3,3.1,0.8,2.5,1.2,0.5,6.9,8,6,6,3.8,66,0,1,130.8,17,16,15.8
39,Male,3.8,1.4,3.3,0.9,1,4,0.6,3.4,2.2,5.4,2,6,4,3.1,48,0,0,159.2,5,18,10.5
47,Male,3.7,1.6,3.1,0,1.3,4.8,3.1,2.3,0.6,5.1,3,8,6,1.3,60,0,1,208.8,20,9,30.7
13,Female,5.4,3.4,1.7,0.7,2.5,0.9,1.7,3.5,1.7,5.7,8,5,4,0,45,0,1,208.4,14,12,11.7
47,Male,8.2,2.9,2.2,1.2,3.4,2.8,0,2,1.4,6.3,4,9,3,4.7,61,0,1,169.6,5,1,0
49,Female,3.9,4.9,2.3,1.4,2.1,2.5,1.5,3.8,0.5,5.6,4,9,2,3.1,57,0,0,181.3,19,8,1.1
59,Female,8.2,4.2,1.9,1.4,0.7,0.8,2.3,2.5,2.8,7.2,2,2,4,4.2,36,0,0,152.2,0,6,14.3
26,Male,6.1,4.2,3.1,1.6,1.7,0.8,2.1,3.9,2.9,7,10,5,10,0,31,0,0,120.8,8,9,4.9
15,Male,3.8,3.4,1.8,1.1,2.5,1.9,2.8,3.8,0.3,7,1,7,2,4.5,75,0,0,172.2,13,11,5.4
13,Male,2.5,1.6,1.5,1.1,0.7,0.6,3.3,4.1,2,8,7,2,7,7,47,1,1,127.6,2,19,0.1
17,Female,2.9,3.5,0,0.5,0.4,3.3,0.7,2.6,1.1,7.3,4,7,1,5.7,28,0,0,98.7,0,10,6.2
38,Male,4.7,3.1,1.2,0,1.2,1.7,2,3,0.5,6.8,6,9,1,3.6,51,0,0,128.9,13,3,11.6
26,Male,5.7,1.3,0.7,0.3,2.2,0.7,1.3,2.2,1.6,5,8,8,5,0.9,53,0,1,67.9,13,11,13.1
51,Male,8.7,4.8,2,0.6,0.1,1.9,0.5,1.3,2,7.9,7,10,7,3.2,35,0,0,88.1,3,11,1.8
39,Female,7.6,4.7,0.7,0.3,0.8,2.6,1.9,5.1,1.4,8,7,9,1,3.3,67,1,0,251.5,13,7,16.4
21,Male,4.3,1.3,2.6,0.9,1.8,1.1,2.5,1.5,0.8,6.1,6,4,4,2,73,0,1,206.3,3,19,0.5
27,Male,6.8,2,3.1,0.8,2.6,0,2.6,3.7,2.5,5.5,4,8,5,2.2,50,1,1,138,10,13,13.5
27,Female,9.3,2.2,2,1.5,1.8,2.2,1.5,3.4,2.6,7.4,4,9,2,7.2,74,0,0,176.1,19,6,12.7
38,Other,9.7,3.9,1,0.5,1.9,0.5,0.8,2.7,0.5,4.3,9,10,7,1.1,46,1,0,102.5,8,2,2.5
54,Male,5.4,3.7,2.3,1.1,2.5,1,1.2,2.3,1.3,7,5,2,4,2.1,48,1,0,183.1,10,18,1.6
25,Male,7.9,3.1,3.9,0.8,3.1,2.6,0,2.3,0,8.3,9,10,8,4.1,20,1,1,163.1,14,13,13.1
63,Male,8.8,3.4,3.6,0.5,3,1.3,0.6,1.6,2,6,9,3,1,7.4,46,0,1,114.8,5,18,5.5
44,Female,3,1.1,0.6,0.6,0,1.8,0.7,2.6,2.5,6.8,4,1,10,2.4,72,1,0,133.8,11,9,8.5
51,Male,5,3.6,0.6,0,1.6,3.7,3,1,1.6,6.6,2,1,1,0,51,0,0,130.4,12,11,15.5
61,Female,10.4,2.8,0.3,1.4,2.4,1.6,3,3.5,0.2,7.8,2,10,1,0,78,0,1,192.5,17,17,13.8
64,Female,5.4,2,0.9,1.7,3.2,4.4,4.6,2.2,2.8,6.6,9,6,4,8,30,1,1,145.9,13,18,2.7
44,Female,0.1,0.7,2.3,0.9,2.1,2.9,2.3,1.2,3.2,6.1,9,1,1,0,72,1,1,71.1,10,17,9.6
16,Male,5.8,3,1.4,1,0.6,0.9,1.4,0.8,0.8,4.7,3,5,5,3.2,54,0,0,127.6,1,12,2.5
42,Female,8.2,3.5,1.2,0.9,0.8,1.4,2,2.3,1.6,6.6,5,6,6,0,21,1,1,110.9,18,16,17
49,Female,6,0.4,3,0.6,0.8,0.5,1.8,2.4,2,6.4,5,9,7,1.4,65,0,1,76.1,1,20,22.3
35,Female,7.4,3,2.5,1.4,1.8,2.8,1.2,1.8,2,4.1,2,6,8,1.7,20,0,1,111.9,16,5,3.2
51,Male,7.9,3.2,0.3,1.2,1,3.6,2.4,3.2,1.2,5.3,2,4,8,0,25,1,1,42.1,7,15,9.8
57,Other,5.3,2.2,3,0,0,1.6,2.2,3,3,5.8,10,1,2,5.4,26,0,0,103.5,4,17,17.3
27,Male,5,3.6,2.5,0.5,0.3,0,1.9,2.6,0,5.8,1,6,4,3.9,21,0,0,159.8,10,8,10.2
55,Male,6.3,2.8,2.5,0,1.1,2.4,1.6,1.3,0,6.5,2,7,7,2.1,21,0,0,172.7,19,12,14.5
41,Male,6.4,3.4,1.4,1.8,0.1,1,2.8,1.5,1.2,6.4,7,5,9,1.9,66,1,0,175.2,0,3,10.4
48,Female,6.1,3.8,1.8,0.9,0.3,1.1,1.3,0.7,2.9,6.4,1,6,9,5.2,72,0,1,197.9,19,12,1.5
25,Male,6.2,3.8,0,1.1,3.6,2.4,1.5,2.3,2.4,9.2,1,10,3,3.2,24,0,0,209.4,15,2,11
44,Male,4.5,4.5,2.9,0.8,1.5,3.5,2.6,3.2,0,6,9,8,7,7.2,32,0,0,98.8,4,3,19
19,Male,7.5,3.5,1,1.6,1.1,2.9,3.2,0.9,4,5.5,2,1,4,2.1,38,1,1,81.2,15,18,12.5
63,Male,7.2,2.3,1.1,1.4,2.2,2.5,3.1,1.8,1.8,8.4,4,8,9,3.9,38,1,0,152.1,4,0,23
34,Female,3.3,2,1.1,0.9,2.6,1.8,1.7,2.4,0,8.3,3,2,7,0.5,66,1,0,177.3,9,0,0
40,Female,5.2,1.4,3.8,1.9,3.7,0.4,0.5,3.2,1.1,5.2,4,2,6,2.1,20,1,0,108.2,8,8,13
14,Male,6.2,3.2,1.3,1.1,3.2,2.4,1.7,0.6,2.2,8,7,8,9,5.1,54,0,1,163.2,18,2,4.8
54,Female,4.9,5,2.9,0.3,1.9,2.9,2.1,5.4,2.5,4.3,10,2,7,5.4,76,0,0,241.1,2,2,3
57,Female,7.3,2.5,2,1.1,0,1.3,0.7,3.5,1.1,9.9,2,8,8,6.7,37,0,0,83.2,8,17,20.7
18,Male,5.9,3.7,1.2,1.3,0.5,1.6,1.6,1.7,1.7,8.6,2,5,5,3.9,68,0,0,150.3,19,1,8
40,Male,6.3,1.9,1,0.9,1.1,3.3,3.4,1.1,1.1,7.1,9,9,4,5.5,76,0,1,201.9,7,10,7.2
40,Other,5.2,3.3,1.4,0.8,2,1.5,2.2,2.9,1.1,7.5,6,9,1,4.2,51,1,0,140.1,3,8,12.7
56,Female,2,4.9,1.9,1.9,1.6,1.7,1.4,3.1,1.9,7,7,8,8,2.2,51,0,1,170.6,10,1,0
56,Male,1.9,4,2.6,0.4,0,1.9,2,1.2,2.6,5.7,5,9,6,0,72,0,0,195.5,3,19,20.8
32,Female,7.2,0.6,1.5,0,0,2.8,2.1,1.1,0.1,7.9,5,7,4,2.5,27,0,0,134.9,11,3,25.2
42,Male,6.5,3.9,1.5,1.8,1.8,2.4,1.6,1.3,1,8.1,4,8,3,0.7,30,0,1,96.9,6,8,17.3
23,Female,6.9,3.9,1.1,0.4,1.6,2.3,2.9,2.6,0.6,5.6,8,6,5,5.1,39,0,0,145,7,13,13.3
40,Male,6.3,3.3,0.8,0.9,1.3,3.8,0,2.6,0.2,6.5,7,9,4,5.2,27,1,0,95.3,9,18,8.3
37,Male,6.4,4,0.7,0.8,2,1.5,2.6,5.3,0.1,5,10,2,7,1,47,0,1,122.5,12,15,1.4
51,Male,7.9,1.7,3,1.6,2.7,0.9,1.3,0,1.2,6.4,2,3,6,5.2,40,0,0,172.1,13,13,19.6
45,Other,6.9,3.1,1.5,1.7,1.8,3.2,3.3,1.6,0.1,6.2,2,2,3,0.6,57,1,1,159.1,15,14,17.3
13,Female,8.1,4.7,1.6,0.4,0.6,2.3,0.5,1.8,0.1,8,6,6,10,5.9,57,0,0,199.9,6,17,13.6
39,Male,6.3,4.5,1.3,1.7,3.4,1.3,3.1,3.1,1,8.4,1,3,1,2.7,25,1,1,161.6,15,14,12.7
64,Male,5.4,3.8,1.7,1.7,1.3,1.6,1.1,3.2,0.2,5.2,7,1,7,3.9,21,0,1,111,16,18,12.4
25,Female,6.4,1.7,2.4,1,1.5,0.5,2.4,2.2,1.7,7.4,8,4,5,5.9,29,1,0,100.2,19,8,5.8
53,Male,4.3,1.4,1.5,1.5,0.8,2.3,1.4,4.5,0.7,7.6,10,5,1,4.2,61,0,1,181.4,18,20,30
15,Male,5.2,3.2,2.2,1.5,0.4,0.2,3.4,1,0,4.4,8,4,1,2.7,28,1,0,162,11,20,7.7
51,Other,6.4,3.3,3.4,0.9,0.5,2.8,1.8,1.6,3.5,7.7,3,6,6,4.7,74,0,1,140.4,8,15,6.6
18,Male,6.3,2.8,1.2,0.9,0.3,1.4,1.1,0.8,0,4.7,7,3,4,1.1,22,0,0,166.9,7,16,19
20,Female,5.8,1.8,1.6,1.3,0,0.3,3.7,2.3,2.1,5.9,1,10,8,0,21,1,1,114.8,8,9,9.8
39,Other,3.2,3.7,2.6,0.2,1.3,3.3,1.7,2.1,1.5,5.4,3,6,2,5.3,55,0,1,27.7,4,4,9.8
21,Male,7.3,3.2,3.5,0.8,2.6,4.7,2.6,3.5,0.7,4.6,6,10,4,0.4,27,0,0,202.1,20,8,21.3
49,Male,7.7,3.4,0.8,0.4,0.5,2.5,3.1,4.9,0.3,7.8,9,1,8,4.8,28,0,0,182.4,9,13,15.4
45,Male,9.3,3.9,0.3,1.7,4.1,1.7,0.9,4.4,2.9,5.4,5,6,8,3.3,45,0,0,145.7,4,9,15.8
63,Female,6.9,2.6,2,0.8,2.9,0.8,2.5,0.9,3.3,6,5,8,5,3,53,1,1,105.1,13,0,0
54,Female,6,2.3,1.9,1.1,1.5,2.3,2.7,2.6,0.9,6.5,9,10,3,1.1,67,1,0,139.3,17,19,13.2
56,Female,4,4.7,2.7,0.9,0.4,2.8,0.1,3.5,0.8,7.4,9,8,4,2.1,49,0,1,63.5,6,2,2
36,Male,9,1.9,2.5,0.9,0,2,2.4,3.4,2.3,5.3,6,1,3,3,57,0,0,155.7,7,15,6.4
27,Female,6.5,2.3,2,1.1,1.4,3.1,1.6,5.5,1,7.1,5,7,2,3.4,27,1,0,53.2,4,4,11.4
44,Other,6.4,4.9,3,0.6,1.6,3.8,3.9,2.2,1.8,6.2,10,10,4,1.2,22,0,1,155.3,5,12,9.7
44,Female,5.5,2.2,1.3,0.9,1.3,0.5,3,2.6,1.8,5.3,2,10,9,4.5,30,1,1,114.7,19,4,15.2
36,Other,5.4,2.9,2.2,0.9,2.6,2.4,2.5,5.4,1.2,7.7,8,4,6,4.6,44,0,1,142.6,8,10,16.2
53,Female,7.4,2.4,0.8,0.8,3,0,0,3,1.4,9,8,6,4,4,71,1,1,93,20,16,16.8
64,Female,4,0.3,2,1.2,2,1,2.5,1.7,1.6,6.7,7,6,1,2.1,24,0,1,225.4,8,2,0
61,Female,9.3,2.8,0.5,0.8,2,2.9,1.1,1.2,0.1,5.8,8,5,7,4.7,31,0,1,168,7,5,28.9
61,Male,8.8,1.5,0.9,1.8,1.2,1.9,3,2.8,0.5,5.6,3,10,2,4.2,74,0,0,115.6,16,15,9.8
64,Male,5.3,3.4,3.7,1.3,1.5,0.1,1.8,3.9,1.4,7.5,3,9,6,0,49,1,1,141,7,19,19.7
24,Female,4.3,4.7,0.2,0.3,1.9,3.3,1.4,3.9,0.7,6.5,2,10,10,3.4,46,0,1,230.3,0,1,0
51,Male,2,0,1.8,1.3,1.2,1.3,1.5,1.4,4,5.2,1,8,1,6.9,62,1,1,102.5,17,4,7.9
14,Female,3.5,2.4,2.8,0.7,2.2,3,1.6,2.6,1.3,4.5,3,6,7,4.9,24,0,1,94.4,14,18,0
15,Other,7.5,3.7,4.2,1.1,0.4,2.6,0.4,1.9,0,7,3,4,4,5.3,39,0,0,92.2,15,19,3.1
61,Female,6.6,0,2.2,0.6,0.8,1,0.5,2.3,0,5,7,4,3,1.6,71,1,0,115.9,1,10,10.4
49,Male,7,5,2.2,0,0.5,3,1.6,3.7,2,6,10,9,10,3.3,40,0,0,224.8,12,17,7.3
61,Male,2.3,3.6,2,1,0.8,2.4,3.9,2.4,1.3,8.5,9,4,7,2.6,22,0,1,122,1,2,20.5
29,Male,5.2,4.6,3.1,0.3,1.2,2.2,2.9,3.3,2.6,5.5,1,7,3,3,60,0,0,129.1,13,11,24.2
61,Female,8.7,2.2,2.4,1.2,2.5,1.4,3,3.4,0.6,7.8,8,6,8,2,79,1,0,160.1,6,12,2.3
14,Female,5.8,2.3,1.4,1.1,1.5,0.7,3.4,1.7,1.1,5.3,1,2,4,0.5,69,0,1,148.4,10,20,6.1
14,Other,3.5,2.8,3.1,0.7,0.2,1.5,2.3,4.1,1.5,7.5,3,5,3,3.1,63,0,1,198.5,14,19,1.8
40,Male,5.8,6.2,1.5,1.9,0.1,1.5,1.5,1.1,1,7.2,4,3,7,1.4,74,0,0,191.1,16,19,19.2
35,Other,4.5,5,0.4,0.4,1.1,3,1.5,0.9,1,7.1,8,9,7,4.2,23,0,1,166.4,20,8,11.3
49,Female,6.7,3.2,0.4,0.7,2.3,0,1,1.9,1.9,5.8,1,10,9,2.9,43,0,0,138.5,16,8,10.3
44,Male,6,3.4,1.8,0.4,2.9,3.8,3,1.2,0.4,7.3,2,1,10,0,26,1,1,198,14,6,12.5
45,Female,7.1,4,2.1,2,0,3.8,0.9,3.3,1.7,6.9,5,10,7,5.8,43,0,1,110.6,15,0,7.5
13,Male,3.6,6.6,3,1.7,1.9,1.2,4.5,5.8,3,8.8,6,4,6,3.9,71,1,0,107.4,8,0,3.1
31,Male,5.1,3.6,2.6,0.3,1.1,3.7,0.9,4,2.9,5.8,5,4,3,2.1,30,0,0,129.6,20,18,10.4
14,Female,8.2,3.1,2.1,0.6,1.2,0.8,3.5,1.4,0,8,3,9,4,2.3,21,1,0,208.1,20,2,7.9
56,Male,3.3,2.5,3,0.6,0.4,3.4,3.5,1.2,0.7,5.4,10,1,8,0.5,74,1,0,108.2,19,6,12.8
38,Female,4,3.4,2,0.7,1.3,1,2.7,3.8,1.5,6.2,7,2,6,2.9,63,0,0,120,18,11,0
44,Female,6.4,2.1,0.7,0.5,0.4,3.2,3.9,1,2.5,5.7,1,1,9,4.4,60,0,1,158.7,8,15,11.5
18,Female,6.6,3.7,0.5,0.7,1.2,0.3,1.8,1.2,1.4,5.9,2,1,8,6.5,25,1,0,147.2,5,12,4.5
44,Male,5,0.9,3.3,1.5,2.6,3.3,2.2,3,2.5,6.3,9,1,8,2.8,26,0,1,131,0,17,11.2
16,Female,5.4,2.6,0,2,2.1,3.5,2.3,1.8,0.5,8.2,4,3,10,3.1,57,0,1,173.4,4,16,17.2
23,Female,7.1,4.1,1.8,0.2,3.4,0.2,2.7,2.7,1.5,7,8,4,10,5.4,37,1,1,126.3,4,8,5.6
29,Female,7.7,3.6,5,0.5,2,4.1,0,2.1,1.6,8,9,10,7,0.7,64,0,0,202.8,0,13,19.6
50,Male,3.9,2.3,2.5,1.1,1.7,3.2,1.9,2.5,2.5,6.5,7,2,10,3.3,28,0,0,161.9,0,4,0
36,Male,6.7,2.7,1.8,0.2,2.1,0,3,3.6,2.1,8,1,1,1,1.5,72,1,1,200.8,5,10,22.4
17,Female,9,4.6,0.3,1.1,0.7,1.4,1.6,3.3,1.9,6.8,5,5,5,3.3,47,0,1,110.5,8,19,19.9
64,Male,5.8,1.2,3.6,1.3,0,3.2,4.4,3.7,2,5.6,6,6,7,4.9,38,0,0,142.6,18,5,2.9
46,Female,3.8,1.2,3.2,1.4,2.3,2.9,2.2,3.3,0,7.8,8,2,10,0,23,0,1,55.1,4,5,3
18,Female,3.7,1.6,2.7,1.3,0,2.1,2.6,3.4,1,8.3,10,3,9,5.2,23,0,0,216.9,20,7,0
34,Female,5.7,3,2,0.7,2.6,3.1,3.9,2.5,0.2,7.3,8,10,4,3.7,32,1,0,264.7,16,0,17.4
23,Female,8.1,1,2.6,0.9,2.3,1,2.2,0.6,0.5,7.5,9,3,8,3.3,47,1,1,135.6,19,8,7.4
60,Other,5.9,4.4,1.9,0.4,0.7,2.1,3.8,2.4,1,8,9,2,1,5.7,76,0,1,168.6,11,9,6.8
28,Female,6.4,1.6,1,1.2,1.1,1,2.7,2.9,0,6.2,4,4,4,1.4,30,1,0,155.7,5,16,1
45,Other,4,3.3,3,1.8,1.5,2.2,2.7,2.6,1.1,5.6,6,5,4,0.3,72,0,0,85.4,12,2,24.5
21,Female,8,2.1,1.9,1.2,0.6,3.2,0.9,3,0.4,6.9,3,8,2,1,21,1,0,212.4,7,20,2.2
18,Male,3.7,2.9,2.5,0.7,2,2.9,3.3,5.2,0.1,8.6,1,6,3,4.1,25,0,1,136.3,2,12,10.2
28,Male,5,0.6,1.9,1.5,2.1,2.3,1.3,1.8,1.3,6.9,6,9,3,2,31,0,0,47.6,10,7,11.7
41,Female,7.3,4.5,2.5,2.2,0.1,3.2,1.8,2,0.8,7.3,1,3,9,1.3,74,0,0,114.2,19,19,6.8
15,Male,1.9,1.6,2,1.1,0.7,3.3,3.5,4.1,1.5,6.6,9,10,7,1,59,0,0,80.3,0,13,5.2
32,Female,6.3,1.4,1.9,1.3,1.5,4.2,1.6,2.7,0.6,6.9,6,9,2,3.3,56,0,0,156.1,13,19,7
48,Male,3.9,6.6,2,1.3,2.6,3.4,2.4,3.1,1,5.9,1,4,9,2.9,75,0,1,155.8,20,7,14.5
31,Female,6,3.8,5,0.2,2.2,2.8,1.9,1.7,3.7,7.2,3,8,8,0.2,43,1,0,209.3,12,18,7.2
38,Female,5.3,4.4,2.8,0.8,0,3.1,2,1.5,1.8,7.6,1,10,6,0.2,71,1,1,241.5,14,12,23
15,Female,10.2,3.7,4.6,0.7,1.2,2.3,1.8,0.9,0.4,4.7,2,7,6,1.9,74,1,0,245.6,20,5,3.8
31,Female,5.2,2.3,2,1.4,2,1.7,0.8,2.7,2.4,4.7,6,7,2,4.8,79,0,1,98.7,7,3,16
32,Female,9.7,1,1.7,1.4,0.7,3,2.7,1.2,2.7,4.4,7,9,3,2.1,80,0,0,181,14,5,0
44,Male,7.2,2.6,0.9,0.9,0.6,2.9,2.8,1.1,1.8,8.3,1,10,6,0,28,0,1,189.8,12,19,3.8
19,Female,4.4,1.5,3.6,0.7,0.8,2.4,1.3,3.4,0.4,5.4,10,2,3,2.8,45,0,0,123.8,0,1,3.5
64,Male,6.7,1.6,1.1,0.2,1.2,1.8,1.5,1.7,2.2,6.9,5,5,7,3.1,23,0,1,164.4,10,9,1.2
53,Other,5.4,0.6,3.8,1,0.5,1.7,3.1,0.9,0.6,8.6,6,3,5,0,60,0,1,170,19,10,12.3
45,Female,6.5,3.2,1,0.5,2.2,1.5,1.7,0.8,2.6,6.9,4,7,4,0.6,63,0,1,125.7,14,10,9.1
52,Male,4.6,5.4,2.9,0.5,0.6,3.5,2.1,3.7,1,7.1,6,3,8,4.5,23,1,0,214.1,20,2,0
51,Male,9.4,3.8,0.4,1.5,0.5,3.4,0.9,2.4,0.9,5.5,5,5,2,0.5,68,1,1,161.8,3,10,26
30,Female,7.9,2.8,1.6,1.4,1.1,3.4,1.9,2,1.7,6.9,7,5,3,4.6,71,0,0,141.4,5,7,11.4
52,Male,6.1,2.9,2,0.8,3,0.7,0.9,2.7,2.6,5.3,4,2,10,0,53,1,1,88.8,11,16,10
13,Male,9.5,0,1.4,0.2,2,1.6,1.3,2.6,3.6,4.2,1,1,4,0,41,0,0,207.6,0,0,20.5
23,Female,6.1,2.4,1.8,0.6,2.1,1.7,1.1,1.8,1.2,6.6,2,6,10,3,32,0,0,153.7,9,15,17.9
40,Female,8.2,0.9,1.8,1.5,1.8,1.3,3,2.1,0.8,6.9,6,1,6,1.5,34,0,0,153.9,17,19,7.6
37,Female,6.1,3.2,2.8,1.2,0.6,4.2,0.4,3.4,0.4,5.9,10,9,5,1.9,59,1,0,107.7,0,6,0
62,Other,6.8,2.6,0,0.8,0.9,2.5,2.3,3.6,0,5.6,2,10,5,3.3,57,0,0,194.7,6,7,14.5
35,Female,5.8,1.7,1.4,1,0.7,2.4,1.7,1.4,0.2,6.2,5,5,7,1.9,60,0,0,93.3,1,12,2.3
43,Female,6.2,3.2,3.3,0,2.6,1.4,3.7,4.2,1.4,5.6,4,1,8,1.1,73,0,1,39.6,7,4,19.9
42,Male,6.3,3.2,2.6,0,1.8,3,2.9,5.1,2.3,7.4,7,8,6,4,62,0,1,114.6,0,17,3.8
54,Female,4.7,5.3,3.3,2,0,4.6,0.5,2.1,0.3,7,4,1,3,3.4,74,0,0,167.4,18,11,6.4
47,Male,5.2,4,2.8,1.3,3,2.1,1.3,2.1,2,8.5,7,4,4,3.1,63,1,0,166.9,5,15,0
19,Other,5.6,3.3,0.9,1,1.2,1.7,2,1.3,0.3,6.1,8,7,1,3,72,0,1,157,10,2,0
28,Female,6.5,1.6,2.7,0.8,2.2,1.9,1.3,1.6,0.5,6.6,7,4,5,1.4,75,1,0,141.4,18,11,9.1
38,Female,5.9,1.4,2.1,0.1,2.6,1.6,3.1,2.9,0.1,6.7,2,5,10,1,21,0,1,157.9,9,18,8.4
60,Male,8.3,3.9,4.3,1.5,0,2,2.2,5.5,2.5,6.1,1,7,8,2.3,21,0,1,293,15,19,6.2
64,Female,7.7,2.7,2.8,0.4,2,1.3,1.8,3.4,2.8,4.1,5,4,3,1.4,62,1,1,162.5,15,17,26.4
61,Female,5.6,3.4,2.5,1.4,1.2,0.9,3.2,2.1,0.5,7,7,5,10,3,27,0,1,128.9,9,7,14.8
14,Male,8.8,4.5,2.7,1.1,0,2,0.6,1.9,0.4,9.3,1,7,4,2.2,57,0,1,144.8,17,12,10.1
13,Male,9.7,0.7,2.5,1,0.4,2.1,1.7,1.6,1.8,7.7,8,1,4,3,37,0,0,139.6,17,7,0
60,Female,1.9,5.1,2.4,0.3,1,1.7,2.3,3.9,2.9,8.8,3,3,6,2.8,73,1,0,153.5,2,9,16.6
24,Male,7.9,4.5,1.7,0.4,2.3,3.7,1.8,2.2,2.8,7.6,7,1,9,6.5,48,1,0,104.4,11,13,34
17,Other,4.6,0,2.5,1.2,1.3,2.5,0,3.1,0.8,6.3,3,3,10,0.2,30,0,1,189.9,9,14,8.5
49,Male,7.6,6.5,2.9,1,1.6,2.9,2.4,2.2,1,7.2,4,2,3,2.6,75,0,0,164.8,15,20,3.5
44,Male,8.5,3.5,3.1,1,1.1,2.9,2.6,5.3,0,7.8,8,5,4,0.8,25,1,1,110.5,8,14,11.3
21,Female,4.2,2.3,2.9,1.1,2.6,2.1,0.8,1.8,0.8,4.6,2,10,6,2,28,0,0,201,17,5,0
53,Male,2.3,3.8,3.5,0,2,2.3,0,1.6,1.3,7,6,5,6,1.4,41,0,0,54.9,12,13,13.7
47,Female,7.7,1.5,3.1,1.5,1.7,1,1.2,1.9,0,6.4,10,10,7,4.3,65,1,0,257.6,13,5,22
31,Male,6.3,3.8,2.6,0.8,0.4,2.8,1.8,3.1,0.7,8.3,9,9,1,0.1,70,1,1,244.3,18,0,4.6
60,Male,2.7,1.8,0.9,1.6,1.6,1.6,1.9,4.4,1.4,6.9,10,8,9,4.6,44,0,1,236.3,13,9,4.9
28,Female,11.1,6,0.9,0,4.3,1.2,0,3.1,0,3.5,9,3,2,4.1,77,1,1,125.2,1,18,9.4
15,Female,7.2,3.1,1.8,1.3,2.3,3.6,2.2,3.4,1.7,7,5,1,4,7.1,50,0,1,162,10,10,6
32,Female,7.3,4,2,1.3,0.8,0.4,3.2,3.2,2.2,4,3,5,3,6.6,40,1,1,118.9,7,2,0
36,Female,8.7,1.8,3.4,0.3,3.4,4.1,3.1,0.3,1.8,8,6,3,3,1.4,57,0,1,171.5,2,5,6.9
45,Female,4.8,4.2,0,0.7,0.7,4,3.5,2.5,0.7,5.6,9,5,5,5.5,71,0,0,150.9,14,8,5.3
36,Male,6.3,3,1,0.5,2.2,1.7,0.5,2.1,2.4,5.1,6,9,7,2.4,38,0,0,127,12,8,20.9
64,Male,3.4,0.9,1.8,1.4,1.5,4.1,3.1,2.3,2.6,5.6,4,1,7,3.6,29,0,0,126.5,7,3,19.2
23,Other,4.8,2.6,1,1.2,1.7,0.9,0.9,1.4,1.5,5.4,5,1,7,6.4,65,0,1,154.1,12,2,21.2
61,Female,6.8,5.9,1.2,1.8,1.7,3.2,2.9,3.6,1.3,6.3,7,9,3,1.5,56,1,0,296.8,15,19,16.4
20,Female,2.7,4.3,1.5,1.1,1.3,2,1.1,2.6,0.6,5.5,10,3,9,3.1,31,0,0,215.3,0,18,11.6
48,Male,4.7,2.4,1.1,1.4,1.1,0,2.4,2.6,0.8,6.1,3,10,6,0,38,1,1,154.3,1,10,3
50,Male,4.1,0.2,1.2,1.6,0.2,1.2,3.8,2.3,2.3,4.6,9,5,10,4.8,80,0,0,140.9,12,18,20.6
52,Female,6.3,1.8,3.4,1.3,0.4,1.8,3.1,1.7,3,6.2,1,9,8,7.2,21,1,1,181.1,13,16,12.8
32,Female,7.1,0.9,2.6,0.8,1.8,2.9,0.9,0.2,0.8,8.2,8,5,1,4.1,34,0,1,119.4,1,7,0
47,Female,7.5,0.2,2.8,0.7,0.8,1.4,0.6,2.9,1,6,5,3,4,5.7,57,0,1,138.6,15,5,2.7
60,Female,8,4.2,2,1,0.6,1.7,2.9,2.6,0.6,7.2,10,9,7,5.3,27,0,1,52.4,13,4,0
37,Female,8.7,3.1,3,1.4,4.3,2.6,3.6,3.2,0.8,5,9,7,9,1.6,65,0,1,154.5,6,7,0
47,Male,7.2,5.7,2.8,0.6,4,2.6,2.5,2.6,0,7.2,2,7,3,3.6,54,0,1,155.8,13,7,13.1
37,Male,9.8,1.5,2.6,1.3,2.1,1.9,1.4,1.1,1.6,7.9,1,8,6,4,57,0,0,122.8,17,2,0.1
41,Male,6.2,3,1.3,1.2,2.2,1.6,2.1,1.5,0,8.2,10,5,8,0.7,62,1,1,172.6,16,18,4
30,Male,5.7,0.9,1.6,0.4,0.7,3.1,2.5,4.2,0.7,6.7,7,2,3,5.9,49,1,1,156.2,4,15,10.3
58,Female,7.2,2.1,3.1,1.3,0.3,1.6,1.9,2.9,1.1,7.3,10,9,6,2,28,1,0,123.4,10,9,8.5
30,Female,5.6,2.7,1.5,1.1,1.2,0.6,0.9,3.5,0,5,9,3,9,2.6,49,0,0,191.2,17,2,4.3
14,Female,9.7,2.4,0.7,0.7,1.5,1.5,3.3,3.7,0.4,6,5,2,9,2.5,68,1,0,141,15,8,22.2
47,Male,8.3,3.1,1.5,1.1,2.2,2.7,4.3,1.2,0.1,5.5,4,10,6,3.1,38,0,1,97.6,9,7,0
28,Male,7.5,4.5,3.6,0.7,0,1.8,3.7,2.1,2.3,6.9,4,10,5,8.9,48,0,0,61.9,5,7,0
53,Male,6.3,4.3,1.5,1.1,3.6,1.4,0,3.4,2.6,5.9,8,5,1,1.8,21,0,1,221.8,13,7,13.7
48,Male,5.2,1.8,2.3,0.9,1.7,0.5,3.4,1.4,0.4,7.3,1,8,3,0,47,0,0,156.3,1,19,5
45,Female,7.4,3,1.4,0.2,0,1.8,2.7,2,4,9.5,1,3,3,3.3,27,0,0,154.2,8,6,4.7
16,Male,3.7,4.2,2.8,0.9,1.7,2.3,1.2,1.8,0.3,7.2,8,6,4,1.3,44,0,0,147.8,12,13,1.4
45,Female,9.1,4.6,2.5,0.8,0.6,0.8,0,1.5,0.8,8.2,2,9,5,2.2,29,0,1,210.9,20,16,12.7
26,Male,5.6,2,0.5,1.3,0.5,1.8,1.9,2.3,1.7,5.1,10,2,8,4.2,41,1,0,157.1,19,11,11.8
33,Male,6.6,4.1,2.3,1.4,0.4,0.7,2.4,1.9,1.8,6.4,6,8,9,0.8,54,1,0,227.4,11,4,11
60,Male,4.2,3.5,0.3,0.7,1.2,1.8,0.7,2,0.9,6.8,2,10,7,2.3,61,0,1,157.3,1,1,5.3
32,Female,7.4,1.4,1.4,0.6,3.6,4.1,3.5,2.8,2.3,6.6,5,7,10,3.6,43,0,1,16.3,2,14,4
20,Female,5.1,4.2,2,0.2,1.6,2.2,3.4,3.8,2.4,8.7,3,3,6,1.4,45,1,1,213.3,12,10,8.7
19,Male,7.3,3.2,3.8,0.6,2.2,0.1,2.6,3.5,1.2,5.6,7,1,3,2.9,50,0,1,165.8,20,14,17.7
15,Male,7.5,0.4,2.3,0.8,2.4,2.4,0.4,2.7,1,6.9,9,6,9,3.6,42,1,1,124.7,0,12,22.5
29,Female,4.7,2.6,1.2,0.3,1.4,3.6,1.7,4.6,0.6,3.6,2,2,10,2.8,21,1,1,137.2,19,18,18.9
45,Male,3.8,3.1,1.7,1.4,0.3,0.3,2.9,3.4,0.2,7,7,3,1,3.3,78,0,1,134.6,3,11,14
60,Male,9.1,2.1,2.9,1.1,0,0.7,2.8,3.5,0.4,7.1,8,5,9,3.7,58,0,0,87.9,17,14,17.9
24,Female,5.6,4.8,1.2,0.9,1.1,2.3,1.2,2.3,1.7,6.4,10,8,3,1.7,52,1,0,193.9,12,11,0.5
63,Female,6.4,4.9,3.1,1,2.6,1.9,1.3,2,1.2,7,8,2,9,0.1,43,1,0,127.7,5,17,4.3
34,Male,7,2.4,1.5,1.2,2.4,3.5,1.1,3,1,5.8,7,6,10,0.9,31,0,1,106.6,5,3,14.2
34,Other,3.5,2.3,1.1,1.3,1.8,1.8,1.7,3.7,0.6,5,4,1,1,0.6,56,0,1,364.9,14,10,9.1
58,Female,6.9,2.8,1.5,1.4,1.9,3,1.4,2.7,0.7,5.3,4,7,8,5.5,28,1,0,92.3,17,14,12.7
42,Male,6.2,2.7,0.4,0.8,1.4,3.8,1.2,1.7,1.2,5.5,10,4,6,0,63,0,1,145.6,16,4,17.8
50,Female,4.7,2.1,0,0.9,1,1,1.8,0.8,1.1,4.9,9,1,9,4.3,62,1,1,35,13,4,16.6
50,Female,3.7,0,1.9,1.1,0.8,2.9,2,0.4,1.2,4.9,10,9,4,1.6,63,1,1,212.7,3,19,1.3
57,Male,7.2,5.6,1.9,0.9,0,1.5,3.3,2.6,0.8,5.5,9,9,5,5.1,22,1,1,135.9,0,9,10.1
63,Male,8.3,3,2.3,1.4,3.3,0,0,3.6,0.5,6.1,5,3,6,2.2,63,0,1,190.8,7,9,2.6
20,Male,6.4,2.7,1.9,1.6,1.7,2.6,3.5,0,1.2,6.7,7,6,9,3.1,42,1,0,102.8,10,5,3.8
39,Female,3.1,3.5,4.3,1.2,1.1,2.7,1.1,1.7,1.8,5,7,7,6,4,43,0,0,69.2,12,5,0
39,Male,3.9,2.9,2.2,0.5,3.3,0.1,4.2,1.5,0.7,5.4,9,4,9,5.5,52,0,1,112.7,16,5,11.1
46,Female,5.1,2.4,0.6,1.3,3.5,1.5,2.8,3,0,5.8,7,6,2,1.9,49,0,1,217.3,20,6,0
33,Female,9.1,1.5,0.9,1.2,4.2,1.3,2.7,1.6,0,7,8,9,4,1.8,57,0,1,178.9,13,17,13.2
42,Male,5.5,0.2,2,0.5,1.3,3,1.9,0.9,2.3,5.1,7,10,3,4,62,1,0,69.2,16,3,20.9
45,Female,5.1,1,1.6,1.2,1.6,0.1,4.5,1.7,2.2,5.9,4,6,4,0,21,1,0,29,19,13,14.2
40,Male,2.7,1.3,0.8,0.7,2.2,2.1,2,1.5,1.8,7.7,2,7,1,0,59,0,0,133.9,0,10,10.4
59,Female,4.7,4,1.9,1.4,3.2,0,3.8,2.5,1.7,5.5,3,6,2,3.7,41,0,1,204.6,7,6,22.3
45,Female,3.5,4.1,2,1.3,1.6,2.5,1.3,2.2,2.2,5,7,7,4,4.3,30,0,1,112.1,18,17,12.6
17,Male,4,1.7,3.6,1.1,0.5,2.2,2.9,3.1,0.9,6.4,9,1,10,3.7,78,0,1,203.8,10,19,3.1
60,Female,6.2,0,1.1,1,0.7,1.4,4.3,2.5,1.3,5.5,2,6,4,2.8,31,1,1,156.3,9,1,11
31,Male,5.2,3,1.6,0,2.7,3.7,1,3.8,0.4,3.2,7,9,5,1.9,38,0,0,237.6,0,1,25.7
16,Male,9.4,2.4,3.6,0.4,2.1,0,2.6,1.9,1,6.7,4,3,9,6.2,39,1,0,116.1,4,6,1.3
47,Male,8.2,2.3,2.3,0.9,1.3,2,1.2,3.3,3.1,7.5,7,6,1,6.4,74,1,1,147,15,10,0
61,Male,4.8,4.4,1.1,1.8,1.3,3.4,2.5,2.9,0.4,6.5,5,4,8,3.2,28,0,0,117.2,19,17,14.9
29,Other,4.2,3.2,1.3,1.3,1.3,2.2,4.3,2.1,0,7.8,7,7,3,1.6,62,0,1,199.3,19,19,8.2
56,Male,8.8,1.5,0.8,1.9,2.7,3.6,0.9,3.4,1,7.3,6,7,9,1,77,0,1,179.5,4,6,5.7
40,Male,9.3,1.2,2.1,1,0.7,1.5,2.2,1.5,0.8,5.5,2,9,8,3.9,37,0,0,65.1,15,19,0
42,Female,1.6,2.6,3,1,0.3,1.8,1,4.1,1.5,9,7,4,8,0.5,60,0,0,184.6,2,4,0
41,Male,6.2,1.6,3.6,1.7,3.3,3.5,1.8,1.5,2,6.9,5,8,9,0.6,66,0,0,75.5,1,1,0
58,Other,5.5,2.9,0.5,0.9,1.5,3.1,2.7,0.8,0.8,7,9,8,4,2,73,1,0,104.4,16,13,22.9
18,Female,7.3,4.5,2.9,0.5,1.4,4.9,1.6,0.7,3.3,5.3,1,8,5,4,37,0,1,187.3,0,6,9.9
47,Female,9.9,0.9,2.2,1.2,2.2,2.1,3.9,2.6,2.4,4.6,1,8,7,5.9,59,1,1,87.3,15,9,0
53,Male,5,3.1,1.7,1.6,0.5,2.2,2.6,1.8,0.4,5.2,2,6,2,3.5,55,0,1,131.4,1,17,19.5
49,Male,1.9,4.4,1.6,0.6,2.3,1.4,0.4,2.7,1.1,7.6,8,8,7,4,46,0,1,188,19,7,19.9
36,Male,7.2,2.9,0.1,1.3,1.1,1.8,2.4,1.1,1.7,8.6,9,6,3,5,32,0,0,170.8,6,15,19.8
41,Female,8.8,4.1,2.6,1,2.6,3.3,3.8,3.1,0.4,6.8,7,10,6,4.8,66,0,1,167.8,10,13,6.6
61,Male,5.4,2.6,0.7,1.2,0,2,2.7,2.7,0,6.6,1,2,6,1.9,27,0,1,189.6,5,8,7.8
58,Male,4.6,3.3,1.3,1.2,2,1,2.3,1.9,3.1,7.7,7,3,6,4.7,67,1,0,215.4,1,5,11.1
43,Other,5.1,3.7,2.4,0.8,1.3,1.5,1.6,3.3,0.1,8.2,8,6,10,5.1,62,0,1,88,13,6,21.2
47,Female,7.7,2.1,0.2,0.9,0.8,1.9,1.9,3.2,2.1,4.8,7,7,2,3.6,42,1,1,166.7,3,8,5.6
45,Male,5.1,6,0.7,0.8,2.3,1.1,2,2.6,1.9,8.5,5,4,9,3.3,74,1,1,198.2,18,6,4
64,Male,6.7,3.9,3.2,1.1,1.4,1.5,0,3.7,0.4,6,7,1,8,4.2,78,1,1,188.4,1,8,15.6
33,Other,6.1,5,2.1,0.6,2,0.8,2.6,3.9,3.2,7.8,10,4,7,4,32,1,1,142,1,20,19.7
44,Male,5.8,4.6,1.3,0.7,2.8,1.5,3.2,1.5,1.3,5.2,2,6,9,0,26,0,0,139.1,12,6,9.6
35,Female,7.4,3.5,2.1,0.8,2.3,3.4,1.1,4,1.3,7.7,9,8,4,3.9,69,1,1,191.2,12,11,15.4
45,Female,5,5.1,2.7,1.2,0.4,2.1,2.3,1.3,0,4.8,2,4,2,5.4,59,1,1,160.7,2,16,10.9
15,Male,5.1,3.3,3.1,0.3,1,5,2.4,3.5,0,7.8,2,10,4,5,21,1,1,204.7,20,19,8
30,Female,7.6,1.9,0.9,0.9,2,1.1,3,3.7,1,7.3,5,1,10,3.8,22,0,0,155.5,5,20,3.4
37,Male,4,3,1,0.6,2.3,2.6,2,2.3,2.5,4.6,8,5,3,3.3,61,0,0,131.3,20,11,0.8
54,Male,4.2,1.5,2.6,0.8,1.1,2.3,2.6,2.4,0,8,6,7,2,2.2,58,1,1,61.8,16,4,5.1
43,Female,3.5,0,2.6,0.7,1.7,2.8,0.6,2.1,1.3,5.3,9,6,2,2.8,42,1,1,138.5,0,17,2.2
15,Female,7.7,1.7,0.7,1.1,1.7,1.3,0.8,1.4,1.3,7.9,6,3,8,4.5,79,1,0,88.5,6,4,12.3
52,Female,5.8,3.1,1,0.9,1.8,1.6,2.5,1.7,2.4,6.7,5,7,5,3.8,26,1,1,58.5,6,4,19.7
58,Female,3.4,4.6,1.8,1.4,0.3,2.5,1.7,3.1,2.2,5,1,4,6,4.8,23,0,0,106.7,12,6,11.6
36,Male,7.7,1.7,2,1.2,0.1,1.4,0.1,3.6,1.3,5.3,8,5,8,2,72,0,1,185.2,8,2,2.6
62,Male,4.9,4.5,2.1,0.2,0,0,2.4,2.5,1.1,10,3,7,7,5.2,74,1,0,137.9,17,0,16.8
44,Male,4.3,1.2,0.6,0.5,1.6,3.6,0.5,1.2,0.5,9.3,2,2,7,1.8,27,0,1,158.9,0,5,12.4
59,Male,5.6,1.6,2,0.9,0.1,3.1,5.2,1,0.1,6.2,7,4,7,3.4,51,1,1,183.7,10,6,14
34,Male,9,5.2,1.3,1,3.6,1.5,0,2.4,0.6,7,2,4,7,1.9,38,1,0,148.2,10,7,5.8
35,Male,5.2,3.1,0.8,0.6,2.2,2.3,2.1,1.8,0.1,7.9,1,6,8,2.8,73,0,0,115.6,9,13,19.1
14,Male,7.2,2.7,2,1.7,0.3,3.2,0.7,4,1.1,4.9,2,7,1,7.1,31,0,0,127.7,16,14,19
39,Male,7.5,3.4,1.9,1.4,2.6,3.6,3.1,1.6,1.2,7.3,6,4,3,4,76,1,1,188.6,16,6,8.5
54,Female,6.9,1.2,2.8,0.2,2.6,2.1,1.5,3.3,0.9,7.7,2,10,1,3.5,29,0,1,148.7,11,6,15.7
14,Female,8.5,2.5,1.1,1.2,2.7,1.3,3.2,1.7,1.3,6.9,1,1,8,5.8,33,0,1,22.8,9,0,18.8
38,Male,4.6,3,2.2,1,0.7,3.8,2.9,2.1,0.7,8.2,1,1,2,0,46,1,1,132.3,11,8,6.3
29,Other,3.9,4.8,0.4,1.6,2.2,2.1,0.7,2.7,2,6.7,4,5,7,2.7,63,1,1,176.6,5,6,9.4
52,Female,3.9,0.5,1.7,0.2,2.7,1.8,1.1,3.2,1.4,7.8,8,1,6,2,40,1,1,159.1,20,19,10.6
45,Male,5.7,5.6,2.5,2,3.1,2.3,1.6,3,0.7,6.8,6,3,1,1.3,39,0,1,99,5,6,1.2
21,Female,4.1,2.8,2.5,0.6,0,3.4,1.9,1.8,0,4.7,4,9,6,0,76,0,0,112.7,5,17,13.5
55,Female,6.3,1.3,2.6,1.2,1.3,2,1.8,2.6,1.1,7.6,6,3,9,2.6,23,1,1,52.6,19,13,18.2
60,Female,6.2,1.1,2.8,0.7,0.7,3.2,2.9,2,2.3,8.1,6,3,3,4.4,38,0,0,177.5,7,14,8.8
51,Male,8,3.4,1.6,0.8,3.4,1.7,2.3,0.6,1.8,6.3,9,9,7,2.7,48,0,1,181.1,4,17,12.7
41,Female,6.6,1,2.5,0.2,2,2.7,1.3,2.8,2,4.9,4,5,4,4.6,26,0,0,143.3,5,9,21.2
54,Male,5.2,2.2,3.9,1.6,2.4,0.9,0.9,4.1,1.9,7.5,6,8,1,3.1,72,0,0,132.5,1,2,6.8
38,Female,6.8,2.6,1.5,0.9,2,3.3,1,4.5,2.4,6.9,10,10,7,5.3,52,0,0,95.9,16,10,12.9
47,Female,3.9,4.7,3.4,0.9,1.9,1.2,2.4,2.9,2.1,6.9,1,9,1,2,27,0,1,166.6,7,0,5.4
62,Female,5.9,4.5,2.9,2.2,0.6,2.6,1.8,2.8,1.3,6.7,7,6,4,0,30,0,0,67.9,8,1,5.2
37,Female,6.6,2,1.7,1.5,1.1,0.2,4.5,0,0.8,7.7,7,7,9,0,52,1,1,188.8,20,15,12.7
36,Female,6.3,2.7,1.8,0.7,1.6,2,2,6,2.1,6.8,1,7,5,2,44,0,0,179,7,2,11.9
25,Male,6.8,0.6,2.1,0.7,0.9,2.2,2.2,4.4,0,5.9,8,7,7,1.2,52,0,0,208.4,10,16,14.4
19,Male,4.7,0,2.8,1.1,0.7,1.2,0,3.5,2.5,4.6,5,4,7,1.8,55,0,0,152.5,9,2,10.6
48,Female,8.3,1.2,2.4,1.4,1.3,1.9,0.4,2.6,1.9,5.9,9,2,3,5.3,45,0,0,124,16,10,13.7
57,Male,9.6,4.7,1.5,1.9,0.9,2.3,0.7,0,2.8,7.6,8,2,8,0,55,1,0,171.6,19,3,23.3
32,Male,2.8,4.2,0,0.2,1.5,2.7,1.4,2.7,0.1,6.1,3,7,1,6,30,1,0,189,12,6,18.5
13,Male,3.6,3.6,2.7,1.4,1.1,2.1,0.2,2.5,2.4,7.6,1,10,4,1.4,49,1,0,92.1,8,15,12.7
20,Male,6.1,0.8,0.1,1.4,0.8,3.6,0.6,0.7,1.9,4.8,3,7,10,0.5,76,1,0,146.5,14,16,14
58,Other,5.5,1.9,0.6,0.6,0.6,3.4,2.8,3.1,0.6,5.3,2,10,4,2.7,52,1,0,163.3,12,10,7.6
28,Female,9.8,1.7,1.6,0.8,1.5,2,1,4.1,1.1,5.2,2,7,2,6,29,0,1,174.1,12,3,8.7
26,Other,6.4,2.8,0.8,0.2,2.4,0.4,2,2.9,1,6.7,4,8,6,1.6,48,0,0,132.4,12,2,13.9
24,Female,8.8,2.7,2.3,0.7,2.2,1.4,2.7,2.9,0.8,8.7,2,3,1,1.8,44,0,0,181.6,20,15,10.7
63,Female,1.9,1.5,1.7,1.1,0,0,3.1,3,0,9.2,8,5,3,1.9,51,0,0,102,3,1,16.3
35,Male,7.6,3.5,2.8,1.8,2.4,1.8,2.4,2.1,2.4,7.8,5,6,9,5.3,23,1,1,250.9,9,4,20.1
27,Female,4.6,3.3,0.4,1.8,2.1,3.7,2.4,3.5,0.3,4.2,1,8,10,2.1,74,0,0,118.8,14,17,9.2
40,Male,4.5,1.9,1.3,0.5,2.4,2.9,3.2,4.5,0.2,5.6,6,8,6,3.9,76,1,1,170.4,20,2,0
46,Female,5.5,3.5,2,1.7,2.6,2.1,2.5,2.6,2.4,3,7,10,2,3.2,78,0,1,122.4,9,1,26.3
14,Female,3.2,4.7,2,0,0.8,1.1,3.2,1.5,0,6.7,1,3,9,2.8,58,0,0,154.9,20,1,4.8
44,Male,6.9,5.1,2.7,0.7,1.2,2.1,0,0.7,0.9,8.4,3,4,2,2,53,0,0,96,7,20,11.6
35,Other,6.4,3.7,1.1,0.8,3.3,4.6,1.9,3.2,0.2,7.5,9,6,7,6.9,41,1,0,203.8,9,1,15.8
34,Female,6.5,3.7,1.5,1.1,3.2,3.8,2.1,3.3,2.8,4.4,7,4,1,8.6,32,1,0,109.1,20,15,21.3
63,Female,7.8,2.6,2.5,1.1,1.4,1.8,1.9,3,2.3,8.2,4,10,5,1.2,73,1,0,154.1,16,0,24.4
37,Male,9,4.5,0,1.2,2.1,0.2,2.1,2.2,0.4,7.9,6,4,7,0.9,70,1,0,146.8,4,18,7.1
34,Female,5.3,1.4,2.4,0.9,2.2,4.6,1.5,2.9,0.2,8.4,6,5,3,3.1,55,0,1,114.9,12,18,19.5
34,Female,7,4.4,2.8,1.5,3.3,1.1,2.9,1.8,2,7.8,3,10,4,0,25,0,0,22.7,20,8,11.6
61,Male,6.6,2.6,0.7,1.3,1.8,2.6,1.4,1.6,1.6,5.9,2,7,5,3.1,78,1,0,203,20,19,31.9
64,Male,6.8,5.2,1.7,0.9,0.3,0.1,1.7,1.2,0.8,4.3,5,2,3,7,73,1,1,157.2,18,8,18.8
54,Female,6.8,3.9,3.5,1.4,1,1.6,3.7,1.2,0.8,7.9,8,2,6,1.8,36,0,0,63,11,10,8.6
18,Male,9.2,2.9,2.7,2,4.6,0.1,3.6,3.2,1,7.4,3,10,3,5.2,45,0,0,54.3,11,0,3.7
27,Female,5.1,2.6,2.4,0.7,0.2,0.6,2.2,2.1,2.1,4.1,5,9,8,5.9,43,0,1,133.9,20,18,0
55,Other,2.9,3.8,3,1.8,1.6,0.9,1.2,1.6,2.8,5.3,3,4,7,1.3,28,0,0,145.9,1,16,15.4
49,Female,4.6,3.7,3.8,0.7,3.8,2.6,0,0.7,3,5.4,7,5,1,3.4,21,1,1,139.3,20,5,18.1
45,Male,7.5,2.4,2,1.7,0.7,1.9,1.8,3.4,0.5,7.4,6,3,2,3.7,39,1,0,222.2,8,0,16
20,Female,6,3.1,1.6,0.7,0,5.3,2.6,3.9,1.3,6.5,6,2,4,4.5,46,0,1,66.5,1,17,0
56,Male,5.1,4.3,3,1.4,0,3.4,1.1,1.2,2.5,6.2,1,10,5,4.6,25,0,1,160.6,0,8,0
56,Male,3.8,1,1.8,1.1,0.7,3.4,2,2.3,0.3,6,2,8,10,5.2,69,1,0,182.3,13,0,13.8
17,Female,6.4,4.1,1.1,0.1,0,2.6,1.6,1.3,0.5,5.1,6,4,4,1.4,46,1,0,181.2,12,3,24.3
51,Male,7.3,3.8,1.5,2,2.5,2.3,0,2.3,2,7.7,8,1,4,3.3,74,0,0,194.7,2,17,9.6
16,Male,6.6,4.8,2.3,0.6,1.8,3.4,2.1,3.3,0.7,5.6,5,6,9,6,73,1,1,155.8,19,16,18.7
18,Female,5.5,1.9,1.6,0.4,0,0,2.5,4.6,0,7.9,2,6,4,6.2,43,1,1,162.3,4,19,1.7
57,Male,6.3,3,1.6,0.7,0,1.3,2.2,1.9,0.4,4.8,5,2,4,3.5,34,0,0,133.5,1,18,11.7
44,Male,6.3,3.3,1,2.3,2.7,0.4,3.9,3.4,2.2,5.9,9,2,4,1.9,74,1,1,74.5,20,13,7.8
64,Female,6.4,4.1,3.4,0.4,1.7,0,1.6,3.4,1.4,8.9,6,8,2,5.1,67,0,1,166.4,17,6,19.5
42,Female,3.6,3.6,1.7,1.1,2.9,1.1,1.5,2.3,0,6.8,5,7,8,4.1,77,0,1,129.9,8,8,5.7
59,Female,6.4,1.1,1.3,0.4,2.6,0.6,4.6,4,0.6,5.9,10,2,4,4,52,0,0,112.8,11,19,23.4
47,Male,5.1,3.4,1.4,0.5,0.3,3.4,0.5,2.1,3,5.7,6,10,5,4.6,61,0,1,168.6,4,8,7.5
52,Male,8.1,6,2.8,0.2,2.4,2.1,1.3,3.1,1.1,5.5,9,1,8,1.1,29,0,0,173.1,17,14,1.4
64,Male,6.3,3.9,2.6,1.2,2.1,0,2.4,1.8,1,7,7,8,4,4.7,40,1,1,114.7,1,10,1.7
28,Male,7.7,5.5,1.5,0.9,0,2.4,3.4,3.2,1.2,7.6,10,10,5,3.3,25,0,0,162.5,9,6,5
25,Female,5.4,4.6,2,0.4,0.1,0.8,3.1,3.1,1.4,6.8,3,2,5,5.3,49,1,0,145.9,9,5,13
62,Male,5.5,5,2.3,1.4,3.9,2.1,0.8,4,0.8,6.4,10,5,6,3,42,1,1,159.5,2,8,5.1
54,Male,9,3.5,1.3,1.5,0.6,2.5,4,4.9,2.5,7.2,10,6,7,4.2,55,0,1,212.7,13,3,3.4
42,Female,6.9,3.8,0.5,1.2,1.9,1.1,2.6,3.7,0.7,4.8,5,10,3,3.9,65,0,0,172.1,4,16,17.1
31,Female,4.6,3.4,2.5,1.6,1.3,2.3,1,3.4,2.2,7,4,1,10,1.9,76,0,1,168.3,12,5,0
29,Female,7.8,3,1.4,0.8,1.7,2.5,1.1,2,3,7,5,2,3,1.2,68,0,0,105.7,16,16,6.6
31,Male,4.9,4.1,2.4,1.2,1.4,1.8,2.1,0,1.6,6.8,8,10,9,4.6,22,0,0,112.8,5,13,0
40,Male,6.5,2.2,2.3,0.8,2.5,1.1,4.6,4.2,0.2,5.8,6,4,1,1.3,45,0,0,174.1,12,4,3.1
38,Male,9.7,5.8,2.1,0.2,2.4,2,2.3,4.9,1.4,5.6,4,2,10,2.3,53,0,0,70.6,11,17,11.9
49,Male,3.1,1.6,1.6,1.1,1.6,1.8,4.6,2.9,0.6,4.9,5,6,8,2.3,49,0,1,132.2,2,7,8.4
38,Female,5.6,4.2,1.4,1.1,0.6,2.4,3.1,1.2,2.1,8.3,7,4,10,3.7,37,0,0,111.8,15,9,7.6
35,Female,6.8,5.1,0.9,1,0.9,1.7,0.5,4.3,1.4,6.4,8,3,3,4.4,36,1,0,142.9,4,10,19.5
21,Female,7.5,2.7,1.4,1.2,0,0.6,3.7,3.9,1.1,6,5,6,5,0,64,0,1,139.2,1,2,9.9
24,Female,3.5,1.3,2.6,1.7,1.2,1.8,0.9,0,0.2,5.9,2,9,3,1.5,70,0,0,156.5,10,1,24.4
13,Male,2.9,4.7,3.4,0.9,0,2.4,1.3,2.7,0,5.4,6,8,10,1.5,61,0,1,173.3,3,13,15.7
13,Female,8.2,3.3,3.3,0.5,1.7,2.2,2.3,2.8,0.4,5.9,9,2,1,2.5,40,0,1,198.3,0,3,2.3
59,Male,4.6,4.2,2.1,0.9,1.8,1.9,2,0.4,1.9,8,3,3,10,0,73,1,0,202.1,12,16,25.5
46,Female,4.5,2.8,3.4,0.9,2.5,1.4,3.1,1.1,2.4,7.2,7,2,5,5.3,43,0,0,138.1,17,16,12.2
44,Female,9.1,5.6,1.7,1.5,0.3,1.4,2.6,3.9,0.9,7.5,8,10,8,3.1,23,0,1,120.5,15,20,25
60,Male,6.1,0,0.7,1.1,0.3,1.5,1.9,2.6,0.3,7.7,6,7,5,2.7,68,0,1,110.6,1,8,7.9
37,Male,6.2,3.6,3.9,0.4,3,3.3,4,1.3,1.4,9.1,3,9,4,4.5,79,0,1,133.9,8,20,12.2
52,Other,5.6,5,2.5,1.4,0.1,0.9,1.4,1.6,1.9,6.5,1,1,9,4,67,0,1,100.6,11,8,13.5
57,Male,3.6,3.2,0.5,1.3,3.6,2.1,0.8,0.9,2,6,3,3,1,4,44,0,1,173.5,4,2,8.7
13,Male,7.4,3.5,3.6,1.1,0.6,0.5,2.6,2.6,1.4,7,6,6,5,3,70,0,0,201.2,4,3,20.2
28,Male,6.8,2.3,1.3,1.5,0.6,2.9,2,3.5,3.3,7.3,4,4,1,3.2,43,0,1,73.8,12,1,25.5
51,Female,6.3,3,1.5,1.6,2.3,1.4,2.3,4,2.5,6.5,1,10,6,4.7,65,1,0,150.5,15,13,0
17,Female,5.8,0.5,3,0.8,2,1,2.9,1.6,0,5.4,6,10,10,4.1,71,0,0,227.8,18,19,16.5
34,Female,5.4,1.9,3.4,0.5,3.1,2.3,1.8,2,0,6.7,1,1,9,6.5,46,0,0,75.9,8,7,2.8
41,Male,7.8,1.8,1,1,0,0,4.2,3.2,0.1,7.2,8,9,2,3.3,50,1,0,223.9,15,17,0
15,Female,5.7,4,3.5,1.3,2,0.4,2.3,3.7,2.4,6.9,3,7,4,4.3,66,1,1,107,18,3,14.1
24,Male,5.9,2.1,2.9,0.9,1.5,2.4,1.5,3,0,4.3,3,7,8,2.8,70,1,0,119.6,3,7,14.2
38,Female,7.1,2.2,1.2,0.5,0.4,3.2,2.7,4.1,1.7,4.6,1,1,3,3.6,54,1,0,180.9,14,6,15.4
28,Female,6.4,2.4,1.8,1.1,3.4,2.5,1.9,4.9,1,7.4,3,9,7,3.8,71,0,0,175.4,8,14,13
63,Male,9.3,1.9,3.5,0,1.7,2.2,2.1,0.4,0,6.1,7,8,7,2.1,39,0,0,144.7,15,14,17
49,Male,2.5,3.4,0.4,0.8,1.4,4.9,0.7,4.5,1.4,9.2,10,10,2,1.7,35,1,1,111.8,5,1,5.2
34,Male,6.6,3.6,3.4,1.4,2,2.6,0.8,4.2,1,8.1,8,5,10,4.3,79,1,1,87.8,7,3,12.1
41,Male,4.6,4.2,2.8,1.5,0,0.7,3.3,1,2,5,8,4,4,3.9,50,0,1,146.2,0,8,15.6
26,Male,4.1,4,2.5,0,0.3,3.2,0.5,3.1,0,7.7,3,1,1,5.9,26,0,1,139.4,13,6,20.8
40,Female,5.1,3.8,2.1,0.9,1.2,1.2,1.9,3.3,0.3,8.4,5,9,8,3,37,1,1,110.4,3,17,10.4
17,Female,6.1,2.5,4,1.3,1.8,1.2,2.4,1.1,0.3,6,1,8,10,1,27,0,0,137.2,9,11,8.3
59,Male,6.2,2.4,4.1,0.4,2.8,0.3,3.7,2.4,1.9,6.4,9,2,10,3,46,1,1,162.5,15,13,9.6
61,Male,3,1.7,1.4,0.8,0.6,1.5,1.4,2.7,1,5.8,8,4,9,4.5,33,0,0,203.5,3,6,0.5
42,Male,4.9,1.7,2.6,1.6,0.4,0.5,2.9,1.1,2.4,5.2,10,4,1,0,37,1,1,159.8,1,5,16.2
58,Female,6.6,3.3,3.9,0.8,2,2.7,1.9,2.1,0.8,8.4,2,7,7,3,20,0,1,141.2,1,18,0
64,Male,4.2,1.9,1.2,1.8,1.4,1.8,0,4.3,1.4,3.4,10,3,1,4.3,75,0,1,108.8,12,20,13.1
17,Female,3.8,5.2,2.2,0.6,0,0.4,2.1,4.7,2.7,5.7,1,8,1,3.5,50,0,0,112.8,10,18,10.7
24,Female,1.5,2.9,3,1.7,0.6,1.9,1.9,1.1,0,6,4,7,9,2.3,39,0,0,160.8,9,14,0
28,Female,4.7,5.3,0,1,1.3,3.2,2.5,0,1.2,6.7,9,10,10,0.6,25,0,1,163.5,5,18,0
38,Female,3.7,3.9,2.8,0.6,1.3,3.9,1.2,4.1,1.2,5,8,4,10,3,64,1,1,138.9,6,11,3.2
38,Male,4,1.8,0.9,1.7,1.6,0,1.4,4.9,0.4,8.1,3,9,6,0.6,20,0,1,195.3,14,1,7.2
60,Other,5.5,2.9,2.2,0.4,0.2,1.1,3.4,3.6,1,4.3,10,6,1,4.3,38,0,0,152.9,19,10,21.8
33,Male,4.8,0.5,3.1,0.6,1.4,0.5,1.6,2.1,1.5,4.3,6,3,7,3.1,58,0,1,125.7,18,12,9.1
51,Male,3.7,3.3,0,1.2,2.4,2.4,0,1.1,0.5,6.6,9,7,3,6,74,1,1,117.2,2,3,14.4
48,Female,1.8,2,2.8,1,0,0.3,2.6,3.3,1.3,5,10,6,10,0,46,0,0,113.9,20,0,20.1
45,Other,6.6,1.3,4,1.1,1.2,3.3,3,3.9,0.2,6.7,8,8,4,2.3,75,1,1,174,13,20,18.6
42,Female,7.5,5.3,1.5,0.8,0,3.4,3,1.6,1,5.6,10,5,4,4.5,35,1,0,118.9,1,1,9.9
49,Male,5.2,4.5,2.6,0.4,1.5,3,1.3,2.9,2.1,7.5,5,6,8,5.3,33,1,1,155.4,15,13,4.4
35,Male,5.5,4.5,3.3,0.7,0,1.1,2,1.9,2.2,5.4,9,1,1,4.5,53,0,0,107.6,16,17,14
22,Other,6,4.2,0.4,1.7,1.6,1.2,2.6,3.5,2.4,8.2,9,8,8,1.1,26,1,1,141.6,14,10,4.5
17,Male,9.2,1.1,2.8,0.3,3.1,1.5,3.2,0,1.1,7.3,3,1,9,2,39,0,0,147.3,12,10,24.5
48,Female,2.9,2.4,3,1.8,0.5,3.3,2.6,3,0.9,5.6,8,3,7,0,50,0,0,268.2,11,18,16.9
46,Female,5.2,2.5,2.6,1.2,0.7,0,2.9,2,1.9,7.2,4,2,1,3.1,41,0,1,84.6,6,16,11.7
64,Female,2.6,0.4,2.1,0.7,1,2.5,1.1,4.9,2.4,6.7,10,6,7,5.3,39,0,0,190.4,19,16,14.1
43,Male,6.7,2.2,1,0,1.8,0.9,0,2.9,1.3,7.4,7,8,6,3,34,0,1,111.6,19,1,11.4
22,Female,5.7,2.2,3.4,0.1,0.5,1.5,3.3,3.4,2.7,7.2,10,8,5,4.2,44,0,0,217.5,2,1,7.1
31,Male,6.4,3.2,2,0.8,1.1,2.9,0.9,1.3,1.9,6.9,8,7,5,4.1,65,0,1,115.1,8,12,14
44,Female,6.3,6.8,1.1,0.8,0.8,0.2,1.8,2.2,0.6,6.6,7,7,1,2.4,20,0,0,201.8,2,5,8.1
13,Female,8,3,1.7,1.1,1,1.7,3,3,0.8,7.6,5,8,6,0,36,1,1,161.1,15,14,25.5
17,Female,7.1,3.2,2.4,1.9,1.8,1.8,2,2,1.2,7.9,1,5,4,5.7,35,1,0,83.4,19,10,4.5
57,Male,7.7,2.6,0.4,1.3,2.1,2,2.8,2.2,0,6.7,8,3,1,3.9,56,1,0,159.9,2,3,14.1
16,Other,3.9,4.1,2,0.9,0,1.9,4.9,2.8,0.6,7.2,5,2,8,0.5,40,0,1,175.8,7,18,3.7
28,Male,8.4,1.4,1.6,1.6,1.8,2.7,2.7,0.3,2.3,7.6,3,3,8,3.7,46,0,0,179.4,7,13,3.7
36,Male,4.6,5.8,3.3,1.1,4.6,1.5,1.1,1.8,2.5,8.4,2,3,4,3.4,75,0,1,138.2,14,17,0
28,Male,4.7,2.8,0.1,1.8,3,2.4,0.3,3.5,1.5,8.2,3,7,7,5.6,74,0,0,279.7,4,16,13.3
14,Female,6.5,2.4,2.9,0.7,0.9,2.4,2.8,2,1.7,7.7,9,1,3,3.9,78,1,1,247.3,12,7,5.7
61,Female,6.6,4.5,3.4,0.4,1.6,2.3,2.1,5.5,0.9,6,2,7,8,4,54,0,1,166.9,14,12,18.7
40,Female,3.9,1.7,0.2,0,1.5,2.6,0.3,2.6,0.6,4.9,10,6,7,3.4,43,1,1,84.2,6,14,13.3
44,Male,5.7,4.1,0.3,0.9,2,2.3,3.4,0.1,1.8,7.2,1,10,5,1.5,71,1,0,100,11,10,11.2
39,Male,9,5.1,3.8,0.4,1.1,1.9,2.9,3.1,0.8,7.2,2,2,5,4.3,70,1,0,136.6,2,15,0
32,Female,3.1,2.6,1.1,0.4,1.2,0.5,2,1.1,2.9,6,2,10,9,2.9,21,1,0,145.2,7,17,14.7
36,Male,9,6.1,5.1,1.5,0.8,3.6,4.6,2.9,1.6,4.9,5,1,6,1.1,76,0,1,108.7,9,11,4.7
24,Female,5.5,4,0.2,0.1,2.6,4,3.2,1.8,1.6,8.5,1,9,6,1.7,65,0,1,122.8,1,11,0
62,Other,1.3,4,2.2,1.1,1.8,1.6,0.8,1.9,0.1,7,10,2,2,0.7,79,1,1,50.6,7,5,13.4
47,Other,3.3,5,2,1,1.8,2.5,3.4,3.8,0,5.1,8,4,5,5.1,74,0,1,41.9,17,5,0
45,Other,4.1,5.4,1.8,1,2.7,1.3,2.3,0.4,1.6,6.3,2,9,4,7,72,0,0,150.7,11,3,0
45,Female,4.8,3.4,2.5,1.7,2.7,1.1,4.3,1.9,0.7,4.9,6,9,10,5.3,44,0,0,229.6,17,0,20.4
63,Male,5.8,4.2,2.5,0.6,2.5,2.1,3.1,1.7,2.2,7.3,5,1,3,3.8,38,1,0,72.4,18,16,5.5
55,Male,0.6,5.1,1.8,1.7,2.7,5.4,2.6,4.2,0.3,8.7,2,2,9,2.9,64,0,1,139.3,4,3,0
49,Female,6.4,1.3,1,0.1,3.1,3.9,2.5,2,0.7,6.3,10,2,7,2.4,32,1,0,149.1,15,16,2.3
24,Female,3.9,0.4,3,1.3,0.5,3.7,0.6,1.3,2.3,6.4,1,2,4,1,48,0,1,168.6,16,4,4.2
15,Male,8.8,2.9,2.6,1.7,1.2,2.6,1.4,2.8,1.6,6.2,6,8,9,6.9,51,1,0,124.5,8,8,19.2
13,Male,5.5,0.4,2.1,0,2.2,0.9,2.3,1.3,0.2,6.2,6,8,9,0.9,25,1,0,95,9,5,0
45,Male,7.9,2.5,2.6,1,0.6,3.2,0.4,1.5,1.2,5.6,3,10,7,1.3,75,0,1,182.3,18,11,0
52,Female,8.2,3.5,2.8,0.9,1.1,0,2.6,3.4,3.1,8.2,8,8,5,2.6,28,0,0,52.3,11,16,17.8
22,Female,8.2,2.6,1.2,1,1.7,2.5,1.1,0,1.3,6.7,9,4,9,2.8,71,1,0,169.1,0,20,6.4
55,Female,4.9,2.8,2.6,1.9,1.3,3.3,1.5,1.2,1.1,6.6,3,8,7,4.2,20,1,1,109.8,16,9,11.8
56,Male,4.8,1.5,1.4,0.6,1.6,2.2,2.9,1.6,2.1,6.2,9,7,9,1.7,43,1,0,162.2,2,1,6.1
41,Other,5.6,4.2,2.8,0.4,0.4,4,1.3,4.5,1.6,5,8,8,3,0,29,0,0,208,6,0,26.2
25,Female,7.3,1.4,1.8,1,1.5,0.3,2.6,3.1,2.6,7.6,5,1,9,2.5,54,0,1,115.7,19,12,0
24,Male,5,0,2.6,1.6,1.6,3.9,2.2,2.5,2,8.2,6,3,1,2.7,25,0,1,131.6,8,20,12.3
43,Male,5.8,2.7,1.6,1.3,3.1,1.8,0.7,2.4,2.1,4.3,1,10,5,2.5,67,0,0,129,4,20,22
58,Male,6.5,4.4,2.7,1,1.2,3.7,3.1,2.7,2.7,7.4,5,6,2,2.5,39,1,1,263.9,8,0,7
14,Male,4.2,3.1,1,0.9,0.8,3.2,3.1,2.8,0.9,7.5,10,1,1,2.3,57,0,1,143.6,18,12,4
63,Other,4.1,1.3,2,0,2.2,3.8,3.2,2.7,0.6,8,10,4,3,0.4,31,1,0,141.3,10,2,16.1
62,Female,5.7,3.2,3,1.3,0,3.2,4.3,5,0,7.9,7,9,7,5.9,22,0,1,145.7,13,10,18
47,Female,5.9,3.7,2.5,1.4,1.2,2.8,1.5,1.9,1,9.7,1,7,3,5.8,74,0,1,217.6,13,15,3.6
35,Male,6.9,3.1,2.2,0.7,1,3.6,0,2.7,0,7,10,1,10,5.8,37,1,0,118.1,7,17,21.7
29,Male,7.3,2.6,3.8,0.8,1.8,2.1,1.2,2.5,1.6,7.7,9,6,10,0.6,40,1,1,189.7,19,1,10.4
38,Female,3.8,3.7,3,0.5,2.7,2.7,3.2,3.7,0.6,6.5,7,6,9,3.8,54,1,1,112,0,17,14.1
20,Male,4.4,0.4,2.9,1.4,3.1,2,1.9,1.6,2.2,5.5,4,2,3,2.2,56,1,1,108.6,3,16,21.9
41,Female,4.1,1.7,2.7,0.8,1.7,1.2,0.3,2,2,7.3,4,6,6,2,38,1,1,168.5,15,0,16.2
38,Other,8.8,1,2.8,0.9,0,2.6,0,0.5,0.8,7.7,10,10,2,1.1,44,1,0,210.7,0,3,10
22,Female,5.8,5,3.7,1.3,1,2.2,3.7,3.8,2.2,6.9,7,2,8,8.1,75,1,0,130.8,18,19,4.6
38,Female,6,4.1,1.6,1.2,1.1,3.5,2.7,0.5,1.3,4.5,6,8,10,2.5,37,1,1,130.5,2,20,31.7
46,Male,6.1,3.3,3,1.3,1.9,1.8,1.4,3.2,0,4.8,3,7,5,1.2,59,0,1,181.8,1,5,3.7
63,Male,4.6,0.8,2.4,1.1,1.6,1.1,4.3,4.7,0.2,7.4,9,6,2,3.3,49,1,0,149.5,16,20,12.5
53,Male,9.1,4.1,1.6,1.1,0.8,3.5,5.2,5,0.5,6.1,6,10,7,4.5,75,0,0,184,10,4,14.1
19,Female,6.8,5.1,1.9,1.1,0.2,2.1,3.2,2.1,1.2,6.9,2,6,3,2.7,61,0,1,68.7,2,19,14.5
16,Male,6.1,3.9,2.2,1.2,0.6,1.1,2.9,2.1,0.8,7.1,10,9,5,3.5,70,0,1,98,6,8,27
62,Male,3.8,2.9,1.1,1.3,0.6,3.7,2.6,2.4,0.7,6.4,2,9,9,5,61,1,0,146.9,9,20,10.4
57,Female,3.7,3.9,2.9,0.4,3.1,3.1,3,3.7,1.8,6.2,1,10,1,1.1,72,0,1,172.6,2,3,9.2
23,Male,5.4,3.4,1.9,0.7,0.7,4.2,4.4,2.3,2,6.3,5,10,2,3.4,53,1,0,143.5,7,4,22.4
41,Male,4.6,4.4,2.1,0.9,1.6,1.6,0.8,2.1,0.6,7.2,10,2,5,1.7,29,0,0,154,4,7,8.9
48,Male,3.9,4.4,3.4,1.2,2.5,1.4,1.6,3.9,0.4,7.1,6,3,4,1.5,41,0,0,180.3,9,16,17
37,Other,5.3,2.7,2.1,1.8,1.7,0.7,1.9,2.6,2.5,5.5,3,10,1,6.5,69,0,1,87.7,11,14,11.6
33,Female,5.6,2,3.6,0.6,0.4,1.3,2.7,2.3,3.9,6.5,4,7,7,2.8,23,0,1,180.3,17,19,17.4
48,Female,6.3,2.4,1.5,1.4,2.5,1.5,3.9,1.4,0.3,5.2,5,10,9,0.9,22,1,0,202.5,5,12,15.8
22,Male,5,3.8,0.9,0.7,1.9,2.8,2.5,3.8,2.1,7.1,4,9,1,2.8,68,1,0,132.9,7,14,6.8
49,Other,4,2.5,1.7,1.7,0,0.9,2.8,2.8,1.1,5.9,9,6,8,0.6,75,0,1,106.9,17,3,0
21,Female,4.1,1.9,0,2,2.7,1.2,2.8,2.5,1.9,7.4,3,1,9,2.6,75,0,0,194.4,5,17,0
36,Male,8.4,3,2.9,0.1,2.4,4,2,0.1,0.2,6.2,5,7,2,1.6,68,0,1,236,8,18,0
47,Female,3.5,4.7,1,0.8,1.8,0,1.5,3.7,0,7.9,7,1,1,4,47,1,1,157.4,15,7,9.3
61,Male,6.7,3.2,1.4,0,3.1,2.6,2.1,1,0.1,8.1,7,5,6,6.9,41,0,0,105.9,10,13,0
47,Female,7,2.6,2.7,0.2,2.4,0.5,1.2,3.1,0.6,7,6,9,7,2.7,31,0,0,149.7,1,0,8.7
60,Female,5.8,3.5,2.1,0.2,2.6,1,1.2,1.5,1,6.1,9,10,2,1.7,68,0,1,108.3,16,1,11.1
48,Male,9.5,3.1,1.6,1.3,2.5,3.7,2.4,1.1,2.1,5.4,7,10,5,3.2,32,1,1,185.8,12,19,16.8
30,Other,7,0.1,0,1.2,2.3,2.1,1.4,3.7,0.4,7.7,4,9,5,6,60,0,0,147.5,6,2,14
61,Female,9.7,4,3.3,1.4,0,5.2,4.2,2.6,0.6,6.4,10,1,7,4,52,0,1,103.6,9,15,17.2
51,Female,4.7,3.6,2.7,1.3,0,2.8,2.2,2.6,3.3,6.6,9,6,1,2.7,66,1,0,160,12,2,13.3
44,Male,4.7,3,4.1,1.2,2.4,1,3.6,5,1.3,6,6,3,10,0,38,1,0,117.2,9,5,7.4
36,Male,7.1,4.6,1.4,1.1,2.7,2.7,0.5,5,1.5,4.8,1,9,8,2.9,60,1,1,84.2,3,7,9.2
35,Male,5.5,4.8,0.5,0.9,0.8,3.4,0.5,2.2,1.9,7.8,9,3,5,4.6,36,0,1,188,10,11,3.2
44,Female,9.4,4.2,3,1.5,0.4,2.6,1.9,0.8,0.7,6.4,7,2,3,4.9,66,0,0,164.9,8,4,11.8
49,Male,6.7,1.7,1.8,1,1.8,1.7,3.1,4.3,1.2,4.3,6,8,9,5.6,53,1,0,126.5,15,4,0
24,Female,3.9,1.8,2.6,1.3,0,0,1.4,0.8,0.9,6.3,6,3,3,1.7,23,0,1,213.6,16,2,18.5
61,Female,2.5,4.7,3.6,0,1.3,1.6,1.9,3.1,1.1,4.9,4,5,7,2.2,58,0,1,112.7,4,3,2.3
25,Male,5.8,0.2,2.4,0.4,1.1,4,3.2,2.2,2,7.2,4,6,10,2.8,27,0,1,128.3,4,4,11.2
35,Female,5.8,2.8,2.2,1.5,1.3,1,1.5,2.6,1.9,7,3,10,7,4.4,52,1,0,168.8,5,2,12.6
37,Male,6.6,3.7,2.2,0.7,3.4,1.5,1.1,4.1,0,8.3,8,10,10,2.5,20,1,1,193.8,1,9,19.3
47,Other,8.4,0.4,0.4,0.3,0.9,3.2,2.9,1.5,2.2,4.7,8,1,8,4,24,1,0,169.5,13,18,0
53,Female,8.2,3.4,3.1,1.3,1.6,2.7,0.4,1.7,0.9,8.2,2,7,10,2.2,51,0,1,121.8,10,7,7.4
42,Male,4.8,4.4,3.2,1,0.2,0.4,1.6,3.5,1.6,7.1,5,7,8,1.6,59,0,0,138.1,18,5,14.4
29,Male,3.4,0.8,2.5,0.8,2.4,1.9,2.1,4.8,0.8,4.9,9,5,4,5.2,20,0,1,117.7,10,6,24
61,Male,3.5,5.5,0.5,1.8,1.3,3.7,2.6,5.7,1.1,8.7,9,9,1,3.6,54,0,1,133.4,19,5,9.7
32,Female,4.5,1.5,1.9,1.7,2.7,2,3,0.6,2.5,6.4,7,2,4,4.5,41,1,1,137.2,5,12,5.2
60,Female,5.3,3.9,3.4,0.9,0,3.7,3.2,2,1.5,5.1,4,5,6,2.6,48,0,1,170.8,12,12,26.2
37,Female,6.6,2.9,1.4,1.4,1.4,3.8,1.6,1.2,2.5,7.7,4,2,10,4.6,36,0,1,115.5,18,20,16.4
34,Male,4.4,3.1,3.2,0,1.6,0.9,3.1,3.6,1.1,5.2,10,2,6,0.9,49,1,1,197.7,2,4,21
25,Male,6.6,1.1,2.1,1.5,2.4,1.6,2.6,2.6,1,7.9,7,9,6,1.2,54,0,1,148.8,15,5,0.3
31,Male,6.7,4.9,2.7,0.5,0.9,2.8,2.9,3.6,1.2,6.3,3,7,7,4.9,79,1,1,107.3,8,9,14.2
61,Female,6.3,3.5,1.6,0.3,2.3,0.2,1.2,2,0,6.1,3,4,1,2.9,20,1,1,169.4,2,19,1.3
48,Female,3.7,5.4,2.1,0.1,1,1.7,2.8,3.4,0,4.9,5,8,10,2.5,23,1,0,144,18,9,0
24,Male,6.9,1.1,2.4,0.1,1.6,2.7,1.8,2.3,0.4,5.2,6,4,1,1.2,28,1,0,127,14,15,14.7
53,Male,10.2,2.7,0.9,1.5,2.4,1.3,2.1,2.7,2.2,6.7,8,1,7,4.6,64,1,0,220.8,12,17,15.2
31,Female,6.5,3.3,2.3,1.3,0.6,2.7,2.2,1.8,2.6,4.5,1,10,4,6.7,51,0,0,134.4,16,2,6.1
24,Female,0.1,3.1,0,0.6,2.2,1.3,4.5,4.3,0,7.3,7,3,6,4.2,24,0,1,127.3,20,0,21.5
21,Female,8.5,4,1.4,1.4,1.8,1.3,0.9,0.9,2.5,5.9,8,10,6,2.1,33,1,0,198,7,20,7
19,Female,4.6,2.7,2.5,0.7,1.2,2.9,3.4,2.4,0.6,6,5,1,9,5.8,70,0,0,175.2,13,2,7.8
40,Male,10.5,6.2,3.1,1.2,0.8,3.6,3.7,4.8,0,7.2,10,2,2,3.7,45,1,0,187.7,8,18,9.7
26,Male,6.2,3.1,2.5,0.8,0,1.1,3,4.2,2.3,6.3,2,2,4,2.1,42,0,0,121.8,2,0,8.1
43,Female,2.6,0,0.6,0.9,1.4,0.5,1.4,1.4,0.7,8,4,7,4,5.6,65,0,0,161,8,7,20.2
64,Female,1.9,3.1,3,0.5,1.2,2,4,1.5,3.8,4,6,4,7,2.6,41,0,1,80.7,11,18,1.7
31,Male,9.1,4.9,0.9,0.6,2.1,2.6,1.6,3.2,0.5,7.5,9,10,1,0.1,46,0,1,54,14,3,4
59,Female,8.2,1.6,2.6,1.3,2,1.1,2.8,3.3,0.9,6.5,2,9,5,2.4,44,1,0,120.5,16,15,0.5
28,Female,10.5,1.5,0.9,1.4,2.6,4,2.1,4,0.2,5.7,4,2,4,4.1,55,1,0,152.4,8,4,25.1
17,Female,6,1.7,1.2,0.8,2.6,1.8,1.6,0.7,1.3,7.6,10,9,2,1.6,23,0,1,270,7,4,7.4
47,Female,5.9,1.4,1,0.2,4.7,1.1,2.7,4.2,2,7.2,5,6,5,0,51,1,1,212.5,5,1,3.9
24,Male,5.2,2.3,2.1,2.2,2,4.3,4.3,1.3,0,6.8,8,10,9,5.9,28,0,0,95.3,8,5,7.7
37,Female,4.7,4.4,1.8,1,0.6,3.5,2.3,4.2,1.9,6.2,8,8,8,9,21,1,0,193.8,14,6,16.8
64,Female,5.2,5.3,2.5,1.2,2.3,1.1,4.4,0.4,0.8,5.7,2,7,9,2,61,1,0,82.7,17,14,15.3
33,Female,6.4,0,2,0.4,3.1,3.3,1.8,1.1,0.3,5.2,6,8,7,1.7,69,0,0,226.7,10,9,5.4
48,Female,4.3,2.4,0.5,1.6,2,1.2,2.1,4.7,0,8.1,6,9,10,0.3,76,0,0,124.7,13,9,6.8
35,Female,2.7,3.5,2.3,1.7,0,2.9,0.5,4.8,2.2,7.5,5,8,7,1.4,58,1,1,121.3,12,18,0
28,Male,6.3,3.3,0.2,0.1,2.1,4.1,1.3,2.6,1.5,7.2,8,6,2,0,72,1,1,201,12,15,11.1
51,Female,4.3,5.8,1.1,0.9,0.9,0.5,1.7,2.1,0.6,6,10,8,3,0.4,65,1,0,122,12,8,20.3
57,Female,0,0,1.6,0.9,0.2,1.4,1.6,2.5,2,8.9,2,8,10,3,72,1,1,237.4,15,7,5.3
54,Female,7.1,0,1.6,2.2,1.7,1.4,0.8,3,1.7,5.7,2,2,8,0,44,1,1,121.5,11,18,15.1
51,Female,3.8,6.1,0.4,1.7,0,2.3,1.1,3.2,2.1,6,7,2,2,0.1,80,0,1,194.4,20,0,5.3
26,Female,7.3,4.1,3.4,0.3,2.5,2.6,1.7,2.1,2.8,8.7,9,1,7,3.4,66,1,1,155.8,17,16,1.2
43,Female,7.3,2.1,3.6,0.6,2.2,1.9,3.4,0,1.4,6.4,3,10,6,1.8,29,0,1,183.9,11,17,15.4
17,Female,6.6,3.3,4.3,0.6,1.4,0,0.2,1.8,3.1,8.6,7,2,10,3.7,56,0,0,99.6,4,14,28.8
47,Male,11,3.4,3.1,1.2,0.9,0.5,0,0.5,2.6,7,3,7,4,2.3,44,1,0,58.3,16,5,14.3
35,Male,5.7,2.1,1.6,1.8,1.3,0.9,0,3.5,2,5.9,6,3,4,2.6,59,0,1,103.1,20,16,6.7
41,Female,5.4,3.2,1.6,1.1,0.5,2.7,1,3,0,6.3,3,4,3,4.6,73,0,0,129.8,0,17,7.2
55,Female,7.4,3.5,1.5,1.3,1.4,0.3,2.8,2.4,1.3,5.6,1,4,6,1.9,72,1,1,140,12,20,25.3
23,Male,5.9,6,4,0.7,0,0.9,1.6,2.2,1.4,7.3,6,4,3,4.4,48,0,1,125.8,9,18,12.5
30,Male,8.3,4.4,1.9,1.2,1.6,0.6,1.6,5.1,1.4,8,3,2,9,2.2,56,1,0,43.2,2,1,3.9
59,Female,3.5,5.6,3.3,0.8,1.6,2.4,1.5,4,1.1,7.1,1,6,4,1.4,24,1,1,118.1,5,6,9.5
24,Male,3.5,1,3.2,0.2,2.3,3.4,0,2.8,1.8,6.8,5,1,4,0.9,33,0,1,152,15,16,11.7
21,Male,7.5,2.5,2.2,1.2,1.8,2.2,3,1.8,2,5.3,8,5,2,0,52,0,0,137.8,0,14,13.8
22,Male,3.7,3.4,0.5,1,2.5,4.4,3.6,4.2,0,7.8,8,2,2,0.5,46,1,0,131.3,18,15,22.1
56,Male,7.2,0.1,1.9,0.5,2,2.2,1.6,2.6,2.6,7.5,8,9,7,0,24,0,1,127,7,16,20.2
29,Male,6.7,4.8,2.1,1.8,2.5,1.9,2.1,1.7,0,6.8,3,2,5,1,70,0,0,152.8,8,2,11.6
50,Male,4.6,4,3.3,0.6,4.1,1.1,2.1,1.7,0.8,6.1,8,6,3,4.6,73,1,0,97.6,19,9,9.7
19,Male,6.7,2.4,2,1.3,1.9,2.2,0.7,3.4,0.3,6.6,4,4,6,3,76,1,0,137.7,6,5,13.2
58,Female,3.5,2.7,0.8,0.8,1.7,1,1.5,3.7,0.5,5.4,8,6,6,2.2,63,0,1,129.6,10,1,5.1
25,Female,4,4.9,3,1.8,2.7,0.8,4.1,3.3,2.3,4.7,3,2,1,1.6,34,1,1,87.6,7,10,17.8
52,Female,5.5,1.8,1.8,0.9,1,0.8,2,3.4,1.3,6.1,3,2,3,2.8,22,1,1,140.9,10,7,8.4
54,Male,6.2,4.9,0,0.2,1.4,1.7,2.3,2.1,1.9,5.5,1,7,5,3.1,20,0,0,50.7,13,13,13.9
21,Male,5.4,2.6,2.3,1.4,1.9,1.4,1.2,1.8,1.8,5.9,8,3,7,0.8,43,1,1,116.1,13,11,23.7
62,Female,6.9,4.1,2.5,1.8,1.6,5.2,1.5,2.7,0,5.9,8,3,4,3.9,31,0,0,166.8,3,19,14.4
39,Male,6.8,3.1,1.2,0.8,1.6,2.3,2.8,2.4,0.6,6.4,9,7,8,2.3,64,0,0,170.6,19,6,11.8
14,Female,9.1,6.3,1.8,1.3,2.4,2.2,1,1.2,1.9,6.3,6,8,3,3.6,33,1,0,150.7,8,17,5.9
17,Female,5.8,1.7,2.7,1.1,0,1.3,3.9,2.5,1.9,3,2,7,6,2.9,76,1,0,161.2,7,4,9.4
41,Female,8.4,2.1,2.3,0.8,3.5,5.7,0.1,3.4,0,6.9,1,3,6,0.2,61,0,0,181,14,5,0.9
49,Male,7.8,0.7,0.4,1.4,2,0.9,1.2,2,2.2,6.7,8,3,9,5.6,39,1,0,155.2,19,12,14.3
50,Male,10.6,1.4,3.3,0.6,1.1,1.4,0.2,4.6,1.8,7.7,10,7,4,3,77,0,0,208.8,5,1,0
31,Female,5.7,4.1,3.7,1,3.1,3.2,3.6,0.9,0.2,6.2,4,3,7,2.3,33,0,1,43.9,15,18,17.7
20,Male,5.2,5.4,1.5,1.1,1.6,2.2,2,1.4,1.6,7.8,7,2,10,4.2,33,0,0,191.2,15,7,15.9
60,Female,8.5,4.2,0.1,1.1,1.6,0.5,1.7,1.8,1,6.3,10,7,1,0.7,64,0,1,41.3,13,10,10.8
57,Female,6.8,3,2.8,0.6,1.3,2,2.5,3.6,1.7,6.9,4,3,1,0,72,0,1,118.7,14,20,5.7
13,Other,8.6,1.7,1.3,2,3,2.8,3.7,2.8,0,5.4,1,5,2,4.1,54,1,0,186.5,20,15,9.9
34,Male,7.4,4.3,2.5,1.6,1.5,2.6,2.3,1.3,0.8,7.9,8,7,4,5.3,80,0,1,181,11,0,0
64,Female,1.8,1.6,4.2,1.5,0.9,2.8,3.4,0.1,2.4,8.1,10,2,6,3.6,75,0,0,101.5,17,15,16.6
29,Female,6.8,1,0.5,1.7,2.5,4.6,1.6,1,1.7,8.8,9,8,4,4.6,38,1,0,147.6,10,11,8.7
19,Male,6.6,2.5,1.2,1,2.7,2.3,0.8,0.2,2,5.8,10,2,6,0.5,39,0,0,120.2,6,16,22.1
37,Male,6.3,0,1.8,0.8,3.1,3,2.3,3.6,1,7.1,9,4,2,2.3,61,1,1,192.4,5,8,13.1
57,Female,5.7,0.9,3.3,0.5,2.1,0,1.2,1.1,1.8,4.8,9,4,9,1.7,63,0,1,146.1,2,5,11.9
16,Male,2.8,5.8,5.6,0.6,2.6,4.2,2.8,3.4,1,4.2,4,8,3,5.1,42,0,1,117.6,8,6,13.2
48,Male,7.7,0.6,2.2,0.5,1.2,2.1,1.5,3.2,0.3,7.2,9,1,7,4,53,1,0,169.1,14,12,2.2
18,Male,6.7,1.2,0.4,0.7,2.5,1,1.9,4,0.9,6.4,4,9,1,5.1,20,0,0,179,1,16,6.4
43,Female,8.2,3.1,1.7,1.1,2.2,1.8,0,1.6,2.7,5,2,6,8,1.8,23,0,1,140.2,3,9,11.1
31,Female,2.9,3.2,1.2,1.5,2,2.8,1.9,3,2.3,6.7,10,4,4,0.7,59,0,1,182.7,1,10,7.6
56,Female,7,2.6,2.7,1.4,0,3.2,1.7,2.7,0.2,7.6,3,6,5,5.7,36,0,1,228.1,5,13,5.4
51,Male,5.5,0,2.4,0.4,1.1,1.9,3.4,2.7,0.8,6.6,2,6,7,3.1,45,1,0,46,11,16,7.7
39,Male,6.3,4.3,1,1.3,1.5,2.7,3,2.5,0.3,8,1,9,3,5.1,33,0,0,210.3,6,15,10.4
22,Female,5.6,2.3,1.2,1.6,2,1.7,2,3.6,1.4,5.7,6,4,9,2.9,65,0,0,221.6,8,4,28.5
38,Female,7.1,4.8,1.6,0.9,3.9,2.6,0,3.5,2.2,7.8,4,8,9,7.4,70,0,1,172.5,5,17,7.4
31,Male,5.7,2,1.8,1.6,2.4,2.2,1.5,2.5,3.2,6,7,1,8,5.4,51,0,0,134.4,4,10,4.6
51,Female,3.9,4.5,2,1.4,0.7,2.4,3.4,1.9,0,8,7,6,1,2.7,55,1,0,72.1,3,9,8.8
15,Other,6.2,4.9,2,0.4,1,1.6,1.8,1.8,2.1,5,10,5,2,3,39,1,1,152.1,9,20,22
57,Female,5.6,2.3,3.2,2.1,2.9,2.5,0.7,2.5,1.2,6.8,1,3,2,3,35,0,0,129.9,19,20,22.6
25,Female,5.8,4.3,1.6,0.6,1,1,3.4,2.8,0.8,6.8,9,4,3,0.7,70,0,1,80.4,3,5,25.6
62,Other,0,1,1.5,1.5,2.5,2.2,0.1,2.4,0.3,7.1,8,8,2,2,38,0,1,117.2,4,9,10.5
40,Male,7.4,3.4,0.7,1.5,1.6,1.2,1.9,0.8,3,6.1,10,10,1,1.9,64,0,0,148,16,10,15.1
32,Female,5.4,4.8,1.8,0.4,1.3,0.8,2.7,2.1,0,7,1,2,5,3.5,58,0,1,163.5,17,0,1.6
40,Other,3.3,3.8,2.3,1.1,1,1.2,2.2,1.8,0.7,6.3,8,8,6,1.4,43,0,1,98.8,2,4,7.2
20,Male,7.8,6.6,0.3,1.5,0,1.8,0.5,2.5,1.6,5.9,5,7,7,2.7,33,1,0,31,12,1,1.1
53,Female,7.3,3.9,1.7,0.4,2,1.4,0.9,5.8,1.7,8.2,1,1,10,2.3,48,0,1,137.2,0,10,13.8
51,Female,5.3,2.5,3.2,1,0.4,2.5,1.2,3.1,2.4,6.6,4,2,7,3.2,61,1,1,104.1,18,13,10.3
13,Female,3.7,7.3,2.6,1.5,0.1,2.1,2.9,4.1,0.3,4.7,7,7,2,5.9,33,0,1,128.2,1,12,11.8
15,Female,6.4,5.5,2.4,1.5,1.7,3.2,2.2,1.6,1.8,5.7,5,3,7,5.2,71,1,1,47.7,3,10,3.2
25,Other,6.2,0.6,2.6,0.8,2.5,1.9,1.5,2.5,1.1,8.2,3,2,2,0.4,30,1,0,134,15,5,16.8
40,Female,7.8,1.8,1.4,1.8,0,2.2,2.5,4.1,1.2,5.4,4,1,2,2.9,30,0,0,168.6,15,1,0
61,Male,5.1,1.4,1.3,1.7,2.5,4.2,1.1,0.4,0.7,7.1,2,7,6,2.4,66,1,1,127.8,16,18,8
37,Female,8.4,4,3.3,1.1,0.6,1.5,2.9,2.2,1.4,5.7,8,3,6,1.7,59,0,0,155.2,20,8,9.1
45,Male,4.9,3.9,2.8,0.7,2.1,1.7,2.5,3.3,1.1,4.8,2,6,8,7.3,43,1,1,135.3,11,17,0
50,Male,3.3,3.8,1.3,0.4,2.1,3.4,1.7,2.4,0.8,7.1,6,10,5,1.9,41,1,0,51.4,1,13,13.1
18,Female,3.7,0.6,0.1,1.2,1.3,0.9,1.8,1.8,0.7,6.1,7,8,5,2.1,68,0,1,154.1,9,12,8.6
56,Female,5.9,2,1.3,1.7,1.5,3.6,1.6,1.8,1.6,8.4,7,6,10,6.5,74,1,0,110.8,5,11,14.5
57,Male,5.9,2.8,2.5,0.9,1.1,1.7,3.2,2.9,0,7.9,1,7,1,4.9,74,0,1,83.8,11,11,26
44,Other,6.7,0.3,1.3,0.6,1.8,1,2.3,0.5,1,8,8,6,4,2.1,40,0,1,183.9,11,12,12.6
57,Female,5.8,1.7,2.3,1.4,1.8,3.1,1.7,2.7,0.4,7.8,9,7,1,4.5,25,0,1,163.5,16,6,17.8
59,Female,8,5,3.4,1.1,0.6,1.7,0.8,3.4,1.1,7.3,7,5,10,2.5,33,0,0,119.4,17,15,21
33,Male,5.5,0.7,1.9,1.3,0.1,4.2,2.7,2,1.1,4.9,8,9,5,2.7,28,1,0,142.2,3,16,13.9
28,Other,2,5.2,2.2,0.7,2.5,2.1,2.7,0.5,2.1,6.2,4,3,8,1.4,54,0,1,158,2,8,3.1
33,Other,5.8,4.6,2.7,0.8,1.7,2.1,1.4,1.8,1.9,7.3,8,6,1,0,63,1,1,65.1,16,13,0
23,Female,2,2.6,0.9,0.7,2.4,1.3,1.5,2.3,1.5,6.2,3,9,3,0.2,55,0,0,93,8,8,13
49,Male,6.5,2,1.2,1.2,0.8,1.8,1.9,1.1,1.4,6.5,1,1,1,0.8,44,1,0,95.4,11,5,6.8
48,Male,8.1,4.2,2.7,0.8,0.7,1.7,0.6,2.5,1,7.4,8,5,6,3.8,34,0,0,174.9,6,0,20.3
47,Male,4,1.8,2,1.3,0.5,3.6,2.1,2.7,1,7.8,6,4,10,3.3,64,0,1,228.3,15,19,6.2
31,Male,8.8,1.9,2.1,0.7,1.3,2.3,0,4.1,0,5.4,9,9,1,5.2,77,1,0,179.6,7,0,9.9
32,Male,7.7,3,2,1.2,1.7,2.8,0.5,2.3,1.9,7.3,3,1,10,0.6,47,1,0,155.9,2,18,0.7
30,Other,8.4,0,3,1.4,1,2.1,1.4,2.6,1.5,7.2,8,4,3,6.6,69,1,0,98.6,20,14,7.2
59,Female,6.4,0.8,2.4,1.2,3.1,1.5,1.2,1.8,2.4,5.3,9,1,5,6.4,33,0,1,187,12,16,2.5
53,Male,4,2.5,2.4,1.5,0.9,2.4,2.5,1.9,0.6,6,9,3,5,3.1,32,0,1,131.9,19,19,3.2
61,Male,7.6,3.7,3.2,0.8,1.7,3.9,2.3,3.4,2.5,6.7,7,4,2,1.6,60,0,0,99.4,8,7,9.6
26,Male,4.8,1.8,3.6,1.3,0.6,0.7,3.7,2.2,1,8.2,10,1,3,1.7,50,0,0,186.1,8,2,5.1
27,Male,6.2,2.7,4.2,1.1,0.8,2.5,2.1,3.6,0.6,6,3,5,9,3.4,24,0,1,216.5,3,11,31
43,Male,5.7,0.6,1.4,0.6,1.4,3.8,2.2,2.4,2.7,7,3,6,1,6.8,38,0,0,186.9,13,14,16.7
13,Male,8.2,4.4,4.5,0,0.7,1,0.6,1,1.6,7.9,2,1,1,2.8,27,0,0,268.9,17,17,18.7
15,Female,7.5,3.3,0.9,0.2,1.6,3.1,0.6,1.6,2.9,8.7,1,10,2,0,32,1,1,112.1,0,12,9.1
28,Other,5.8,3.5,3.9,0,1.9,3.1,2.1,5.6,1.4,6.8,2,10,8,6.8,60,1,1,126.6,18,4,10.8
35,Male,2.1,3.7,1.4,1.2,2.6,0.4,2.1,2.4,2,4,5,4,6,2.2,36,0,1,106,1,16,6.6
23,Male,4.7,3.1,1.9,0.8,0.4,3.3,2.3,0.4,2.2,7.6,1,4,4,5.9,51,0,0,105.7,4,20,31
24,Female,7.4,2.3,2,1,1.7,1.3,3.5,1,0.9,6.8,10,1,7,4.3,24,0,0,219.9,13,2,9.1
22,Male,6.6,4.7,1.1,0.9,1.4,2.4,0.7,1.6,1.5,5.5,4,2,6,2.7,28,0,1,94.6,8,18,5.2
44,Male,3,3.2,2.1,1.3,0,3.2,4,1.3,1.4,7.4,10,10,9,4.9,62,1,0,122.6,19,5,4
28,Female,2.4,2.8,1.2,1.3,0.4,3.4,0.2,1.1,2,8.7,10,5,6,1.5,53,1,0,213,19,16,12.7
20,Male,6.4,3,0.8,1,2,0.2,2.4,4.4,0.1,6.8,1,2,2,2.4,64,1,0,169.3,14,4,21.4
50,Female,3.9,3,2,1.1,0.1,4.1,0.5,3.4,1.8,4.6,10,3,3,1.9,20,0,1,99.2,19,20,18.7
24,Female,4.1,2.7,3.6,1.1,1.4,3.7,2.9,2.2,2.1,8.2,8,9,9,2.6,59,1,1,146,0,4,3.9
36,Male,7.3,3.7,1.7,1.7,0,3.3,0.2,1.7,0.5,6.5,5,5,7,4.1,34,0,0,65.1,18,18,3.8
40,Male,8.4,1.6,2.9,0,1.4,2.4,0,2.3,0.3,7.4,10,1,6,4.1,73,1,0,139.9,3,10,20
20,Female,4.5,1.7,1.2,0.7,0,1.5,2.2,4.8,0,6.6,4,5,5,0,51,0,1,153.8,13,0,26.8
40,Male,5.9,3.8,0.7,1.4,0.9,0.7,1.9,1.4,3.3,7,3,3,3,1.9,53,0,1,157,0,12,8.8
48,Male,5.9,2.8,2.5,1.6,1.1,0.1,3.3,0.4,0.5,7.3,9,1,4,2.3,54,0,1,243.9,4,16,19.7
38,Female,5.7,4.5,3.8,1.2,1.6,2.8,2.1,3.4,2.6,7.5,6,3,1,4.2,72,0,0,187.2,9,10,0
20,Female,6.1,3.6,2.2,0.9,1.2,3.3,1.1,3.8,1,6.7,1,6,5,0.2,68,0,0,91.5,8,17,3.3
62,Male,7.5,2.2,2.8,1.9,0.3,1.9,1.4,4.4,2.3,5.6,8,10,7,4.4,69,1,1,155.4,16,3,1.9
40,Female,4.7,3.9,3.5,1.1,0.3,1.4,5.9,2,1.8,6.7,10,5,2,0.7,78,0,1,146.7,13,9,13.3
40,Male,2.9,4.8,2,1,0,2.1,1,2.1,3.3,7.4,2,1,8,3.5,47,1,0,243.3,6,10,8.6
49,Female,9.4,3.7,1.8,1.7,1.7,1.2,2.6,5.1,2.6,5.6,9,2,10,5.2,36,1,1,127.9,17,17,11.9
53,Female,8.2,4,2.5,1.2,1.7,2,2.5,3.3,1.4,5.2,7,5,6,0.5,65,1,0,156.5,9,0,19.8
48,Female,3.8,2.7,2.7,1.5,2.2,1.2,2.7,2.4,1.5,8.1,3,9,10,3.5,30,0,0,163.4,3,3,4.8
39,Female,6.3,4.5,0.6,1.5,1,2.7,2.6,3.2,1.9,8.5,4,5,3,2.6,42,1,0,96.5,13,4,10.8
29,Other,8,2.1,2.3,0.8,0,3.5,1.7,1.9,3.9,6.5,3,5,2,1,74,0,1,73.8,2,1,0
21,Male,7.5,3.5,2,1.9,1.2,2.6,0,2.9,1.3,7.2,6,1,8,0.6,45,0,0,138.7,10,11,19.3
45,Female,6.9,6.9,1.2,0,1.5,1.9,2.2,2.9,0,7,9,5,4,1.6,65,1,0,183.3,9,10,18.8
32,Male,5.7,3.8,1.9,0,0.3,3.2,2,3.6,1.4,3.9,10,8,7,1.4,24,0,0,84.4,7,20,12.9
25,Male,9.5,2.4,0.8,0.7,0.4,2,2.1,1.2,0.6,6.7,9,9,7,2.6,45,1,1,145,8,15,11
40,Male,6.4,2.4,0.5,0.8,2,3.1,2.7,3,1.4,8.3,1,10,10,2.1,25,0,1,116.5,5,3,5.9
60,Other,5,2.9,2.1,1.2,1.6,1.2,1.5,1,2.4,5.1,10,3,9,3.8,80,0,0,53.2,13,6,0
41,Other,7.7,4.3,2.9,0.7,2.6,1.4,1.3,4.9,1.7,5,6,4,10,4.6,70,0,0,161.7,8,20,12.4
25,Male,6.2,3.2,1.7,1,3.2,0.8,3.1,2,0.6,5.6,1,7,8,0,62,1,1,170.5,13,20,16
58,Male,6.7,2,1,0.9,0,1.4,1.6,0.3,1,5.9,4,7,8,2.5,53,1,0,183.5,7,12,26.2
47,Female,6.4,2,1.2,2,1.1,3.2,1.4,6.1,0.1,7.3,7,1,7,1.1,61,0,0,189.2,5,13,6.9
18,Male,7,3.2,2.5,0.6,1.6,1,1.3,1.8,2.5,8.1,4,6,10,0.8,32,0,1,145,5,10,12.2
30,Male,4,3.1,3.7,0.2,1.9,0,2.7,2.6,2,8.1,9,9,5,0,44,0,0,170,1,7,18.9
63,Female,3.1,3.7,2.8,1.6,2.5,1.5,1.7,0.3,0.1,7.3,10,5,9,0,21,0,1,159.4,4,0,19.2
17,Female,8.9,4.4,3.3,0.6,2.2,0.6,4.7,2.4,3.7,4.6,5,8,7,2,33,1,0,21.3,2,7,5
59,Other,6.5,7.1,1,1,2.6,1.4,2.1,4.7,1,4.6,9,10,3,3.8,36,1,0,75,10,18,7.8
37,Male,7.5,0.8,1.9,0.7,1.6,4.5,0.6,3.4,1.5,7.4,1,9,6,3.8,60,1,0,113,6,16,5.8
14,Male,2.5,4,3,1.4,0.9,0.9,1.5,0.3,0.9,4.6,4,10,3,0.9,59,0,1,152.6,8,8,2.8
22,Female,8.1,3.1,0.6,0.3,3.4,2.8,2.8,1.5,1.6,7.2,7,10,6,0.7,59,0,0,163.4,12,12,21.8
42,Female,5,0.2,1.3,0,1.7,1.9,1.3,3.7,1.3,6.8,2,3,8,3.5,58,0,1,182.6,15,14,10.5
62,Female,4.4,4.9,2.9,1.6,1.3,2.4,2,3.3,0,5.9,9,1,9,2.1,44,0,0,183.7,11,12,9.4
57,Female,5.9,3.6,2.3,1.1,0.4,1.4,3.2,1.9,2.4,3.4,3,2,2,4.8,46,0,0,159.3,7,7,12
17,Male,4,4.2,1,1.5,1.7,3.4,3.4,3,0.4,6.7,4,5,6,0.8,67,1,1,174.6,13,11,10.4
45,Female,6,0.5,0.4,1.6,2.5,2.5,1.4,0.9,2.1,7.1,4,10,3,0,70,0,1,226.7,13,10,8.2
13,Male,5.7,2.7,3.3,0.5,1,2.5,1.7,0.8,1,5.8,8,7,7,4.2,43,0,1,170.5,4,19,3.9
30,Male,8.1,1.4,0,1,1.4,2.1,2.1,0,1.3,5.2,2,6,4,0,68,0,1,148.3,9,12,22.5
44,Female,9,6.2,2.6,1.3,1.7,3.5,3.6,3.7,1.7,6.9,5,4,5,0.1,52,1,0,172.9,13,15,5.4
59,Male,9,4.7,1.5,0.9,2,2.7,0.7,2.4,1.3,4.8,2,9,10,1.7,46,1,0,190.8,16,1,2.6
61,Male,1.5,2,3,0.8,1.2,2.4,2.4,2.5,1.9,7.2,6,4,6,2.4,64,0,0,227.5,3,5,9.4
23,Female,4.1,0.7,1,0.9,1.1,2.8,2.1,0,0.5,7.8,9,3,8,4.2,50,1,1,95.3,14,15,27.3
33,Female,1.5,3.3,4.6,1.5,1,0,0.9,2.4,2.2,4.1,9,5,2,1,67,0,1,68,10,17,3.4
38,Female,3.6,4.6,2.4,0.9,0.4,2.2,3.5,3.2,0.2,5.9,1,4,4,5.6,57,0,0,160.4,8,16,15.7
37,Male,4.7,0.4,2.6,1.3,0.7,1.9,3.2,0,0.3,6.4,4,2,4,0,34,0,0,77.7,14,14,8
34,Female,6.8,1.6,1.2,1.2,0.7,3.4,3.8,2.6,1.8,6.5,4,3,6,2.3,63,0,0,137.5,19,6,12
39,Male,5,1.3,1.9,0.5,0,1.2,3.4,2.4,2.2,5.4,1,7,4,4.7,75,0,0,240.5,1,13,17.4
61,Male,5,4.3,1.9,1.2,2.5,2.2,2,1.9,1.5,4.9,10,2,5,4.8,59,1,0,150.2,0,6,0
25,Other,6.4,2.4,3.8,0.2,1.9,4.3,2.7,4.2,2.7,5.9,2,1,5,0,77,0,0,150.7,20,5,2.8
45,Female,2.6,2.5,2.4,1.2,1.6,2,2.4,3.9,0.4,7.3,6,2,8,8.4,20,0,0,130,19,11,17.3
46,Female,4.3,3.3,2.5,1.4,2.8,0.4,0.9,6.8,0,7.2,10,8,4,2.4,30,0,0,225.3,16,1,10.8
53,Male,5,1.7,2.5,1.6,2.2,4.6,0.4,0.9,2,7.2,3,8,6,3.6,34,1,1,171.2,3,20,11.7
47,Female,5.6,0.8,2.6,0.5,0.7,1.1,2.4,3.1,1.3,8,9,10,7,2.3,52,1,1,126.6,4,0,15.7
13,Female,6.2,5.1,0.6,0.7,2.7,0.8,2.1,4.4,2,5.2,3,2,8,7.3,76,0,0,224,4,17,2.9
33,Female,9,5.2,4,1.1,2.5,0.8,1.6,1.6,0.2,6,3,6,9,5.6,67,0,1,159.3,13,4,18.4
60,Female,7.8,3.3,1.1,0.8,0.4,2.9,1.9,4.7,0.8,6.3,9,7,10,7.2,51,0,0,129.3,0,20,16.6
18,Male,4.5,3.4,2,0,2.4,3.6,4.1,3,2.9,3,3,1,8,3.9,44,0,0,45.6,1,6,11.9
40,Male,5.5,4.9,3.5,0.7,1,4.1,0,0.2,1,6.8,6,7,4,4.8,58,0,1,156.9,9,14,13.7
29,Female,5.3,3.2,3.9,1.1,2.5,2,2.8,0.8,2.6,6.5,6,8,4,0.9,52,0,0,127.4,4,20,19.3
17,Male,5,2.4,2.8,1.5,1.2,0.8,3,1.7,2,5.1,1,9,10,2.5,48,1,0,134.3,8,5,5.2
43,Male,6.5,3.1,1.5,1.8,1,1.3,3.2,2.4,0.9,7.5,7,8,5,4.8,77,0,1,131.5,12,1,15.3
17,Other,2.3,5.1,2.1,1.1,1.1,2,0.3,4.1,2.6,7.5,9,3,3,3.6,53,1,0,58.5,20,20,24
50,Female,7.8,3.1,2.2,1.3,0.5,2,1.6,2.4,1.5,7,9,8,2,3.2,27,1,0,278.2,12,16,15.1
15,Female,9.4,2,2.2,1.5,0,3.6,1.6,4.1,1.2,4.4,9,3,2,1.4,75,0,1,115.3,8,12,8.2
35,Female,5.5,3.2,0.8,0,0,0.4,2.4,2.6,1.1,5.3,2,6,9,5.3,30,1,0,183.4,13,12,28.5
49,Female,5.4,4,3.3,0.5,0.4,0.7,0.6,2.5,1.6,6.9,1,4,8,5.3,32,0,1,139.1,16,13,11.8
49,Male,6.3,3.8,2.1,1.1,4.1,1.6,2.5,2.1,0.1,5.9,6,7,6,5.1,24,1,0,13.1,2,7,21.2
22,Male,8,3.8,1.3,1.8,2,2.4,0.9,3.8,2.1,6.2,6,8,9,3.6,69,0,0,142.6,17,14,6.6
22,Male,5.4,1.8,1.5,1.3,3.4,1.5,1.6,2.7,1.6,5.2,4,10,5,3,38,0,1,156,11,10,18.5
31,Male,7.9,4.2,2.3,1.2,1.2,1.4,3.6,1.5,0.6,6.7,8,6,10,5.2,40,0,0,122.7,8,12,5.6
29,Female,7,3,0.6,0.9,1,3.4,3,2.9,0,8.3,5,10,1,4.9,22,0,1,222.5,15,20,12.6
33,Male,10.7,1.9,2.9,1.2,3.2,2.6,2.1,1.9,0.9,6.9,7,4,8,1.2,45,0,1,239.6,12,19,5.1
26,Female,5.3,4.1,2.2,0.7,1.9,0.8,0.3,1.8,1.5,7.7,9,8,3,3.6,52,0,0,164.4,17,0,25.2
21,Male,2,2.3,3.6,0.6,0.5,1.4,2.4,4,1.4,7.6,1,7,9,4.3,49,0,1,171.2,11,1,8.2
58,Male,3.1,0.6,2.1,0.7,2.1,2.6,2.5,2.3,1.3,6.1,9,10,1,1.7,41,1,0,92.4,1,10,1.1
13,Male,6,1.5,0.9,1.7,2.8,0.5,0,5.3,1.9,6.3,4,8,3,4.8,24,0,0,92.2,18,13,10.8
63,Male,8.1,2.7,0.8,0.6,0.1,2.6,2.4,3.5,0,8.3,7,10,1,4.4,38,0,1,117.3,0,4,14.3
57,Male,4.7,3.9,1.6,0.8,2,1.6,0.7,1.5,1.1,7.4,4,7,1,2.2,28,0,0,250,5,6,9.8
25,Male,5.5,1.7,1.7,1.2,0.1,2.4,0.2,1.4,1.5,7.7,4,3,6,0.3,77,0,0,122.6,17,15,3.5
16,Male,7.4,2.6,1.4,0.6,2.7,2.1,0.7,0.9,1.7,6.7,4,3,4,4.2,43,1,1,215.9,2,10,18.3
13,Female,4.1,1.2,2.1,1.1,1.7,0.7,0,3.3,2.1,6,6,9,10,6.9,58,0,0,113.9,5,14,20.1
61,Male,4.8,4.5,1.4,1.1,2.1,1.2,1.5,1.4,1,6.2,5,7,4,3.5,31,1,0,101.9,3,3,0
52,Male,3.7,5.6,2.3,0.7,1.3,3.7,0.8,0,1.3,8.2,2,1,5,4.3,65,0,1,125,16,9,3
44,Female,8.4,5.4,1.5,0.9,0,4.8,3.4,0.4,0.5,6.5,9,3,3,0.7,80,0,1,123.7,17,0,8.7
46,Male,9.1,4.4,2.6,0.5,1.1,0,1.6,1.1,1.6,8,6,1,2,2.9,67,1,0,113.7,6,6,5.8
40,Female,2.8,4.3,1.7,1.7,2.4,3.3,1.1,2.9,0.3,8.2,10,6,10,2.8,64,0,0,228.1,1,11,14.2
43,Female,5.7,0,3.2,1.1,3.5,2.4,0.1,2.4,1.8,7.6,6,2,8,1.2,46,0,0,147.3,14,10,24.7
20,Male,8.8,3.3,2.7,0.5,1.8,4.5,1.5,3.7,2.4,7.5,9,7,7,3.9,69,0,0,140.1,16,10,7
51,Female,6.8,2.3,2.2,1.1,0.8,1.3,3.6,1.3,1.7,8.5,1,8,10,3.8,61,0,1,151.3,5,16,22.6
38,Male,5,4.3,1.8,1.1,2,3.1,3.9,2.1,2.5,5.5,7,6,4,2.4,72,0,1,195.7,7,0,0
46,Female,2.9,0,0.5,0,2.3,1.6,1.6,4.8,0.7,6,3,5,2,3,40,0,1,151.3,7,14,13.6
15,Male,8.3,3.3,3.4,1.7,1.6,3.5,1.9,2.1,0,5,4,10,9,7.1,57,0,1,165.3,6,20,5.2
62,Female,6.7,2.7,1.3,0.5,1.6,4.8,2.8,2.8,1,4.7,1,4,8,1.8,73,1,1,200.9,3,19,13.8
24,Male,3.1,4.7,2.1,2,1.7,2.3,0.8,1.6,0.6,6.4,3,9,4,0.7,54,1,0,96.5,19,17,0
13,Female,8.4,5.3,2.3,1.4,1.5,0.6,2.4,2.2,0.7,6.8,7,8,5,0.7,51,1,0,108.1,4,20,0
56,Female,2.8,1.6,1.8,0.4,1.8,3.7,4.8,3.1,0,7.1,6,5,10,3.5,78,1,0,155.4,7,3,13.8
17,Male,5.6,1.7,3.4,0.8,3.3,2.7,2.9,3.4,1.4,5.7,1,1,6,0,55,1,1,114.6,13,18,5
42,Male,5.5,3.3,0.8,1.5,0,2.5,2.9,2.7,1.2,6,9,8,4,2,52,1,0,138.4,19,4,7.4
42,Female,9.2,5.6,3.7,0.9,1.3,3.9,3.6,2.2,2,7.5,4,8,2,1.1,62,0,1,94.9,2,13,24.7
29,Female,5.5,3.1,2.7,1.6,0.6,0.6,3.1,2.7,1.8,4.7,7,7,5,2.9,36,0,0,106.9,17,12,11.1
60,Male,5.5,1.1,1.8,0.8,2.7,1.1,1.7,1.5,1,6.5,4,7,1,2.9,24,0,1,205.5,14,18,17.2
59,Female,3.3,2.1,1.8,1,1.4,2.7,0.6,2.2,2.1,8.1,7,8,7,3.7,63,0,1,131.7,20,18,3.9
35,Other,4.7,3.3,0,1.5,2.1,1.1,1.8,2.9,2.1,6.2,5,1,9,4.2,39,0,0,127.1,4,15,0
27,Female,4.4,3.4,1.2,1.3,2.9,1.6,0.8,3.8,0.7,6,1,3,3,5.3,42,0,1,108.6,14,20,9.4
49,Male,4.5,1.9,1.6,0.5,0.4,3.5,1.7,1.3,1.4,8,4,4,6,2.3,58,0,0,105.7,5,18,0
33,Female,6,2.1,2.2,1.2,1,2.5,1,2.3,2.7,4.8,3,6,9,1.7,23,1,1,98.1,9,0,4.4
26,Male,1.1,1.5,3.3,1.1,2.8,0.6,1.5,1.2,1.5,5.5,6,10,4,4.7,45,1,0,85.4,19,9,11.9
14,Other,3,4.7,4,0.5,0.4,2.5,0.2,1.9,0.4,5.6,6,10,6,0,49,1,0,114.8,14,1,9.1
23,Female,5.8,1.7,2.3,0.3,1,3.5,1.2,3.8,0.1,7.3,1,9,3,4.5,67,0,0,144.2,19,14,12.7
63,Male,6.2,2.3,2.2,0,0,2.2,2.5,1.8,0,4.6,2,4,9,3.3,66,1,0,182,8,18,14.8
51,Female,5.5,2.3,1.5,0.9,2.9,3,2.8,2.4,0,8,2,6,7,3.9,65,1,1,145.8,3,3,0.4
50,Male,5.9,0.6,0.3,1,0.9,1.4,2.5,0.9,0.7,6.5,10,9,7,3.7,48,1,1,99.6,7,20,2.5
46,Other,5.2,1.7,1.4,1.3,1.9,2.3,1.5,1.8,1,7.8,4,9,4,3.3,53,1,0,122.9,12,3,0
50,Other,6,4.8,1.8,1.4,2.2,0.1,2.1,0.5,0.2,8,9,6,6,3.4,29,0,0,119.9,16,11,7
62,Female,6.9,1.2,3,0.8,0.7,2.8,4.3,2.9,0.5,5.6,2,5,8,0.8,39,0,1,116.9,3,20,15.9
46,Male,6.9,1.6,2.5,1,0,2.4,1.1,3,0.2,6.5,8,3,6,1.7,43,1,0,131.1,1,18,21.9
30,Female,4.6,1,2.2,0.6,1.3,0.5,3.9,2.9,0,6.2,1,5,6,6.6,53,0,0,194.5,4,8,11.5
42,Male,7.8,2.9,1.4,1,1.3,3.8,0.3,3,1,6.4,8,3,4,4.3,56,0,0,183.7,1,15,21
27,Male,6.3,5.8,0,1.5,1.4,2.7,0,2.9,1.9,5.8,3,5,8,5.1,32,0,1,229.8,15,14,13.1
39,Female,8.5,2.8,0.1,1.1,1.4,1.2,1.8,0.5,0.7,7.8,5,10,10,2.3,42,0,1,105.3,14,8,10.9
63,Male,8.9,3.1,0.3,1.6,1,2.8,2,1.5,2.3,6.3,1,10,8,3.2,29,1,1,94.2,3,18,5.1
46,Male,3.1,1.8,1.7,1.5,1,0.8,0.6,0,1.4,6.1,1,1,9,4.1,41,0,0,131.5,14,17,0
64,Other,4.3,2.9,3,1.7,1.8,1,1.6,1.9,2.1,7.8,6,6,6,5.4,64,0,1,208.3,4,20,19.8
50,Male,7.6,4.8,3,1.1,0.7,0.8,2.5,1.4,1.2,7.5,3,7,2,2.7,33,1,1,44.8,2,6,9.6
45,Male,2.7,3.2,2.8,0.7,1.4,0.8,0.8,2.4,1.9,6.8,8,2,4,4,44,0,0,155.7,13,15,21.1
36,Other,8.8,6.2,1.5,1.3,0.9,2.5,3.2,5.7,0,6,4,3,4,4.4,37,1,1,133.1,6,14,2.4
27,Male,5.3,4.9,3.1,0.8,1.8,2.1,3.4,3.5,2,8.3,6,10,8,4.9,39,0,1,181.2,14,10,29.4
42,Female,7.2,2.9,1.1,1.3,2.6,2.9,3.5,4.5,1.2,5.2,10,9,5,2.6,74,1,1,171,4,5,8
54,Other,5.8,2.8,2.9,0.7,2.6,0,0.9,3.6,2.3,7.8,9,8,4,5.6,47,0,1,181,8,2,4.5
63,Other,3.2,5.4,0.3,0.6,2.8,1.5,1.1,2.4,0.9,7.3,8,4,8,0.2,27,0,1,174.5,12,13,8.3
29,Female,8.1,3.2,0.8,1.6,1.2,1.5,1.8,2.5,2.9,5,4,8,3,0.7,24,0,1,290.1,6,5,11.4
17,Male,11.5,5.1,3.7,0.5,1.2,2.1,1.7,3.6,1.7,6.6,10,8,2,4,40,1,1,239.2,3,16,9.4
41,Male,5,6,1.8,1.5,0.2,2,1.6,2.8,0.3,4.9,8,6,4,3.9,39,0,0,191.3,6,18,5.9
16,Female,5.4,2.7,1.3,1.3,1.2,2.3,2.9,2.1,2.3,6.1,7,1,1,2.5,76,0,0,125.7,0,17,0
22,Female,0.7,3.5,3.1,1,1.2,2.1,2.7,4.4,0.1,6.8,5,2,1,2.1,63,1,1,131.2,14,19,3.6
29,Female,8.7,4.5,3.2,0.1,0.9,1.4,1,3.1,0.1,5.3,7,4,5,2.1,35,0,1,207.5,14,15,18.6
22,Male,7.8,4.2,1.6,1.7,0.9,1.5,0.6,0.6,2.5,3.7,7,4,1,1.2,77,1,0,209.4,17,2,3
29,Male,2.5,4.1,2.3,0.5,0,1.9,0.5,2.3,1.5,6.3,10,2,4,2.9,39,1,1,107.5,14,5,0
32,Male,1.9,1,2.1,1.5,0.2,2.6,0.9,2.6,1.3,6.8,2,9,8,0,70,0,0,50,2,16,1.6
36,Female,2.1,1.7,0,0.7,1.5,2.1,3,2,0.7,6,7,2,8,5.3,44,0,1,58.4,4,19,9.3
17,Male,7.3,2.3,0.6,0.6,1.6,1.1,2.2,2,2,6.5,3,6,2,3.8,26,1,1,208.6,4,4,3.9
46,Other,7.5,4.8,2.9,1.3,2,1,3.1,2,0.9,6.3,8,5,3,5.6,44,0,1,218,15,20,7.8
18,Female,4.2,1.1,1.2,1.3,1.2,2.6,0,0.2,1.4,5.3,8,4,3,3.3,55,0,1,150.9,9,15,3.6
14,Male,7,5.3,2.5,0.4,1.5,2.9,2.3,0,0.1,8.8,9,6,1,2.9,70,1,1,166.2,12,16,18.1
25,Female,6.3,4.2,2.3,1.7,2.8,3.3,2.3,1.7,1.1,6.9,4,4,3,3.3,29,0,1,239.1,14,15,13.9
55,Male,5.3,4.7,3.2,0.9,1.4,1.4,3.4,2,1.4,6,10,9,8,1.6,59,1,1,250.7,7,20,27.7
55,Female,7.9,1.6,0.6,1,0.9,0,1.5,0.8,1.7,5.5,3,10,6,0.5,35,0,0,184,19,8,6.9
60,Female,3.6,3.1,2.4,0.9,0.3,2.5,1.4,1.2,1.5,6,9,7,5,1,23,1,0,148.9,6,6,7.7
23,Female,8.3,3.4,1.9,0.4,2.3,1.1,3.8,2.2,0.9,6.1,9,3,10,2.1,29,0,1,128.4,13,4,19.5
63,Female,4.5,3.4,1.2,1.4,0,1.9,1.8,3.8,1.5,6.5,2,10,9,1.2,70,0,1,135.9,5,8,13.1
59,Male,9.6,3.4,1.2,1.1,0.7,2.2,2.2,3.8,2.2,7.9,6,4,7,5.7,67,1,0,111.3,7,20,2.5
35,Male,4,2.6,2.2,0.6,1.9,2.7,2.6,3.8,0,5.5,3,1,6,1.6,50,0,0,182.6,14,9,14.5
28,Female,5.3,3.2,2.6,1.5,0,3.1,0,1.2,1,6.7,5,6,5,3.8,31,0,0,143.4,16,20,13.2
43,Male,6.1,4.6,2.1,1,0.9,3.4,2,2.2,1.4,7.5,2,2,5,4.2,39,1,0,109,4,0,0
23,Male,6.1,1.3,2.1,1,1.6,3.6,0.5,4.1,0.3,5.7,4,4,10,5.5,51,1,1,206.5,11,6,4.8
28,Male,7,5.3,1.5,1.9,1.1,2.1,1.9,0.2,2.1,5.7,3,5,9,4.4,21,0,0,177.6,12,20,11.5
20,Female,3.4,4.5,1.6,0.2,0.5,0,1.6,1.9,1.8,4.7,2,8,10,2.7,79,0,0,162.9,2,4,21.6
16,Male,5.9,1.6,1.2,0.2,0.9,1.3,1.4,2.8,2.2,8.5,6,3,6,6.4,30,1,1,142,18,5,15.6
52,Female,6.3,3.6,1.5,0.3,2.3,3.7,2.8,0.3,3.4,7.1,3,6,4,0.5,39,0,0,172.9,14,5,5.5
16,Other,4.9,4.4,2.6,1.2,3.3,2.2,2.1,3.1,1.5,5.8,4,1,4,1.1,42,1,1,132.6,17,14,4.3
37,Male,6.8,1.1,2.7,0.8,1.6,4.6,0.7,4.5,0.9,5.8,6,9,4,3.4,32,0,0,288.5,20,7,16.4
15,Male,3.3,3.1,0.7,0.9,0,1.5,0.7,4.1,2.1,5.3,5,1,6,3.2,54,1,1,264.1,19,0,0
44,Male,5.3,2.9,1.1,0.5,2.1,4.8,3,2.3,0.6,6.7,4,2,1,4.6,36,0,0,109.1,6,9,3.5
15,Female,4.5,2,1.3,1.8,1.1,2,2,3.6,1.7,6.1,4,1,9,3.3,29,0,0,137,13,2,21.3
39,Male,5.4,3.1,1.9,2,0.4,1.5,0.3,0.3,2.2,5.4,2,8,2,3.7,59,0,0,105.1,19,15,12.4
41,Male,8.9,2.1,0.3,1.4,0.7,1.1,1.5,2.9,2,5.6,10,4,2,5,57,0,1,56.2,18,0,3.9
44,Male,8.9,5.1,1.1,0.2,0.7,2.8,1.8,2.1,2.6,7.4,4,2,5,3.3,33,0,1,235.3,10,15,0.4
62,Female,8.5,2.1,0.6,0.8,0.1,0.3,0.5,2.3,0.9,6,8,7,4,4.4,38,0,0,142.5,6,13,16.7
63,Male,5.1,4.2,2.4,1.4,1.4,1.3,1.2,2.6,1.9,5,5,8,3,1.5,51,1,1,95.3,10,4,10.6
31,Female,7.8,0.5,2,1,3.3,1.9,3.1,3,1.3,6.6,10,9,5,1.6,75,0,0,63.4,7,15,8.3
33,Other,6.2,2.8,1.5,1.5,0.4,0,5,0.6,1.5,5.7,10,5,7,4.8,73,1,1,161.1,9,20,13
17,Male,6.1,3,0.9,1.6,3.3,1.9,2.4,1.2,1.5,7.3,8,3,10,3.2,52,0,0,167.9,10,10,11.3
30,Female,5.8,2.7,1.6,2,1.7,4.1,0.4,2.2,1.7,8.3,6,1,2,3.3,76,1,0,170.6,0,17,10.7
40,Male,9.5,2.4,1.4,0.7,1.4,2.5,1.7,0.2,1.2,4.2,10,8,6,1.6,62,1,0,203.5,19,6,0
54,Female,8.7,2,3.6,1,1.2,1.2,2.1,2.7,0,5.7,5,6,4,2.2,44,1,1,194.8,9,7,1.8
34,Female,7.5,4.1,3,0.8,0.7,1.4,2.9,3.6,1.4,6.7,4,5,2,3.6,44,0,0,85.6,6,16,16
33,Female,5.7,4.5,1.3,0,1.8,2.4,3,4.3,1.6,6.4,10,7,1,2.4,33,1,0,95.6,2,13,14.5
18,Male,6.1,2.9,2.2,1.4,2,1.4,3.6,2.6,1.2,8,9,5,8,1.3,64,0,0,198.7,18,16,13.1
13,Male,7.1,1.4,2.9,1.3,0,2.6,2,5,1.6,6.5,10,4,5,1.3,63,0,1,119.1,3,11,5.3
17,Male,5,5.7,1.3,0.7,4,1.4,2,2.5,1.1,6.7,5,5,10,1.7,73,1,1,76.7,5,17,16.1
53,Male,7.9,1.7,0.6,0.2,0,0.8,0,0.9,0.9,7,10,7,2,2.3,57,0,1,81.3,0,0,7
24,Male,4.2,0.8,0.2,0.8,1,3.4,0.8,2.4,2.6,5.7,6,6,8,2.4,80,0,1,196.8,3,6,20.4
38,Male,6.8,0,3.3,1.4,0,2.9,0.4,2.2,3.5,7.1,7,10,3,6.1,55,0,1,196,6,5,4
58,Male,1.4,3.1,1.8,1.7,1.2,0,1,3.2,2.1,7,1,10,7,4.8,43,0,0,156.4,10,14,5.8
46,Male,4.9,2.7,2.3,0.6,1,1.6,0.6,2.9,0.6,6.6,9,9,2,3.6,60,0,1,102.9,5,17,8.8
61,Female,10.2,4.5,1.4,1.6,1,3.3,0.7,2.8,1.4,4.2,8,10,7,6.7,79,1,0,146.9,4,10,16.8
26,Female,8.1,3.9,0.7,1.3,1.8,1.8,3.3,3.8,1.4,5.6,5,2,4,2.8,58,0,1,142,11,16,9.7
38,Male,9.1,3.4,0.9,1.2,1.3,1.3,0,1.9,1.9,6.7,3,7,10,4,58,1,1,128,1,0,10.3
57,Male,4.7,2.6,0.7,0.4,2,1.7,1.8,3.2,1.4,6.4,5,1,1,3.7,32,1,1,184.2,17,1,6.9
39,Male,6.2,4.7,2.8,0.4,0.3,2.1,3,2.9,1.8,7.4,5,8,5,3.9,21,0,1,126,8,6,12.1
21,Other,8.6,5.8,3.5,0.6,1.6,1.8,1.6,2.6,3,7.4,9,4,4,1.5,53,1,0,177,13,9,9.4
38,Male,7.3,4.5,2,0.8,0.9,1.9,3.6,2.4,0,6.9,7,8,8,2.4,79,1,1,166.7,11,13,3.7
59,Female,7,2.3,0.5,1.9,1.1,1.8,1.3,0.8,0.7,7.4,2,8,1,1.4,34,0,1,77.9,8,11,11
34,Other,9.3,4.2,2.5,0.7,1.8,0.8,4.1,2.2,2.2,7.1,5,4,2,3.8,77,0,0,249.7,0,16,11.2
59,Female,3.9,2.4,3.3,1.4,1,0.8,0.1,2.3,1.2,5.9,9,4,5,3,67,1,0,178.8,6,13,28.8
42,Female,5.6,1.3,3,0.8,1.4,0.7,3.6,1.6,1.8,6.5,2,5,10,0,78,1,1,70.4,6,18,5.1
55,Female,2.5,1.7,2,1.2,0.3,2.1,0.9,0.7,1,5.2,8,7,10,4,21,1,0,78.2,9,9,3.3
60,Other,3.8,2.5,1.8,1,2.6,2.7,3.7,1.8,2.8,8.3,3,6,2,3.4,71,0,0,229.2,1,11,12.2
29,Female,8.1,3.2,2,1.1,2.2,0.9,1.4,1.9,2.4,5,4,1,1,6.4,44,0,0,159,3,6,2.1
38,Female,4.2,6.1,3.2,1.2,1.6,0.2,3.3,0.8,1.5,4,2,6,6,4.9,24,0,1,178,7,7,1.4
48,Female,7.5,1.7,2.8,0.9,1.3,1,3.5,0.8,2.9,9,9,3,10,5.2,53,1,1,169.4,13,12,0
13,Female,9.3,5,1.6,1.2,1.4,3.7,1.3,0,1.5,6.4,6,9,4,0.7,71,1,0,204.4,12,5,3.8
20,Female,5.6,2.5,1.6,1.6,2.6,1.6,3.2,2.9,1.3,7.6,9,3,5,5.2,58,0,1,206.6,15,7,4
61,Male,7,0,1.5,0.6,2.2,1.7,2,3.8,2.7,7.4,8,9,3,2.6,24,1,0,106.1,6,4,0
47,Male,7.5,2.2,0.9,1.6,2.6,1,0.2,2.5,0,7.8,9,5,10,1.6,62,0,0,175.2,9,8,8
64,Male,3.6,4.8,3.4,0.9,1.2,2.7,2.6,2,1.4,7.2,5,10,6,0,27,1,1,79.8,10,10,0
27,Male,4.8,3.5,1.2,0.8,2,1.9,0.8,0.7,1.6,7.2,6,8,4,5.6,68,0,0,95.6,10,12,13.9
59,Male,4,3.6,2.5,1.3,2.7,1.1,1.2,0,1,3.7,7,9,6,2.4,33,1,0,134.8,5,0,5.5
34,Male,4.9,5,1.3,0.8,0.6,0.8,0.9,2.5,0.5,5.3,5,9,5,2.8,48,0,1,65,11,6,6.7
26,Female,7.4,1.4,1.5,1.2,0.5,2.5,2.5,3.3,1.1,3.3,1,7,2,3.6,49,0,0,111.1,9,5,14.7
38,Male,4.8,1.4,1.9,1.1,1.8,2.3,0.8,1.4,0,5.5,9,10,4,6.7,56,0,1,41.4,8,7,13
40,Female,5.9,0,2.5,0,0.3,0.5,0.5,3.9,2.8,5.9,2,1,2,2.5,23,1,1,149,5,1,5
35,Male,3.9,4.3,1.7,1.2,0,3.5,0.7,1.6,2.8,6.4,7,8,5,3,54,1,0,232.1,8,16,13.6
26,Male,8.5,3.8,0.9,0.3,2.7,1.2,1.1,3.9,1.3,5.4,8,7,3,4.9,26,0,0,151.6,2,16,22.4
36,Female,4.9,4.1,2,0.3,2.8,0,2.6,1.5,0.9,6.1,8,4,6,2.4,45,1,0,151.7,6,17,1.9
14,Female,9,1.2,1.2,1.2,0.3,3.8,3.1,0,0,5.9,1,6,5,1.3,51,1,0,132,2,20,16
57,Male,6.1,0.6,3.5,1.3,0.1,1.9,3.1,3.3,0.5,6.9,10,10,2,0,62,1,0,198.8,19,6,1.1
38,Female,3.2,1,1.7,1.6,0.8,2.5,2,1.3,2.7,7.4,7,2,10,5.7,52,0,1,147.4,7,14,19.4
26,Female,5.7,1.6,1.3,0.5,2.8,4,1.9,0.5,1.2,6.8,9,4,8,3.5,73,0,1,95,7,12,4.3
63,Male,3.9,5.3,4,0.6,1.1,0.8,1.8,3.1,0.7,7.3,3,8,6,4.1,43,0,0,158.5,12,19,4
19,Male,7.2,4.5,2.7,1.2,1.6,2.6,2.5,1.3,1.2,6.7,8,4,9,2,69,0,1,227.6,1,13,19.2
15,Other,5.5,2.3,1.1,1.6,1.8,3.4,3.3,0.7,0.7,7.9,8,10,3,4.4,73,1,0,78.6,13,14,15.8
59,Female,6.3,3.4,1.2,1.1,1.7,0.9,1.8,4.2,0,8.7,9,4,4,1.8,78,0,1,103,4,2,4.6
35,Female,5.3,2,2.5,0.6,3,3.8,2.6,2.2,0.9,3.6,8,4,8,3.3,20,0,0,144.8,12,5,11
58,Female,4.9,3.5,2,1.8,0.8,0.3,0.5,0.6,0.2,7.9,5,10,7,3.2,48,0,0,132.5,12,8,4.3
55,Male,4.1,1.3,2.9,0.9,1.4,1.9,3,1.9,1.6,5,5,9,8,5.3,67,0,1,171,18,13,0
59,Male,7.7,4.1,1.3,0.9,1.7,0.7,2.3,5.3,2.1,6.7,3,2,9,4.3,64,1,0,100.9,2,15,11.5
57,Male,5.7,1.7,2.7,0.3,1.5,2.8,0.8,2.6,0.5,6.8,6,7,8,1.7,57,1,1,123.5,13,16,7.1
30,Female,5.4,4.2,0,1.4,0.3,0.8,3.3,1.7,1.4,7.2,10,3,8,4.2,57,0,0,152.6,3,11,2.4
50,Female,5.6,2.4,1.8,1.4,0,1.3,0.5,3.2,1.2,6.4,3,4,6,2.3,40,1,0,154.3,9,3,20.4
47,Female,4.6,1.8,1.4,0.6,0,0.9,0,1.9,0.5,6.5,2,1,2,1.4,42,0,1,280.2,5,4,2.7
63,Male,5.4,5.4,1.5,1.9,2.2,0.6,3,1.8,0,6.9,7,3,7,4.1,65,1,1,189.2,5,10,11.2
27,Male,6.4,3.3,1.9,0.7,0.7,1.1,2.5,1.6,0.2,6.1,10,2,4,3.4,24,0,0,73,1,10,18.6
37,Female,3.9,2.5,3.1,1.3,2,1.9,0.5,3.6,0.4,4.2,3,10,3,0.6,49,0,0,99.2,1,7,8
49,Female,4.2,4.1,0.8,1.1,1.6,1.9,2.4,2.8,1.3,6.5,4,7,4,2,59,1,1,81.9,18,17,4.1
40,Female,8.8,1,0,0,0.5,1.7,3.4,4.3,1.4,5.6,10,6,4,4.5,37,1,1,230.7,2,5,12.4
22,Male,5.3,4.7,1,1.3,0.6,1.2,2.3,2.9,2.4,5.5,8,1,3,3.8,25,0,1,96.5,19,6,13.6
51,Female,4.9,2.8,3,1.2,1.6,1.6,4.9,4.5,0.2,5.4,1,8,9,3.9,24,1,1,179.4,3,5,17
29,Male,3.3,3.9,0.4,0.1,1.6,0.1,1,3.3,0.4,4.1,9,9,3,6.7,61,1,1,174.4,3,13,25
51,Other,7.7,0.7,1.4,1.8,2,1.2,0,2.2,0.6,6,6,1,2,5,37,0,0,76.7,10,19,6.3
34,Male,3.9,2.4,2.8,1.2,1,1.7,0.3,2.3,1,6.5,2,5,1,2.8,78,0,1,129.1,2,5,11.6
38,Female,6,3,1.9,1.6,0.7,2.4,0,4.9,1.4,7.4,3,7,1,2.2,32,0,1,136.8,16,3,0
56,Male,2.6,4.5,3.1,0.1,1.6,2.2,4.6,4.2,1.6,5.8,5,2,5,1.6,74,1,1,71,8,12,15.3
37,Other,7.6,4,0,0.8,2.9,0.5,2,4.5,0,8.4,6,6,5,2.1,39,1,0,239.2,13,16,11.5
29,Female,8.4,2.4,1.7,1.6,0,2.5,4.3,1.2,2.4,7.2,9,8,9,0,57,0,1,158.5,1,11,8.6
25,Male,7,3.5,3.3,0.2,0.7,2.1,1.6,0.1,1.7,5.2,2,8,4,0.6,40,1,1,229.7,13,8,5.1
32,Male,2.9,4.9,0.9,0.8,2.1,3.7,0.9,1.4,2.1,5.9,5,10,5,4.3,23,1,1,260.4,2,19,7.2
37,Male,7.7,2.7,3,1.2,1.7,0.2,0,2.7,0,8.9,7,10,6,6.1,32,0,0,158,1,2,11.9
16,Male,4.3,2.5,1.8,0.1,2.1,1.8,1.5,1.7,2,7.4,7,8,10,3.1,37,0,1,168.7,0,10,2.3
22,Other,3.7,0.2,2.4,0.3,1.1,3.2,3,2.5,0.2,5.9,4,6,7,1.6,32,0,1,110.6,3,4,7.5
15,Male,5.2,2.6,3.3,1.7,0,1.6,1.7,1.9,0.7,7.6,3,6,9,0,32,0,1,216.7,9,2,10.1
53,Female,5.2,0.4,2.4,1,3.2,0.9,0.1,0.2,2.6,5,8,3,6,6.4,58,1,1,147.6,14,16,0
57,Female,5,2.8,1.4,1.6,2.6,1,2.8,3.1,1.9,5.8,2,2,1,0.3,56,0,1,128.8,20,8,1.6
30,Female,8.5,4.5,2.6,1.1,1.5,2.9,3,2.5,0.5,3.7,5,5,8,0.1,80,0,0,111.6,11,5,4.7
59,Male,10,0,1.3,2.2,0.7,0.1,1.4,4.2,2,7.2,10,9,2,2.4,54,1,0,153.7,5,17,22.5
48,Male,3.3,4.9,2.3,1.2,1,1.6,1.2,2.7,1.6,5.1,5,4,9,2.9,57,0,0,181.1,20,5,3.4
59,Female,4.6,2.5,0.7,1.6,1.7,0.9,0,3.5,0.8,6.4,1,5,7,3,59,0,1,160.2,2,5,9.6
34,Other,6.3,3,2,0.9,1.2,1,2.8,1.4,1.7,4.6,7,6,7,1.3,46,0,0,173.1,2,9,1.7
46,Male,5.2,2.2,3.2,1.1,1.5,2.5,1.4,3,0.8,6.7,4,6,10,3.8,77,0,1,139.2,18,10,3.8
59,Male,6.8,0.4,1.7,1.3,3.1,1.5,0,3.6,1.6,6.4,10,4,10,2,45,1,1,175.2,19,13,0
20,Female,7.8,1.8,3.1,1.4,2.4,2.3,0.2,3.2,1.6,4.7,2,4,5,2,31,0,1,173.7,3,11,15.4
52,Other,7.5,6.1,5.1,1,0.3,0.5,2.7,2.2,1.7,5.9,8,8,8,2.4,21,1,1,210.7,18,19,0
61,Male,7.2,1.4,2,1,1.6,3,1.6,3,3.1,6.7,4,5,10,1.6,62,0,1,190.3,13,17,17.3
56,Male,9.3,0.6,2.6,1.3,1,2.3,0.6,3.3,2.1,7,1,5,1,0.5,77,0,1,157.7,3,14,13.7
31,Female,2.8,3.2,2.5,1.3,1.8,3.5,2.1,4.1,2.2,8.4,8,9,3,0.6,79,0,0,170.7,7,9,9.4
54,Male,9,2.9,2.2,0.5,1.4,1.5,1,1.8,0.7,8,7,4,9,0.8,39,1,0,92.4,18,0,17.5
53,Male,5.2,2.5,2.8,1.1,4.5,2.5,1.2,1,0,5.7,3,7,1,3.9,54,0,0,213.9,18,14,34.8
49,Female,7.6,3,1.8,1.2,1.9,2.9,1.7,1.4,1,5.7,3,5,8,3.8,74,0,0,137.5,0,1,13.8
18,Other,3.9,4,1.3,0.5,1.4,2.5,4,2.7,0.7,4.8,7,9,6,2.5,29,1,1,143.8,14,19,1
64,Male,4.2,2.1,0.5,1.5,3.3,4,4,2.5,1.8,5.3,2,8,10,2.6,27,0,0,126.1,10,1,21.9
38,Female,7.3,3.3,1.7,1.2,1.7,0,0,3.3,1,7.5,5,8,5,5.3,59,0,1,105.7,8,3,11.5
46,Female,2.1,4.5,2.9,2.2,0,2.2,1.9,3.6,2.5,4.6,7,10,6,4,65,0,0,109.1,2,13,26.9
57,Female,8,1.5,1.1,1,1.4,1.5,0.3,0,0,6.3,6,10,5,6.1,55,1,1,96.1,17,18,6
18,Female,8.5,0,2.2,1.6,2.1,1.4,0.7,1.9,0.9,6.1,10,3,9,1.8,50,1,0,138,18,13,20.3
49,Female,6.4,4,1.9,1.3,2,3.8,0,2.8,1.6,5.6,7,9,2,0.7,34,0,0,191.7,15,12,10
45,Male,6.3,6.8,1.4,2,2.5,1.3,1,3.9,0.2,4.9,2,8,10,5,61,0,0,148.9,15,0,31.3
34,Female,4.3,3,0.1,0.5,1.7,3,0.6,2.4,2.1,4.2,7,3,6,3,37,0,1,183.2,2,9,7.7
33,Female,7.3,3.3,3.4,0.8,1.6,0.7,3.2,4.3,2.1,4.9,2,10,4,1.4,73,1,0,174.1,17,13,34
18,Female,6.7,2.6,2.5,0.5,0.1,3.2,1,3.2,0.8,6.4,7,1,3,4,34,0,1,127.6,12,16,13.5
18,Female,4.2,5.4,4.7,1,3,2,0,3,3.8,7.2,8,5,5,1.6,38,0,1,211.9,19,15,16.8
60,Male,5.2,2.9,3.1,0.4,1.2,1.7,2,2.4,0.1,8.4,10,4,2,4.4,43,1,0,200,7,14,23.6
16,Female,5.7,2.7,3.3,0.2,0.5,0.2,1.8,2.5,0,6.9,8,8,3,4,54,0,0,191.1,6,10,3.7
42,Female,5.2,4.4,0.3,0,4.1,1.7,1.7,2.9,0.7,7.2,5,6,7,2.5,21,0,1,170.8,18,11,17.8
23,Male,3.3,2.3,0.2,0,3.2,1.2,2.7,2.2,1.4,8.4,7,10,1,0,32,1,0,133,19,0,7.7
42,Female,7.4,1.1,2,1.3,1.1,4.1,3.5,3.9,0,6.9,8,5,2,1.2,64,1,1,132.9,11,2,11.2
43,Male,5.5,4.3,0.9,0.8,0,2.1,1.7,3.6,1.8,7.7,4,9,3,6,76,0,0,148.5,17,10,10.7
36,Male,6,2.1,1.3,0.4,0.8,1.3,2.3,4.1,3.7,6,2,6,10,6.5,28,0,1,218.9,14,20,14.6
21,Male,4.8,1.5,4.5,0.7,3.1,1.2,1.7,1.1,0,7.4,7,3,7,8.2,76,0,1,205.9,11,10,14.2
15,Male,7,6.2,3.2,0.7,1.7,0.4,2.6,1.1,1.4,6.8,1,6,4,3.8,54,0,1,77.9,5,4,5.4
63,Male,6.4,2.7,1.1,0.5,0.2,3.8,0.2,3.1,2.2,6.2,2,4,8,0.8,21,1,0,163,16,14,11
43,Female,8.4,3.7,0,1.8,2.3,3.5,2.7,2.4,2,8.4,10,5,8,5.7,65,1,1,25.6,3,19,0
52,Male,7,3,1,1.7,1.3,1.9,2.3,2.8,3.4,5.1,7,6,1,2.5,35,1,1,127.9,11,15,17.9
49,Female,5.6,1.7,1.4,1.8,0.9,4.6,0.8,1,0.7,5.5,10,9,5,1.6,65,0,1,116.1,16,2,23.6
48,Female,4.5,4,1.7,1.1,0.9,2,4.7,0.6,3.2,7.9,1,3,1,3.7,55,0,1,177.8,20,7,11.5
36,Female,7.7,3.5,0.7,1.1,2.8,3.3,0.4,2.8,1.1,7.7,7,1,7,6.8,21,0,1,95.6,4,15,0
43,Female,5.4,2,3.1,0.7,2,2.7,2.4,1.5,0.7,6.5,5,2,4,2.8,35,0,1,73.6,5,15,15.9
18,Male,5.7,3.6,1.3,0.6,0,1.3,0.9,3.4,3.1,6.9,3,8,8,3,27,0,1,125.1,14,3,3.9
14,Female,5.7,2.2,2.6,1,1.9,2.2,2.7,1.7,0.8,7.1,2,4,8,0,77,0,0,149.6,7,14,11.5
32,Male,5.2,1.3,2.1,1.3,1.6,2.4,4.4,1.3,2.3,6.9,7,7,9,3.2,20,0,0,63.1,19,18,15.5
40,Female,5.7,1.2,2.9,1.6,1.1,0.4,2.9,0,0.7,6.8,9,2,6,4.3,37,0,1,206.9,15,14,14.4
23,Other,9.9,3.4,1.8,0.7,1.1,2.3,1.9,4.1,0,5.5,9,10,7,2.8,73,0,0,139.9,12,12,18.6
16,Male,3.9,2.4,1.1,0.4,0.6,3.4,3.1,3.4,0,8,10,8,7,3,60,0,1,151.3,14,9,11.2
27,Male,4.4,5.3,1.4,1.4,0.8,1.2,1.3,0.6,1.9,6.3,10,10,5,3.5,45,0,1,205.1,19,1,11.4
18,Female,8.8,2.9,1.4,0.1,1.8,1.7,2.6,0,0.1,5.3,8,9,7,0.9,63,0,0,113.4,12,5,15.9
61,Female,5.3,1.8,4.1,1,1.2,0.7,2.1,1.7,1,6.7,2,7,9,0,24,0,0,224.1,14,16,9.4
42,Female,5.1,3.2,2.1,1,2,1.4,0.5,3.7,0.6,6.9,1,10,4,2.8,40,1,0,150.3,1,7,4.5
50,Male,8.1,1.1,2,0.8,0.7,1.5,4.1,1.8,0.3,7,8,1,2,2.5,54,0,1,189.6,20,15,13.6
63,Female,3.2,2.9,2.9,0.2,2.2,3.9,3.5,2.2,0.4,7.7,2,2,8,4.1,59,1,0,172.2,19,20,1
14,Male,7.6,3.5,2,0.8,2.8,1.6,1,3.8,1.4,6,4,9,7,7.8,47,1,0,184.3,17,12,9.4
27,Female,6.1,3.3,3.1,1.8,1.5,1.4,3.2,1.2,0,6.4,4,10,6,5.6,73,0,1,153.8,6,11,0
23,Other,6.9,5,1.6,1.3,2,1.9,0.6,1.6,2,5.5,2,7,7,0,45,0,0,126.6,20,15,5.6
20,Female,6.9,6.9,1.5,1.6,2.1,0,2.6,2.8,0,6.8,4,3,3,8,51,0,1,246.9,8,6,5.9
38,Female,4.7,4,1,0.4,1,0,2.1,2.1,0,5.5,7,5,6,4.3,79,0,1,149,6,9,2.1
63,Male,8.1,4.8,3.9,1.1,2.1,0.3,4,1.4,0,5.8,6,1,10,2.5,67,0,0,95.1,8,5,18.8
57,Female,4.9,6.8,1.9,1,0,2.4,2.4,3.4,1.5,7.7,10,10,7,6,69,1,0,223.4,11,4,18.1
56,Female,6.8,1.5,0.8,1.1,0,2,0.1,3.2,2.7,6.7,6,3,7,0,63,0,0,134.5,9,17,20.5
17,Male,8.5,3.2,2.2,1.3,1.2,3,3.2,3.6,1.1,8.2,4,4,5,1.9,63,1,0,63.8,9,15,8.5
18,Female,8.8,2.3,1.3,1.1,2.1,0.2,1.5,2.3,1.6,7.9,2,4,3,3.4,40,1,0,108.8,12,2,6.5
38,Male,5.5,4.3,1.6,0.4,1.4,1.8,1.4,0.2,1.7,6.8,5,7,2,3.1,23,0,1,52.1,4,2,16.4
16,Female,6.9,3.4,2.3,1.3,2.2,0.1,2,2.5,1.9,6.9,3,5,7,6,78,0,1,111.1,7,4,11
31,Female,5.3,1.8,3.5,1.4,0.3,2.3,1.3,1,0.2,6.2,3,9,4,5.4,61,0,1,237.9,9,1,11
32,Female,11,3,2.1,1.7,2.4,0.3,4.2,0,2.8,7.8,4,7,2,4.4,60,0,0,172.9,5,0,0
45,Male,7.6,4.6,1.3,1.7,3.1,1.7,3,2.1,0.9,6.9,5,2,8,2.4,55,0,0,149.8,10,3,16.1
32,Female,6.2,1,1.5,1.2,0.8,2.2,0.6,2.6,1.5,7.6,2,8,2,4.9,43,1,0,121.1,3,9,15
61,Female,6.6,1.8,2.7,0.4,2.3,1.5,1.1,4.6,1.1,5.7,6,2,6,1.8,52,0,0,143.1,1,12,10
24,Other,6.8,1.6,0,0.2,1.5,0,0.4,0.9,0.8,4.9,6,7,4,4.5,24,0,1,205.7,5,2,16.5
59,Male,6.9,3.5,1,0.9,1.9,4,3.2,3.4,2.1,7.1,8,5,9,1.5,76,1,0,58.6,12,10,14.8
13,Male,5.5,4.9,2.2,1.5,3.1,1.4,1.9,0.4,1.8,7.3,2,10,5,3.6,22,0,0,297,11,2,4.4
38,Female,5.2,0,0.3,1.4,1.8,0.1,0.8,4.2,0,6.6,8,6,4,0.1,30,0,1,105.9,13,9,8.2
26,Male,5.7,3.1,1.7,1.1,2.3,2.9,3.9,1.6,1.6,7.2,8,4,8,5.1,64,0,1,137.5,7,8,1.9
50,Female,3.7,1.6,1.5,1,0.2,3,2.6,2.1,3.3,5.5,4,5,3,2.1,51,0,1,142,2,9,21.7
49,Female,7.4,4.5,2.9,2,2.2,1.6,2.2,2.1,1.4,7.6,7,5,9,0.3,41,1,0,140.7,4,12,17.8
23,Female,4.4,2.6,1.7,1.3,3.1,3.8,2.2,3.5,0.7,7.9,7,7,8,1.1,30,1,0,116.4,6,17,3.5
48,Female,3.9,3.2,3.2,1,0.6,1.1,0.4,0.6,0.8,7.7,1,4,8,2.4,77,0,0,193.7,17,20,15
25,Female,6,3,2.1,0.7,1.2,2.2,2.7,2.3,0.6,6.6,1,5,10,1.2,57,0,0,207,5,17,12.2
55,Male,5.7,4.7,3.8,0.5,2.2,2.6,1.5,1.7,0.1,7.9,8,4,5,4.4,78,0,1,197.8,17,16,4.5
15,Male,6.5,6.1,0.6,0.4,1.9,3.8,3,5.4,1,5.1,1,4,1,2.4,41,1,1,154.5,7,16,11
45,Male,4.9,1.3,3.6,0.5,0.1,0,2.8,1.1,1,7.2,3,8,10,4.9,23,1,1,120.5,6,4,16.9
18,Male,5.2,1.6,1.6,1.1,1.7,4.8,1.9,0,1.8,7.4,6,5,9,2.4,58,0,0,140.7,1,8,17.5
62,Female,7.4,3.5,3.5,1,1.2,3.4,1.8,4.7,0.7,7.1,8,9,2,4.4,22,0,0,145.7,3,11,28.7
22,Female,7.3,1.8,3.2,0.8,0.5,2.5,4,3.1,3.2,5.4,5,5,1,3,73,1,1,101,8,11,10.8
17,Female,7.2,4.4,0,1.4,2.9,1,0.4,1.5,0.3,6.8,5,8,6,2.5,29,0,0,158.9,15,18,8.1
35,Female,6.1,4.6,2.5,1.9,1.5,0.9,1.3,2.5,1.3,6.2,4,3,1,0.9,56,1,1,240,18,6,14.5
22,Other,6.3,2.2,3,0.6,2.5,2.3,3.4,1.5,0.5,4.2,4,7,10,3.1,38,1,1,141.5,9,19,8.5
56,Female,6.5,1.9,3.3,0.7,0.3,2.6,3.8,0,0.7,5.1,7,1,10,4.5,37,0,1,175,7,11,5.3
14,Female,4.7,2.6,0.8,0,2.1,2.4,1.8,2.3,0.9,7.9,6,5,10,1.6,47,1,1,117.2,15,8,2.6
25,Female,8.9,3.2,2.6,1,2.6,2.2,1.2,2.3,1.4,6,8,2,7,3,50,0,0,194.3,7,7,0
52,Male,8.7,3.5,2.2,0.9,1.3,2.5,1.2,2.9,2,7.8,6,8,7,1.9,36,1,1,117.1,19,18,15.9
14,Male,7.6,0,2.4,1.4,1,0,0.3,1.2,0.7,7.9,10,6,1,6.9,43,0,0,129.3,3,20,0
32,Male,5.1,1.5,3,1,0.2,1.7,4.4,1.5,0,7.2,7,5,10,3.6,20,0,0,175.9,19,2,3
13,Other,7.1,2.4,3.2,0.7,0.6,0.3,1.8,2,2.6,5.8,10,3,5,3.2,24,0,0,100.5,12,10,12.3
49,Female,8,1.8,1.3,1.1,1,2,2.6,1.2,0.2,7.6,10,1,3,2,51,1,0,171.6,9,11,7.4
21,Male,3.6,0,2.3,1.3,0.5,3.6,2.6,4,1,6.8,5,10,2,4.8,72,0,0,202.6,8,16,27.2
29,Female,9.4,0.2,2,0.2,0.7,0.9,3.8,3.6,1.3,6.6,6,10,5,3,36,0,0,158.1,11,6,0
21,Female,2.5,1,1.8,1.5,1.7,1.1,1.5,1.8,1.1,5.4,1,10,5,2.9,76,0,1,193.4,14,2,27.9
23,Male,7.4,2.8,1.9,1.7,1.8,1,1.6,3.2,0,5.9,3,10,2,2.9,40,0,1,85.4,0,6,21
27,Male,8.9,2.3,2.2,1.3,2.6,1.1,3,0.9,2.1,5.4,8,8,6,0.8,60,1,1,172.4,11,6,17.3
36,Female,5.8,2.1,1.4,0.5,0.7,2.7,0,1.9,0,7.7,3,5,7,6,62,0,0,127.2,13,13,21.5
50,Male,5.7,4.2,2.9,0.8,1.5,2.9,3.8,4.4,2.2,8.3,1,9,1,4.8,41,1,0,169.3,1,1,13.2
47,Male,7.3,4.2,3.3,1.6,1.1,3.8,4.1,3.3,2.4,7.6,3,7,3,3,58,1,0,229.1,2,15,0
42,Female,9.7,3.2,1.2,0.5,1,0.8,2.3,2.9,2.1,6.7,4,1,4,2.8,58,1,1,0.8,5,20,14.1
43,Female,5.4,3.2,3.3,1.3,1.2,2.8,0.9,2,0.9,6.1,8,1,2,1.2,53,1,1,119,18,9,0
61,Female,4.4,1.7,1.2,1,1.3,3,3,2.4,1.3,7.1,9,7,10,0,33,0,0,35.5,20,13,5.8
17,Male,5.2,1.9,2.9,1.1,1.8,4,1.8,0.6,0.5,6,4,7,5,1.2,35,0,1,88.4,12,6,9.4
56,Male,2.9,0.4,3.3,0.6,1.2,0.9,2.2,2.1,1.3,6.5,7,9,4,5.3,24,1,1,126.2,19,1,2.7
62,Female,7.8,2.6,1.9,1.2,2.7,0,2.3,3,1.8,5.5,1,2,2,2.2,37,1,0,193,20,9,17.6
26,Female,5,4.2,1.2,1.1,0,1.7,1.2,2.5,0.1,7.3,9,7,1,5.2,23,0,0,190.4,7,1,8.3
23,Female,5.6,5,1.4,0.2,2.6,5.4,2.4,2.5,1.1,7.3,4,2,8,2.9,63,1,1,188.9,3,12,13.3
21,Male,7.8,2.6,2.4,1,1.1,0.7,0.2,1.6,0.7,7.6,9,10,2,1.3,70,1,1,178,18,1,9.9
46,Female,5.2,3.7,4,1.3,1.3,2.6,0,1.3,2.4,7.2,3,10,4,1.5,47,1,0,82.9,6,9,11
24,Male,7.5,0,0.3,0.8,1.5,0,2.4,1.2,0.3,7.1,5,2,10,3.5,64,1,0,190.1,6,13,2.9
47,Male,3.9,2.4,2.1,0,2.2,4.2,3.3,2.2,1.8,5.2,1,5,5,0,46,1,1,116.1,0,16,0.6
47,Male,7.9,2.3,1.9,0.9,0.6,0,1.4,3.5,1.1,5.2,3,9,2,1.5,25,1,0,172.4,18,18,8.8
13,Male,6.7,5.2,1.5,1.7,0.8,0,1.3,1.4,1.1,6.9,5,9,10,2.1,30,0,1,104.1,16,11,2.3
52,Female,5.8,3.6,1.9,0.8,2,2.1,2.8,2.6,1.9,7.8,6,10,9,4.6,66,1,0,141,7,16,21.1
34,Female,6.3,3.7,1.5,1.7,0,2.1,2,2.5,0.8,6.2,8,1,2,3.6,40,0,0,146.6,20,5,0
41,Male,3.4,3.7,3.2,0.6,1.5,3.7,1.3,3.7,1.3,6.5,1,7,6,3.4,36,0,0,167.3,14,3,28.7
20,Female,6.2,3.1,3.3,0.4,0.7,3,2.4,2.5,2.3,6.5,3,10,7,3.9,50,1,1,108,19,1,12.4
23,Male,5.7,5.3,2.1,1,0.5,0,2,0.6,0.4,4.3,1,10,6,5.1,53,1,1,183.1,18,14,10.6
53,Female,3.5,0,1.9,0.6,0,1.8,0.5,5.3,1.5,6.8,5,3,4,3.1,32,1,1,84.3,6,15,5.7
49,Other,4.7,3.2,1.5,1.2,2.3,1.2,1.9,3.8,2.1,5.8,8,10,1,0.9,42,0,0,235,12,11,15.3
26,Male,5.7,4.7,2.1,0.8,1.7,0.4,2.2,3.1,1.7,7.2,4,10,2,3.4,76,0,1,112.4,0,6,8.4
42,Female,4.8,0.2,3.8,1.7,0.8,2.5,1.4,1.8,2.5,6.5,9,1,10,1.3,20,0,1,52.1,6,12,12.4
47,Male,1.2,4.3,1.9,0.8,1.3,3.3,3.1,2.1,1.1,6.3,6,2,10,0,23,0,0,146.4,4,0,16.7
33,Male,8.2,1.9,1.2,1,0.4,1,2.6,0.7,1.9,6.3,6,6,6,3.4,49,1,1,129.4,17,18,15.4
49,Male,5.7,3.2,1.6,1.3,1,1.6,1.7,2.1,2.3,6.1,5,10,8,4,50,0,1,104.1,7,12,19.9
17,Female,1.5,1.8,2.8,1.5,1.3,1.7,2.2,2.7,0,4.9,10,2,3,3.7,66,0,1,217.3,14,0,14.3
31,Female,10.3,4.4,1.3,1.7,1.6,1.2,1.5,2.5,0.8,7.6,5,2,7,4,35,0,1,187.7,17,1,2.4
26,Male,8.5,2.6,2,0.9,1.9,1.5,1.7,4.8,1.6,5.7,7,4,9,5.2,62,1,1,173.1,5,0,0
38,Female,5.3,4.3,2.5,0.8,0,1.2,1.8,3.4,2.1,5.9,8,3,4,1.1,22,0,1,102.2,4,11,11.7
16,Female,4.3,3.7,1.4,0,1.9,2.1,0,3.8,1.4,6.6,7,8,7,2.2,31,1,0,123.5,10,9,11.8
37,Female,6.8,1.8,0.2,2,0,1.3,2,3.2,2.6,5.2,1,8,7,0.4,31,0,1,119.4,7,1,25.4
57,Female,6.4,3.8,0.9,1.2,1.9,2.5,2.4,2.7,0.7,5.9,1,6,10,3.9,30,0,0,58.7,8,0,9.1
54,Female,7.1,2,1.1,1.4,1.3,1.3,5,3.1,0,8.8,10,4,9,5.5,35,1,1,163.6,12,4,13
37,Male,4.3,3.1,1.8,1.3,2.6,2.8,2.5,0,2,6.9,6,7,3,1.9,48,0,1,167.2,2,1,16.2
30,Male,8.2,2.5,2,1,0.8,1.3,1.2,2.2,1.1,5.5,3,9,1,4.4,72,0,1,156.1,2,3,14.1
52,Other,5.1,4.3,2.8,1.2,2.3,2.7,0,0.7,0.4,4,9,2,8,1.5,40,1,1,161.4,6,13,16.8
20,Male,7.4,3.8,0.8,0.7,0.3,1,0.7,1,2.9,7.7,7,6,4,4.3,64,1,0,93.4,2,8,3.5
51,Other,4.4,3,2.7,0.8,1.6,3.1,1.4,4.1,1.9,5.3,2,7,2,0,63,1,1,105.3,10,5,2.2
52,Female,11.3,2,1.6,0.5,0,0,1.4,1.1,1.9,5.8,3,1,5,6,61,1,0,134.2,13,11,7.8
26,Male,7.4,1.1,0.2,1.8,2.4,2,1.7,0.8,2.8,6,8,6,4,0.8,77,0,0,219.2,20,11,0
44,Male,11.8,3.2,2,1.3,3.2,1.3,1.5,3,0.8,5.4,1,8,1,3.3,62,0,1,208.1,9,8,9.7
63,Male,7.7,2.1,3.3,2,0.8,1.9,1.7,2.4,2.6,6.4,5,7,7,5.8,69,0,1,175.8,19,14,4.7
50,Other,4.9,0.2,2.9,2.1,1.6,0.6,1.5,3.1,1.6,5.8,10,2,4,0.7,24,1,0,250.7,8,9,12.6
45,Male,7.7,1,1.9,0.3,1.9,1.8,2,4.8,0.6,7.2,1,2,8,6.5,71,1,0,175.5,11,1,7.9
35,Male,7.8,5.4,3.1,1.5,0,0.7,0.9,3.2,1.2,6.7,9,4,9,7.2,32,0,0,181.8,7,17,1.9
27,Male,6.7,2,2.2,0.3,0.8,1.7,0.5,0.5,1.4,8.2,7,5,8,4.4,36,0,1,224,11,6,20.5
45,Male,7.3,4.6,3,1.1,0.7,1.6,1.7,3.7,2.3,8.2,5,5,1,3,31,0,1,184.8,8,8,10.7
37,Female,7.5,2.5,0.3,1.2,3.9,2.4,2.5,2.2,0,5.4,6,2,8,2.6,36,1,0,232.4,17,19,16.9
29,Male,4,4.9,0.8,0.4,2.5,2.1,0.7,2.7,0,6.1,3,7,5,4.1,20,0,1,151.4,16,20,11.5
45,Female,3.9,4.8,2.7,0.6,1.3,4.3,1.3,0.4,0.4,9.1,3,8,1,4.5,27,1,0,118,10,20,13.7
59,Male,4.4,1.8,3.5,1.2,2.3,1.4,1.8,3.2,1.1,5.1,7,2,9,0,35,1,1,145.2,20,17,0
14,Male,6.3,0,2.4,1.1,1.7,1.8,1.8,0.8,1.9,7.5,7,4,9,2.4,34,1,0,161.9,1,2,20.2
26,Female,5.6,0.1,1.5,0.5,2.1,5.8,2.9,3.2,0.7,7.2,7,3,7,1.8,38,0,1,104.8,20,12,17
52,Male,4,1.8,1.1,0.7,0.4,1.7,3.1,1.6,1.6,5.5,2,4,7,1.5,44,1,0,114.4,18,9,9.8
52,Other,7.6,5.8,1.7,0.3,2.9,3.1,2.3,3.4,2.8,5.5,2,5,1,1.6,50,1,1,128.9,13,16,12.3
63,Female,6.6,2.4,3.2,0.4,0.7,2.7,3.5,0.8,0,8.7,5,6,9,0.4,61,0,1,95.1,2,2,18
51,Male,6.3,3.2,1.7,0.8,0.8,4.8,1.6,0.5,1.1,8.7,4,2,1,6.1,21,0,0,120.6,5,20,7
63,Female,5.5,5,3,1.5,2.1,0.3,3,1.8,3.6,7,7,10,7,1.8,76,1,0,186.7,3,8,0
18,Male,5.2,3.2,2.7,1.6,1.8,0.1,1.3,2.8,0.5,4.8,3,6,9,2.7,78,1,0,189.7,11,16,7.2
18,Male,4.3,3.1,3.7,1.9,1.5,0.7,2.4,1,0.4,8,5,9,9,2.4,44,0,1,79.9,1,15,11.2
15,Other,7.9,3.9,2.2,1.2,2.3,2.2,2.8,2.8,1.7,4.8,2,8,5,1.9,50,0,0,165.5,5,5,9.7
19,Female,4.6,3.4,2,1.1,0.3,0.8,2.1,3.6,0.7,7.4,1,1,6,3.8,23,0,1,146.5,4,17,20.5
63,Other,6.4,2.9,3.1,1.2,3.3,0,0.8,0.8,2.3,4.6,9,9,2,2.4,23,1,1,202.6,4,5,2.3
20,Female,9.3,1.9,1.1,1.2,1,0.9,0,2.8,3.7,6.5,4,10,2,4.2,71,1,0,136.5,7,5,3.3
54,Female,5.3,3.1,1.6,0.2,1.4,2.4,2.7,3.2,1.3,7.6,8,2,10,6.1,31,0,0,88,4,16,1.5
64,Male,7.9,4.6,0.3,1.9,3.4,0.9,1.7,2.2,3.9,3.1,7,1,9,0.8,36,0,1,125.7,7,20,13.4
27,Male,7.1,5.7,0.7,0,0.8,3.4,1.8,2.4,0.7,5.9,1,6,1,3.6,40,1,0,90.1,0,9,0
59,Female,6.6,3.4,3.9,1.6,2.5,0.6,3.8,0.7,1,6.7,10,1,10,3.6,48,1,0,37.2,19,1,16
41,Male,6.9,4.1,2.7,1,1.3,2,0.9,3.1,0.2,6.1,7,6,5,0.6,41,1,1,147.3,8,0,2.5
45,Female,5.8,3.4,0.6,0.5,0.7,1.5,2.9,2.6,0.7,5.7,2,2,7,4.3,55,1,0,176,13,10,3.8
64,Female,6.1,2.9,3.2,1.3,1.1,2.2,1.1,2.7,1,6.3,3,7,10,2.5,59,0,0,159.4,1,5,24.2
42,Male,4.9,3.8,1.3,0.9,2.1,2.3,1.8,5.2,1.6,7.7,1,7,6,6.2,35,1,0,85.8,10,0,19.9
51,Female,6.1,4.8,2.6,0.7,2.5,3.9,0.7,2.2,0,8.1,7,4,6,5,34,0,1,82.4,3,15,11
39,Female,4.8,1.7,2.6,0.3,1.7,2.8,1.1,2.9,0.7,7.3,3,2,6,3,49,1,0,160.9,3,8,0
48,Male,8,0.8,3.7,0.3,0,1.5,2.5,4.2,0.7,8.4,6,7,8,2.6,65,1,1,234.9,16,11,26.1
41,Female,2.6,2.2,1.5,0.7,2.1,2.7,3.6,2.4,2.1,5.9,7,1,7,6.5,70,1,0,214.7,15,8,8.4
50,Female,7,3.3,1.3,0.8,1.4,2.9,2.5,1.6,1.3,7.2,3,2,5,1.8,30,1,0,135.3,6,12,12
45,Male,6.7,4.3,0,0.4,0.4,4.5,2.4,3,1.3,5.3,2,2,10,3.5,76,0,1,160.6,11,6,17.3
49,Female,6.5,1.5,1.9,1,1.8,1.8,5.1,1.6,1.3,10,9,1,2,2.9,32,0,0,195.7,16,0,0
39,Other,8,0,2.7,0.5,2.6,1.9,2.7,4.1,0,6.6,9,9,10,5.4,42,0,0,142.8,4,2,4.9
45,Male,5.4,2.2,2.9,1.2,1.5,3.6,0.9,3.2,2.8,7.5,7,6,6,5.5,59,1,0,82.8,7,2,9.5
16,Female,6.5,2.7,3.3,1.6,2.4,0,0,1.4,0.3,4.4,5,3,10,4.1,74,1,1,9,19,18,11
34,Male,2.6,1.3,2.3,1.1,2,1.8,2.5,0.9,2.1,7.4,4,6,5,1.9,60,1,0,159.1,4,3,0
14,Female,5.2,1.9,2.5,1,2,2.8,0.3,2.7,1,6.6,4,7,4,2.7,53,1,1,140.1,10,11,12.6
22,Female,7.7,4.3,2.1,0.7,1.2,3.3,0.8,2.8,0.6,7.1,1,3,10,0.5,39,0,1,64.7,18,3,10.3
17,Male,3.3,3.1,2.7,1.7,2.3,0,2.4,0.9,2.2,6.5,4,4,5,3.5,21,0,0,78.6,20,20,23.3
22,Male,6.3,3.5,1.1,0.9,2.4,0.4,3.2,3.5,0,6.4,7,10,9,1.4,27,0,0,136.9,18,9,18
45,Female,4.6,2.5,0.6,2.2,2.3,0,1.7,3.4,0.1,6.1,5,1,2,7.5,37,1,1,122.7,3,3,7.8
50,Female,5.8,1.9,1.2,0.4,1.2,3,0.6,2.9,1.4,6.4,9,6,6,1.9,75,1,1,221.6,10,10,8.4
25,Female,4.8,2.5,2.2,1.1,2.5,2.2,1.8,3.5,1.4,8.3,4,6,9,5.1,73,0,1,220.9,18,3,18.1
43,Male,3.5,3.7,0.7,1.7,1.9,3.7,1.7,1.2,2,6.1,3,9,10,6.1,26,1,0,107.5,4,10,12.3
59,Female,6.8,0.8,1.4,0.7,0.5,2,2.1,1.3,1.9,9.2,6,2,5,4.7,62,0,0,225.2,1,16,0
48,Female,5.9,5.5,1.4,0.9,1.1,4.7,0.6,2.2,1.1,6.6,4,5,6,2,50,0,1,230.8,18,20,26.8
57,Other,7.2,3.9,2.8,1.3,1,0.9,1,1.7,1.3,8.2,2,5,10,1.8,80,0,1,164.6,16,19,2.1
36,Male,7.6,2.2,2.7,1.2,0,1.6,3.2,3.2,1.1,7.9,5,7,4,8.9,41,0,1,103.5,20,19,29.8
64,Female,8.5,4.2,2.1,1.3,2.5,2.5,2.9,3.5,2.6,4.6,4,5,5,6.9,47,1,0,156,19,12,13.4
27,Female,6.3,4.8,2.5,1.6,4.6,1.1,3.4,1.6,0.2,4.9,5,10,8,3.6,44,0,1,43.7,17,16,4.9
41,Male,8.5,2.5,2.5,0.8,2.7,2.5,0,1.4,1.2,5.7,9,4,1,2.3,71,0,0,120.6,14,12,0
20,Female,4,2.7,1.6,1.7,1.7,1.9,0.9,3.6,2,4.6,4,10,1,1.3,20,1,0,163.3,15,16,16.2
17,Male,7.8,5.2,1.5,0.1,1,1.8,3.2,1.2,2.3,6,6,2,10,1.8,51,1,1,169.3,11,18,0
41,Female,6.9,6.2,3.5,1.5,0.6,1.8,2.7,2.1,0.5,6.5,4,8,4,4.4,44,1,1,127.8,7,19,12.9
59,Female,6.5,3,0,1.6,1.7,2.8,2.5,1.2,0.2,7.3,1,5,10,7.6,67,0,0,153.5,5,14,25.5
16,Male,6.9,1.3,1.3,0.6,2.5,1.6,1.6,1.7,0,6.7,2,4,3,2.8,35,0,1,99,17,3,0.9
24,Female,4.1,2.3,1.8,0.3,0.8,0.7,1.3,0.5,0.9,6.5,6,9,5,5.4,48,0,0,220.4,10,17,15.9
57,Female,3.6,4.5,2.6,0.9,4.1,2.1,2,4.2,1.5,7.7,8,2,10,4.8,61,0,0,222.4,5,10,3.5
14,Male,9.4,1.5,3.1,1.2,0.1,1.2,1.5,3.8,0.7,7.6,9,3,8,2.4,43,1,1,185.5,16,8,19.1
39,Other,5.7,2.7,3.9,0.8,1.7,0.8,2.6,1.5,1.9,8.8,4,8,1,5,36,0,0,136.6,9,15,10.5
43,Other,5.6,3.4,1.9,1.3,1.6,0,2,3.1,1.1,6.7,6,4,5,5.1,80,0,0,108.8,18,2,9.8
63,Female,3.8,1.6,2,2,1.5,3.1,0.8,0.6,1.8,3.6,3,9,5,4.8,61,1,0,192.3,14,17,19.7
63,Male,3,4.6,2.4,0.3,0.9,2.8,2.8,3.3,1.3,7,9,10,2,2.2,25,1,0,159.2,15,16,15
48,Female,5.8,4,1.5,0,1.6,3.7,3.5,1.4,0,9.2,8,10,5,4.4,33,0,0,99.9,16,9,3.6
48,Female,5.3,6,0.8,1,1.1,2,3.6,4.1,0.1,7.7,1,10,8,5.4,45,0,1,202.9,6,4,24.3
38,Male,6,4.2,1.9,0.7,2.8,3.3,2.8,3.2,2.4,8,2,10,10,4.9,79,0,1,127.6,18,14,0
55,Female,6.2,1.6,2.7,0.8,3.1,0.9,2.8,2,0.3,6.6,10,9,7,5.2,47,0,0,106.8,7,19,12.2
39,Female,11,3.8,1.8,1.6,1.1,0,0.6,2,2.1,7.6,9,10,2,2.6,66,0,1,197.3,7,17,3.4
17,Female,5.3,4.5,2.4,0.9,0,1.1,1.2,2.7,1.3,8.1,10,9,6,5.1,55,0,1,110.6,4,4,0
32,Male,9.2,4.6,0.1,1,1.8,1.8,1.8,1.3,0.2,6.1,3,1,10,5.6,50,0,1,156.3,10,14,0.9
23,Female,9.3,1.8,2,0.8,1.8,2.4,2.7,4,1.9,5.9,3,6,1,2.1,46,0,0,214.2,1,5,9.6
22,Other,7.5,1.7,1.6,1,1.6,3.5,1.3,2.9,0.7,7,10,10,10,0.2,21,0,0,209.1,17,7,12.8
52,Male,5.5,1.3,0.7,1.1,2,2.4,1.6,3.8,1.4,7.7,9,6,10,6.3,38,1,1,167.1,20,2,18.5
50,Female,3.3,5.4,2.7,2.4,2.9,4.7,2.7,0,1,3.2,3,8,3,2.1,47,0,0,91.4,3,4,21.8
18,Female,7,3.9,3.8,1.1,2.3,2.1,2.2,2.5,0,6.3,10,7,6,1.5,64,1,0,125.1,11,17,12.2
20,Female,8,1.8,3,1.6,2,2.1,2.4,2.8,1.9,4.2,5,7,9,3.4,63,0,1,270.8,3,14,6.5
35,Male,9.5,3.2,3.1,1.1,2.3,2.4,1.1,2.5,2,6.4,6,2,1,2.5,76,1,0,197.4,4,11,18.3
59,Female,4.1,2.8,2.7,0,1.8,2.5,1.6,2.5,0.7,8.5,3,4,6,0,40,0,1,138.4,16,18,5.1
38,Female,5.5,1.5,2.6,0.7,0.6,2.4,1.4,2.1,1.8,5.8,10,1,2,4.8,74,0,1,87,18,6,0
58,Female,4.1,3.1,0.2,1.1,3,0.5,2,5.4,0.3,6.2,8,7,9,4.7,64,1,1,55,9,0,17.5
55,Female,4.7,3.3,1.9,1.4,1.6,3,1.5,2.8,0.3,7.3,2,4,2,0.9,34,1,1,210.8,13,20,20.6
24,Other,7.3,5.9,2.5,1.1,0.6,5,1.3,2.7,1.4,7.7,6,9,3,2.9,53,1,0,211.8,14,1,3.4
38,Male,4.6,2,2.5,1.5,0.4,0.9,2.2,3.7,0.5,7.6,2,6,2,1,59,1,1,148.1,13,18,25.7
25,Male,4.4,0.4,3.3,0.3,0.6,2,4.5,1.8,1.1,6.5,9,6,4,1.3,22,0,1,129.5,15,12,14.7
52,Female,7.6,1.4,1,1,0.3,0.4,2.7,0.8,0.3,7.2,6,9,4,1.8,20,0,0,206.7,7,19,13.5
30,Male,6.9,1.7,2.6,1.7,2.2,2.9,0,3.7,0,7.1,9,8,10,4.1,80,0,1,76.1,8,17,5.9
37,Male,6.7,2.4,0.9,0.5,1.3,2.9,2.4,2.1,1.4,5.7,4,6,1,7,43,0,1,249.9,7,9,18.1
45,Male,4.7,1.4,1.8,1.6,2.3,0.2,1.4,4.3,1.4,4.4,3,6,8,2.2,62,1,1,186.9,10,12,0
59,Male,8.6,4.2,1.9,1.5,2.7,0.4,0.9,4.2,1.2,5.4,2,6,5,4.7,46,0,1,87.4,11,4,7.3
52,Male,6,1.3,2.9,0.4,2.4,0,2.8,0,0.9,8.2,8,4,8,4.6,28,1,0,189.3,13,12,4.1
55,Other,10.8,3,2.7,1.2,2.1,3.9,2.1,2.6,0.5,9.2,4,5,6,0,43,0,0,115.8,17,8,0
24,Male,6.3,6,2.1,1.1,1.8,1,5,3.9,0.1,6.4,2,3,2,0.2,36,0,0,83.2,11,0,16.9
56,Female,1.3,3.8,0,0.9,1.3,1.8,1.9,0.2,0.1,8.2,9,9,7,7.1,47,0,0,189.1,3,5,12.7
48,Female,1.2,3.7,2.4,0.2,1.4,1.6,1.7,3,0.6,6.1,8,2,10,2,58,0,0,94.8,12,0,16.4
60,Other,7.2,5.8,1.7,0.9,2.1,3.2,3.4,3.4,2.2,6.9,5,7,9,3.9,74,1,1,83.2,20,17,7.8
16,Male,8.6,4.9,3.4,0.9,0.5,2.8,2,2.4,1.4,5.8,8,1,7,3.7,23,1,1,174.2,15,15,17.9
17,Female,4.4,3.8,3.2,0.2,1.4,2.7,0.7,2.4,1.6,7.7,5,10,5,0,80,0,0,144.8,9,7,10.6
49,Female,10.2,2.5,1.1,0.3,0.8,1,0.9,4.1,0,5.7,7,7,4,1.6,48,1,1,200.6,20,5,6.2
20,Female,9.3,3,2.6,0.5,2.7,2.8,1.6,0.6,1.4,5.4,5,2,8,4.5,64,1,0,135,10,12,4.9
54,Female,6.4,2.9,2.6,0.5,2.2,3.1,2.8,3.6,1.5,6.6,5,5,6,1.1,47,1,1,130.5,11,16,0
61,Female,7.1,2.4,2.5,1.2,3.6,2.8,3.5,3.1,2.8,7.5,4,1,5,2.2,75,0,1,48.2,17,12,19.3
40,Male,7.8,3.3,2.4,1.5,0.7,0.5,3,4.2,1.2,6.7,5,5,7,0.6,56,0,1,175.1,1,9,18.4
43,Female,9.8,3.5,2.6,0.8,0.8,0.6,2.7,1.3,0.8,5.9,7,4,3,1.3,48,0,0,149.1,18,5,33.4
21,Female,7.4,1.1,3.5,1.4,1.6,4.1,3.3,4.4,0.4,5.4,3,1,9,1.9,63,0,0,209.4,4,17,7.3
63,Female,6.4,5.4,1.4,1.5,0.8,4.3,2.7,0.7,1.3,4.5,4,1,4,0,71,0,1,188,19,19,4.7
41,Other,7.3,3.6,1.1,1,2,1.9,0.9,2.1,1,6,8,7,4,5.3,48,0,1,166.6,9,12,0
26,Male,7.1,2.6,2.8,1.2,1.4,1.9,1.7,1,2.3,6.3,6,3,8,0.2,24,1,1,113.5,15,14,17.7
52,Other,7.8,3.3,0.1,0.9,1,2.2,1.4,3.4,2.1,7.2,8,10,6,2.7,30,0,0,129.2,11,5,15.8
53,Male,2.9,4.4,2.7,0.4,2.6,2.7,3.5,1.5,0.2,5.1,2,9,1,1.5,21,1,0,177.5,8,10,22.4
34,Male,6.6,0.8,2.5,0.6,0,0.3,0.9,4,1.2,7.3,9,9,2,5.2,23,1,0,147.4,2,7,2.7
23,Male,6.9,2.8,0,1.2,2,2.3,0.9,0.3,3.6,5.8,7,10,9,0.5,29,1,1,220.9,0,13,15.7
35,Male,5.9,1.2,1.4,0.9,0.9,0.8,2.2,1.9,0,5.9,5,9,6,1.4,75,0,1,215.7,4,12,5.8
13,Female,7.6,7,3.6,1.4,2.3,2,4.3,4.8,1,8,7,1,7,0.3,58,0,0,137.5,7,1,20.7
58,Male,9.8,3.2,0.5,0.1,2.6,0.9,2.9,1.5,2,3.5,2,4,9,0,63,0,0,154.7,16,0,14.3
49,Male,6.3,1.2,2.2,0.2,0,1.2,3.3,3.9,1,5,4,1,3,4,27,0,1,110.3,0,4,0
33,Other,7.4,8.4,1,0.2,1.3,2.2,0.7,3.4,0.9,6.6,7,1,5,3.1,74,1,1,144.9,12,10,9
38,Female,9.2,2.2,1.3,1.1,1.6,1.3,2.8,0.8,0.7,6.5,2,9,5,3.4,42,0,0,197.5,5,9,0
58,Female,6.3,2.7,3.9,0.3,0,0.7,0.7,2.8,0.1,4.5,8,5,10,4.6,46,0,0,122.8,14,11,0.7
48,Female,4.2,2.8,2.1,1.2,1.7,3.7,2.9,4.5,1,5.9,10,1,7,3.2,42,0,0,131.7,6,9,1.2
35,Female,7.2,1.7,2.5,1.4,1,0.7,0.1,2,2.2,7.6,10,3,2,2.1,67,0,0,91.6,7,8,4.9
13,Male,1.6,3.4,1.9,1.8,0.3,0,1.6,1.6,0,5.1,5,7,4,3.5,53,1,1,121.8,2,1,7.9
63,Male,1.4,0,0.5,1.7,0.8,2.7,0,2.9,1.5,7.8,5,2,4,2,54,1,0,180.7,14,3,11.3
52,Female,6.7,4.6,0.8,0.7,0.7,1.7,0.9,2.2,2.3,5.6,8,4,8,5.2,36,0,1,138,3,3,10.9
27,Male,1.3,1.3,3.2,0.2,0.9,2,0.3,0.6,1.2,4.3,1,2,10,2.3,66,0,1,92.4,8,20,9.8
33,Female,3.4,2.4,2.2,0.7,1.7,2.2,2.8,2.2,0.8,7.5,6,9,3,2.8,69,1,0,160.6,10,5,12.7
59,Male,5.2,4.1,1.2,1.5,2.5,3.5,2.1,1.9,1.9,6.8,2,9,2,4.3,29,1,1,147.4,20,11,0
21,Male,4.6,2.7,2,0.8,1.4,4.2,1.4,2.3,0.3,4.7,1,7,9,7.7,73,1,1,206,13,6,10.6
21,Female,5.7,2.8,2.7,1,2.6,2.3,2.1,0,1.6,5.8,7,7,4,1,21,0,0,143.2,8,18,21.5
22,Female,8.2,1.5,2.5,0.7,0.5,0.6,1,3,1,8.6,4,2,9,0.6,36,0,0,100.2,11,1,8.7
64,Female,6.5,6.1,1.2,1.8,1.7,2.2,2.4,0.4,1.3,7.3,1,10,6,2.5,50,0,1,198.2,4,18,14
38,Female,4.3,3.8,0.4,0.5,3.6,2.7,1.9,3.5,2.9,7.8,10,8,1,1.5,35,1,1,101.5,20,3,13.2
53,Male,8.7,1.4,1.6,1,0,3.2,4.7,3.9,2.4,5.1,6,1,3,4.4,43,1,0,84.9,5,2,16.9
47,Male,3.1,3.3,3.1,1.6,0,2.2,4,0,2.7,8,10,8,7,3.4,76,0,0,98,18,3,12.3
64,Female,6.4,1.3,2.9,1.9,2.8,1.3,3.1,4.2,0.4,4.8,6,5,9,0.8,26,0,1,119.5,4,13,16.8
37,Female,2.9,5.6,2.4,0.7,1.7,0.9,2.4,2.3,0.2,4.8,3,4,8,4.5,38,1,0,55.5,0,5,14.1
38,Male,6.5,3.3,1.8,1.5,0.9,1.9,2.5,3.9,1.7,7.5,6,10,5,6.7,35,1,1,63.7,9,5,15.3
23,Female,5.4,1.5,1.5,0.7,0.4,0.2,3.5,3.7,1.5,4.9,10,2,8,1.4,52,1,1,189,13,8,13.5
50,Male,8.2,4,1.8,1.7,1.5,2.5,2.3,0.6,0,8.3,9,3,2,3.7,55,1,1,141.4,16,4,1.9
14,Female,7.4,2.6,2.8,1.9,1.6,2.2,2.4,1.4,1.5,5,6,10,3,0,64,0,1,141.7,10,6,0.6
19,Male,4.8,1.1,3,0.6,1.6,2.2,1.3,4.6,3.2,5.3,1,2,8,2.3,29,0,1,147.2,3,12,7.2
30,Female,4.4,3.6,1.7,1.3,0.4,2.9,1.2,0.9,3.1,7.9,10,4,9,3.6,62,1,1,178.2,17,0,22.4
39,Female,5.4,3.5,4.5,1.6,1.2,3.7,1.9,3,0.5,5.8,6,3,10,2.7,70,1,0,109,18,1,8.6
46,Male,9.8,4.7,2.1,0.9,0.9,1.9,0,1.5,1.9,7.5,8,5,8,3.2,34,0,1,178,3,19,12.5
39,Female,9.2,3.1,1.7,1.3,2.1,2.1,2,1.3,0.3,5.2,7,7,4,1.4,62,0,1,155.6,11,9,0
29,Male,4.1,3.2,3.5,1.3,0.4,1.6,1.7,2.5,1.1,6.2,8,9,6,5.5,22,1,1,102.1,13,5,11.5
55,Male,7.6,3.2,0,2,1.6,2.7,3.1,5.3,0.4,7.4,8,5,5,2.2,21,0,1,180.5,17,3,10.7
56,Male,2.5,5.4,2.5,0,4.1,2,3.5,3.5,0,5.5,9,8,4,0.5,62,0,1,152.9,0,7,0
63,Male,5.1,2.5,1.9,1,0.4,3.4,5.1,1.1,2.1,7.7,3,2,9,2.9,61,1,0,97.7,19,13,12.3
36,Male,4.1,3.7,3.4,0.4,0.8,3.4,2.7,2.8,1.5,6.1,7,6,10,4.8,54,1,1,101.5,10,15,0
37,Female,8.1,3.9,2.6,1,1.4,2.4,2.2,0.1,1.6,6.6,6,8,3,4.1,46,1,0,174,18,14,4.2
19,Female,3.4,3.5,2.1,0.6,0,1.9,1.3,0,1.8,5.3,2,9,1,2,24,0,1,200.7,0,12,18
64,Female,6.9,2.5,2.7,0.9,0.1,1.7,0.7,2.7,1.4,5.6,5,4,7,6.5,34,0,0,164.1,0,11,11.3
18,Male,6,3.2,0.9,0.6,1.8,2.6,3.1,3.4,0.2,5.5,3,4,10,2.9,55,0,0,194.5,2,6,6.4
36,Male,5.6,2.9,3,1.1,1.3,2.6,2,4.5,1.4,5.8,5,7,8,0,68,1,1,211.6,13,14,5.7
45,Male,9.3,5.9,0.7,1.5,2.6,1.7,2.5,3,1,8.4,9,4,3,4.2,52,1,1,138.7,7,5,6.7
61,Male,9.5,2.3,2.4,0.8,1.3,2.3,2,2.5,1,7.8,8,5,3,2.7,20,0,1,158.2,14,20,11.3
41,Female,5.7,1.6,2,1.7,1.2,1.1,2.1,2.1,0.3,7,9,2,6,2.9,31,0,0,183.5,3,20,0.4
55,Male,5.3,3,0.2,1.5,0.8,2.5,2.3,3.2,0,5.7,9,2,2,4.8,61,0,1,92.6,10,13,19
34,Female,3,2.9,2.1,2,1.2,1.2,2.5,0.9,0.6,5.5,8,10,6,2.5,60,0,1,201.7,7,14,0.8
38,Female,6,3.3,2.3,1.2,0.3,2.9,3.1,1.6,1.7,5.3,8,5,5,2.4,28,0,0,218.2,6,10,0
40,Female,9.9,2.3,1.3,1,1.4,1.6,0.5,1,1.1,6.1,6,10,7,0.5,76,1,1,113.1,1,3,17.9
62,Female,5.7,3.2,1,0.2,0.5,4,2.7,1.8,3,6.8,6,10,9,1.9,77,1,1,293.5,7,4,6.5
33,Female,7.5,3.2,2.5,0.6,0.3,2,0.5,1.6,1.1,7.2,6,2,9,3.5,71,1,0,189.7,18,1,10.6
61,Female,3.2,4.4,2.4,0.9,0.9,2.3,2.8,1.5,1.4,6.5,10,6,1,1.8,39,1,1,142.4,8,19,15.2
19,Female,5.1,3.1,2.2,1,2,0.3,2.4,1.7,1.2,7.2,6,6,7,0,49,0,1,46.1,15,14,4.2
29,Female,6.9,3.2,2,2.2,1.6,3.7,1.9,2.8,0.1,7.6,9,8,3,4.3,33,1,1,145.4,7,9,11.1
32,Male,6.2,3.8,1.4,0.9,2.2,2,2,4.1,1.2,6.1,10,1,4,4.4,77,0,0,171.1,7,3,15.2
53,Male,7.6,4.3,4.3,0.1,0.6,4.1,2.2,2.9,0.1,7.8,1,7,2,4.4,42,0,1,165.4,10,7,23.1
61,Male,4.8,1.5,1.7,1.3,1.5,2.1,3.3,1.8,1.1,5.3,10,7,1,1.1,48,0,1,84.5,6,10,5.9
32,Female,2.5,1.1,1.1,1.3,3.2,1.7,3.2,3.1,0,7.2,6,9,10,3,70,0,0,116.9,20,16,6.3
34,Male,8.2,5.5,2.1,0.8,2.9,1.4,3.1,2.6,1.1,6.5,8,4,3,3.5,61,0,0,184,1,6,14.5
40,Other,4.1,4.1,1.8,2.1,0.2,2.8,0.4,2.7,1.3,6.7,1,7,10,4.2,54,0,1,179.6,20,10,11.7
52,Female,7,2.7,1.7,0.1,0.5,2.6,2.7,2.5,1.4,6.1,6,6,9,4.2,71,0,1,197.1,4,9,8.9
61,Male,6.9,3,3.9,1.6,3.2,0.4,0,4.7,0,8,9,4,1,0.2,46,1,1,155.9,17,0,22.7
19,Male,2.7,2.4,0.9,0.9,2,1.3,0,2.6,1.7,5.8,6,10,3,6.4,73,0,1,148.4,10,7,0
13,Female,8.1,3.3,2,0.5,1.3,2.9,3.3,1.8,1.9,8.2,2,8,5,0.6,68,0,1,175.6,16,4,0
44,Female,4.9,1.5,0.9,2.2,1.2,1.2,0.3,1.5,0.2,8.2,1,3,3,0,46,1,1,154.7,20,12,0
25,Female,6.1,4.3,1.5,1.4,1.7,1,1.8,3.7,2.2,7,4,8,4,0,49,1,0,73.5,5,6,19.6
42,Male,5.3,3.3,3.7,0.9,1.7,2.2,3.7,1,1.4,6.1,6,5,4,4.4,22,0,0,226,12,10,14.1
35,Male,9.2,3.3,2.3,0.8,1,2.1,2.7,4.3,1.1,5.5,10,4,1,5.9,31,0,1,196.1,6,11,0
63,Male,8.7,1.7,2.3,1.1,1.3,1.4,2.4,0,1.8,4.1,10,3,6,1.7,66,1,1,171.2,10,13,9
31,Male,2.4,3.8,1.1,0.8,0.9,4.1,1.9,4.1,2.8,7.1,9,10,7,0,50,0,1,81.6,17,11,9.8
44,Female,10.5,1.7,1.6,1.6,1.7,1.8,2.2,3.5,1.1,5.2,5,7,7,4.7,56,0,1,191.9,5,0,0
42,Female,4.6,2,3.8,1,0.8,0.5,1.2,1.9,0.7,5.3,7,7,6,0.4,46,0,1,128.1,11,5,11.5
41,Female,10.2,3.1,2.5,1.5,0.2,0.1,1.4,1.5,3.3,7.2,6,6,7,4.2,66,1,0,191.5,2,10,0.6
61,Female,5.5,6.8,1.7,1.1,3,3.2,2.1,4.1,1,6,6,3,3,1.2,71,0,1,177.3,18,10,15.7
57,Female,5.3,3.3,2.4,1.4,1.4,0.7,2.3,4.8,1.6,6.8,9,9,5,2.1,43,0,0,133,10,11,0.8
41,Female,5.5,0,2.3,1.7,3.2,2,1.8,1.7,1,7.1,5,2,7,3.6,67,0,1,202.6,1,0,11.8
42,Male,5.2,2,1.2,1.8,0,1,0,3.3,0,8.4,2,3,10,3.7,60,1,1,90.4,2,19,20.4
28,Other,11,4,1.6,1.2,0.1,1.9,3.9,3.8,0.9,6.7,8,1,5,3.2,59,1,1,152.8,16,19,17.8
52,Male,5.8,1.3,4.3,0.6,2,2.4,3.1,3.3,2.3,5.8,3,7,10,5.9,30,1,0,232.9,4,5,14.1
31,Other,5.4,4.2,2.4,0.9,1.4,0.4,1.8,2.6,0.4,6.4,9,2,2,6.4,46,0,0,174.3,1,12,9.3
30,Female,6.2,3.2,0.4,1,0.3,1.5,3.2,2,2.5,5.8,5,10,6,6.6,28,1,0,195.7,11,11,0
13,Male,4.1,4.5,2.5,0.7,2.6,1.2,1.6,2.9,2,8.8,1,8,7,2.6,35,0,1,154,4,9,6.5
26,Female,9.2,2.2,3.3,0.6,0.6,0.8,2.4,0,0.2,6.9,4,9,2,3.2,33,0,0,148.9,12,6,8.2
63,Female,3.1,2,1.1,1.1,2.7,1.5,0,4.2,0,7.2,9,2,10,5.8,66,1,0,89,6,9,7.6
59,Female,4.8,3.8,1.5,0.5,1.4,1.3,2.3,0.3,0,8.1,1,6,8,1.7,49,1,1,142.2,20,17,0
62,Other,7.9,3,3.5,0.4,0.4,3,1.7,1.4,0.8,5.5,8,1,5,2.1,65,1,0,183.7,10,5,13.5
14,Other,6.1,2.9,2,0.2,0.8,1.1,2.3,2.1,0.1,4.8,8,8,8,3,43,1,0,95.3,4,7,0.6
40,Male,7.1,5.4,1.9,1.2,2.9,2.5,4.1,1.2,2.4,6.5,9,5,3,3,61,0,1,101.9,17,19,22.4
61,Male,9.1,3.9,0.7,1.2,1.2,2.5,2,1,0,4.8,9,9,2,2.4,32,0,1,171,5,8,11.2
62,Other,8,0,3.1,0.8,2.5,0.2,1.5,4.3,0.3,6,6,3,7,1.1,52,0,1,191.3,2,15,17.8
42,Female,6.3,4.2,1.8,1.5,2.9,1.4,1.5,4.8,2.7,3.9,5,2,5,4.7,74,0,1,250.8,5,1,17.7
50,Male,10.2,4,0,0.5,1.4,1.9,0.3,4.5,0.9,4.9,7,7,5,2.2,28,1,0,136.3,15,10,26.6
63,Male,4.7,4.8,0.4,1.2,1.3,2.3,2.5,3.6,1.6,8,9,7,8,3.3,68,0,0,137.6,2,18,11.5
16,Female,5.8,1.6,1.4,1,1.1,1.7,2.6,5.7,1.7,7,5,10,9,3,45,1,0,191.6,17,3,6.9
13,Other,5.9,3.5,0.9,0.6,1.9,3.3,2.1,2.2,0,8.7,3,5,8,4.4,68,0,0,178.5,3,2,7
20,Female,5.8,3.2,1.1,0.8,3,2.1,3.1,2,2,6.5,9,7,10,3.9,61,0,1,137.1,4,14,22
41,Female,3.9,1.6,4.3,0.7,0.3,2.5,3.1,2.5,1.8,6.4,10,6,2,2.5,64,0,0,148.6,8,7,0
51,Male,2.8,4.4,2.7,1.1,1.7,1.3,2.1,4.4,1.9,6.8,1,9,10,2.2,69,1,1,118.6,3,3,3
15,Male,6.8,2.6,0,1.3,1.7,2.6,2.7,3.3,0.5,10,1,3,7,2.8,32,1,1,92.2,0,10,11.9
44,Female,4.7,4.7,1.7,0.8,0,4.3,4.6,4.7,1.5,7.8,10,4,5,0.8,40,1,0,143.2,10,16,8.8
22,Male,9.8,1.9,1.9,0.6,0.6,2.6,1,2.6,1,5.5,4,9,7,1.4,48,1,0,226.1,4,8,17.7
22,Male,5.9,0.8,0.5,1.1,0.8,3.3,2.9,0.6,1.3,7,2,10,3,4.1,47,1,0,114.1,9,0,0
31,Male,5.5,2.6,2.5,0.2,2.3,1.7,2.1,1.6,0.4,6.7,7,8,4,3.6,43,1,0,78.2,2,7,9.5
58,Female,8.2,3.3,0,1,2.4,3.1,3.3,3.8,1,7.4,2,10,7,1.1,32,0,1,99.8,14,1,8.5
46,Other,6.8,2.2,3.1,1.8,0,3.2,1,1.9,2.2,8.7,7,6,2,2.8,75,0,1,176.6,13,12,1.4
45,Male,5.6,0,3.4,0.6,2.1,2.3,2.2,2.6,0,7.2,8,3,2,0,61,0,1,171.4,4,0,17
35,Female,4.7,3.6,4.4,0.9,2,1.9,1.2,2.8,0.8,6.1,8,9,1,3.3,39,1,1,213.5,7,9,9.3
40,Female,13.3,3.6,0.4,1.5,2.1,0.2,0,4.9,1.8,8.7,3,9,1,2.3,58,1,0,203.1,16,11,8.9
44,Other,6.7,4,0.6,1.4,1.7,2,3.7,3.6,0.1,4.9,9,6,1,7.2,26,1,1,164.9,19,10,3.4
62,Male,8.2,2.4,2.7,1,2.5,2.7,1.5,3.4,1.6,6.2,10,2,6,4.2,60,0,1,182.5,18,9,7
19,Female,4,2.3,3.2,1,2.7,1.1,1,2.7,1.7,7.6,10,7,5,1.1,67,0,0,112.5,3,13,1.8
41,Male,4.8,5.2,2.8,0.4,0,0.5,1.3,1.4,1,5.6,10,9,10,1.1,34,0,1,184.5,1,13,16.9
20,Female,10.2,0.6,3.1,1.2,1.5,2.1,4.2,2.8,1.5,6.4,6,9,8,4.3,44,0,0,144.6,1,7,18.3
13,Female,8.8,2.6,3.4,0.3,1.2,2.3,3.6,5.3,2.8,5.7,4,3,5,4.8,54,0,1,192.5,1,10,23.4
15,Male,6.9,3.2,2.2,0,0.9,0.4,1.7,3.2,0.5,6.5,8,2,1,6.7,32,0,1,170.9,2,8,13.5
36,Female,5.2,3.9,1.8,1.5,1,2,3,1.8,0,5.7,4,5,8,5.3,62,1,1,126.3,8,14,7.3
35,Female,5.5,3.3,0.6,1.2,1.7,2.3,0.7,2,0.8,6.6,4,10,6,4,27,0,1,95,4,0,6.2
20,Male,4.6,1.6,1.7,1.4,0.2,3.6,2.6,4.3,0.2,6.1,8,7,8,5.8,40,1,1,125,19,18,13.9
59,Female,3.7,4.8,1.9,0.6,2.2,1.4,1.5,1.8,1.6,8.1,4,3,2,3.1,72,1,1,159.2,14,17,11.6
49,Male,7.8,3,1.1,1.2,1.1,4.5,2.5,2.2,0.7,7,1,4,10,3.1,75,0,1,109.2,3,11,8.6
15,Female,7.1,0.5,2,0.8,2.4,2.1,0.4,1,1.8,7.4,6,10,8,0.6,25,0,0,142.4,2,7,7.9
63,Male,7.5,3.3,0.9,0.8,0.9,0.6,1.3,2.1,1.5,6.7,8,2,6,6,29,1,0,204.4,8,4,19.4
45,Female,5.3,3.7,3.1,1.5,0.8,1.6,2.2,3.1,0.5,6,3,10,1,3.3,77,1,1,208.7,9,12,6.5
40,Male,6.5,5.9,2.4,0.9,0.6,0.7,2.2,2.1,0.3,6.9,2,2,1,2.8,68,0,0,173.9,16,16,20.8
59,Female,5.1,3.6,1.5,0.7,0.9,1.8,0.2,2.5,0,6.7,6,7,10,1.4,71,0,0,218.2,19,0,11.5
20,Female,4.5,0.8,2.2,0.3,0.7,2.6,0.8,1,2.3,3.6,1,2,5,5.5,60,1,0,86.7,7,1,7.1
46,Female,9.3,0.8,0.9,1.2,1.9,2.3,2.5,1.8,1.7,6.5,5,1,7,5,40,0,0,214.9,18,6,3.7
47,Female,6.2,4.9,1,1.5,2.5,0.6,2.4,5.3,0.8,7.3,6,4,4,1.2,33,0,0,82,4,1,8.8
44,Female,7,1.8,1.4,0.6,1.9,0.5,2.8,2.3,1.8,5.6,8,6,10,4,71,1,0,150.5,10,3,14
36,Male,7.7,0.7,1.8,1.3,1.4,2.5,2.2,3,0.1,7.5,7,10,5,4.6,78,1,0,109.4,3,12,7
26,Male,6.3,4.5,2.1,0.5,2,2.8,0.7,1.5,0.3,6.9,6,10,10,0.5,64,0,0,186.9,3,13,16.8
44,Other,6.5,2.3,2.1,1.4,1.5,1.4,1.6,2.6,0.2,6,2,4,3,4.3,77,1,0,71.7,14,19,6.6
58,Male,3.8,4.4,0.7,1,1.5,0,2.6,2.1,1.5,7.2,8,1,2,3.9,52,1,1,61.8,7,2,9
55,Female,4.2,1.6,1.9,1.1,1.2,0.6,0.8,3.9,0.6,6.1,8,1,2,4.2,44,1,1,117.3,12,8,0
28,Other,4.1,5.2,1.2,0.7,2.3,3.2,0.6,3.9,0,6.8,5,9,5,7,75,0,1,113.7,19,17,14.5
16,Male,7.2,4.3,0,1.2,0,1.1,1.6,4,1.3,6.2,3,1,4,8.9,38,0,1,121.5,11,15,7.9
64,Female,6.1,1.9,5.1,0.7,0,1.6,2.3,2.6,1.8,7.2,8,7,2,5.5,28,0,0,116.3,1,18,22.6
49,Female,4.2,0.5,1.2,0.8,2.5,2.7,0,5.2,1.1,8.1,5,7,5,3.5,68,0,1,184.4,0,19,15.6
33,Female,7.2,6.5,1.3,0.2,1.3,1.6,1.7,3.5,2.3,6,3,1,10,4.3,66,1,1,145.8,13,8,10.7
26,Male,7.1,2.7,0.7,0.6,2.4,3.7,2.6,0.6,2,7.6,9,1,9,3.9,71,1,0,227.5,19,18,19.8
43,Male,4.6,1.9,0.9,0.7,0.9,1.6,2.9,4.5,2.3,6.1,9,6,8,7.7,56,1,0,161.5,7,5,13.2
60,Female,5.9,5.1,1.8,1.2,3.2,1,0.8,2.5,2,6.2,7,8,9,3.3,55,0,1,194.1,15,11,18.1
30,Female,7.1,4.4,3.4,1.3,1.4,3.4,2.4,4,1.4,6,8,7,9,2.2,55,1,0,179,4,14,3.1
19,Female,4.3,4.8,1.8,0.7,1.9,2.1,3.2,1.1,0,4.5,5,6,8,4.1,76,0,1,105.1,1,20,13.7
22,Female,7.1,2.9,1.7,0.9,1.1,0.7,2.7,2.4,0.9,7.1,5,10,9,7.2,34,0,1,124,14,5,14
19,Male,6.6,5.8,3.2,1.8,0.6,2.6,1.5,3.5,0.7,6.8,5,3,4,1.1,24,0,0,199.7,3,4,0
45,Female,4,1,1.5,1.1,0,1.6,0,2.8,0.3,6.7,2,7,8,1.7,36,0,0,61.2,3,13,22.1
35,Male,6.4,2.2,2,0.7,2.3,0.6,2.3,2.3,0.6,8.4,3,6,2,1.5,49,0,1,174.3,9,18,0.7
33,Other,6.7,3.6,1.1,0.2,1.9,2.1,3.9,0,0,8.5,8,8,9,0.6,26,0,0,141.1,20,17,0
31,Female,4.7,4.8,3.7,0.6,1.6,1.8,3,1.5,2.1,8.1,6,4,9,1.1,25,0,1,112.8,17,12,0
60,Female,4.9,4,3,0.6,0.4,0,2.9,1.2,0.1,6.2,9,9,3,4.9,34,1,0,136.7,6,8,13.8
31,Other,4,2.9,1.8,2,2.9,0.7,2.2,0.1,2,6.2,7,1,6,3.4,76,0,1,231,4,19,0
48,Male,5.1,2.3,1.6,0.6,1.6,4.2,3.1,1.6,2.5,5.3,6,7,7,0.4,71,1,0,63.8,3,20,5.9
41,Female,6,4.8,2,1,2.2,2.1,2.4,4.9,0.4,6.6,4,9,3,4.4,65,0,1,89.1,14,6,16.7
30,Male,4.9,4.1,1.9,1.2,1.5,3.6,0,4,0.6,6.5,7,10,5,3.7,29,0,0,53.1,17,20,11.5
14,Other,3,1.7,0.5,1.6,0.4,2.4,3.1,1.4,1.7,7.1,4,1,1,4.9,25,1,0,128.1,16,11,5
13,Male,4.6,1.6,3.1,1,2.5,3.5,1,1.7,0.8,5.2,7,10,3,1.8,61,0,1,118.8,5,8,0
59,Female,5.2,2.2,1.8,0.7,2,2.7,2.1,1.7,0.4,6.1,5,3,8,0.5,74,0,0,158,0,1,9.1
17,Female,7.6,2,3.9,0.7,1.3,0.9,2.9,3.5,1.6,4.5,2,7,3,4.4,71,1,0,126,2,2,16.8
32,Male,7.2,4.5,2.4,1.2,1.9,2.7,1.1,3,0.5,5.6,7,9,8,4.7,79,0,0,172.5,8,4,15.6
23,Male,7.7,3.7,0,0.7,2.3,0.9,0.8,1.6,3.3,7.6,8,1,9,0.8,60,1,0,110.6,4,17,24.3
54,Female,4.5,3.8,0.7,0.4,2.2,3.1,2.6,1.7,1.8,5.2,10,6,6,3.5,32,0,1,254.9,5,13,4.8
14,Female,6.3,3.3,0,0.7,0,2.3,0.7,3.9,1.9,8.6,2,2,7,1.8,33,0,1,180.7,12,18,0
15,Male,1.2,3.4,0.7,0.3,0,2,1.8,4.5,1.1,7.7,6,5,6,4.9,20,1,0,175.8,2,20,12.5
35,Male,6.9,0.6,0.4,1.9,2.2,1.5,3.4,1.3,3.1,7.1,4,7,8,4.3,52,0,0,181.3,2,4,11.7
24,Male,7.2,4.2,2.3,1.3,0.8,3,4,2.3,0.5,8.1,5,7,7,5.4,38,0,0,97.7,4,9,10
32,Female,5.3,2.2,1.7,1.8,0.5,1.8,0,2.7,2,6.4,1,10,10,1.3,28,0,1,137.7,11,15,4
17,Female,6.6,3,2.7,1.2,1.9,0,1.7,2.3,0,5.6,6,7,1,1.6,56,0,1,139.8,19,19,0
49,Male,3,2.3,2,1.8,0.4,0,3.5,4,3.5,6.4,8,4,3,2.3,68,1,1,126.4,17,0,1.9
50,Male,4.4,3.2,1.8,1.2,1,0.5,1.5,2.3,2,4.4,2,6,3,1.9,67,1,1,132.6,6,20,14.5
42,Male,7.5,3.9,4,1.4,2.4,2.9,3,5,0.3,7.9,1,10,3,3.7,31,1,1,191.5,19,3,12.3
21,Male,7,1.5,2.2,0,0,3,3,4.1,1.7,6.1,9,6,4,0.8,24,0,0,147.1,11,4,17.7
46,Male,5.2,3.4,1.9,0.5,0.1,2.4,1.3,1.6,2.3,5.6,2,7,1,6,25,1,0,165,1,10,12.8
56,Male,7.6,2.3,1.1,1,0,2.4,2.5,2.6,0.3,5.7,8,9,2,6.5,71,0,0,65.6,15,13,15.9
47,Male,6.3,5,0.8,1,0.6,3.7,2.6,1.2,0.7,6.5,5,6,5,5.2,74,1,0,62.6,1,10,16.1
64,Female,5,1.3,2.8,1,1.6,2.4,3.1,2,0.2,6.6,2,10,6,4,30,1,1,102.8,7,7,10.2
34,Male,5.6,1.5,2.7,1.2,0.9,2.8,0,3.6,1.7,6.3,5,1,9,2.8,70,0,1,232,0,0,10.2
56,Female,5.1,2.5,3.6,1.2,3,2,3.6,2.8,1.4,6.3,9,8,2,3.4,72,1,1,250.4,13,6,0
36,Female,3.6,1.6,2.5,1.4,2,1.4,2.8,5.2,1.2,7.2,6,2,9,1.5,57,1,0,199.2,9,12,4.7
29,Female,8.5,2.7,1.6,1.3,1.5,1.7,0.6,0.9,0.4,5.2,3,3,7,3.3,74,1,1,130.3,20,19,5.1
22,Female,4.9,2.2,2.5,1.6,2.8,4.5,1.8,2.5,1,6.8,8,5,9,3.7,29,1,0,171.3,12,5,9.1
42,Female,4.3,3.1,1.9,1.6,0.2,0.7,3,1.8,0.5,6.1,1,6,4,1.3,34,1,0,213.1,9,3,2.6
58,Female,2.9,4.5,2.9,1.1,2.4,2.4,0.7,2.1,1.7,4.1,9,7,7,6.2,69,1,1,242.7,12,11,17.5
35,Female,0.7,3.1,3.3,2,1.3,0.2,0.9,2.6,0.1,5.2,9,4,1,2.8,72,1,0,92.5,12,4,2.9
44,Female,7.4,3.2,1.8,1.7,1,1.3,2,1.6,0.4,5.5,4,3,8,0.9,80,0,0,160.2,0,4,18.8
29,Female,7.6,1.4,3.8,0.6,2.1,2.9,1.5,3.7,2,8.5,8,9,7,2.6,58,1,1,133.9,4,16,2.3
62,Female,8.4,2.8,3.2,1.2,1.1,0,2.3,4.8,0.8,7,3,4,7,1.8,74,0,1,179.3,15,5,5.2
63,Male,5.7,2.4,2,0.1,1.7,3.1,3,0,3,6.8,6,9,2,1.3,47,1,0,152.6,5,9,4.6
29,Male,5.4,4,2.7,0.2,1.4,4.5,2.3,4.3,1.4,5.9,10,9,10,6.1,22,1,1,100,3,15,6
26,Male,5,1.9,2.3,0.8,1.8,2.4,2,5.8,0,5.9,10,3,9,3,75,0,1,169.7,9,20,19.4
21,Female,5.2,1.7,2,0.6,1,3.5,3,2.7,0,5.1,8,3,8,5.1,35,1,0,115.2,10,13,7.4
52,Female,8.2,3.5,3.9,0.8,2.4,2.3,1.9,1.7,0.6,6.1,9,8,1,3.8,64,1,0,148.2,1,9,7.6
14,Other,5.9,6,2.5,1.2,0,2.9,1.1,1.8,1.9,8.2,8,1,1,4,36,0,1,150.6,20,20,4.1
57,Female,6.8,2.7,1.2,1.6,2.1,2.5,3.4,2.1,1.8,4.9,9,6,5,3,55,0,0,234.4,8,16,7.9
37,Female,5.1,3.3,1,1.6,0,1.4,0,3.1,0.7,5.8,4,6,2,2.1,38,0,0,166,13,4,11.7
51,Male,8.6,4.4,1,1.2,0.7,1.3,2.1,1.9,2.4,7.6,10,9,1,5.6,23,1,1,145.5,1,1,8.3
21,Female,2.2,3.8,2.5,0.5,2,3.4,1.6,2.4,1.5,7.6,1,2,10,4.3,78,0,1,186.2,4,3,8.8
34,Female,3.6,3.8,1.7,0.7,0,1.9,0.9,1.3,0.9,5.6,7,8,8,2.6,44,1,0,105.8,11,17,18.1
55,Other,6.8,2.9,2.3,1.3,1.7,1.8,2.4,1.9,2.4,7.9,10,7,4,5,46,0,0,155,0,7,12.2
58,Male,9.5,2.9,2.9,0.6,0.1,1.8,2.6,2,0.4,6,4,2,2,6,31,0,1,181.7,18,13,0.8
16,Female,5.5,1.9,4,0.4,0.5,2.4,1,2.5,1.8,5.1,1,1,5,3.7,75,0,0,179.4,11,12,9.3
38,Female,4.3,3.7,1.7,1.2,0.5,0.6,0.3,0.6,1.9,8.3,3,4,6,6.1,46,0,1,123.5,20,6,5.7
41,Female,8,3.7,0.6,1,0.2,1.8,0.4,2.1,1.8,6.6,7,2,8,2,23,0,1,168.2,11,8,14.2
57,Female,6.6,4.1,3.8,0.9,0,2.4,4.2,2.2,1,6.3,3,3,7,1.2,80,0,0,184,19,3,10.8
46,Female,8.6,2.3,0.5,1.6,3.6,0.5,4.3,2.7,2.1,6.7,1,2,7,2.3,43,1,1,104.7,4,4,19
35,Male,3.4,4.2,0.5,1.5,1.3,2.3,2,4.3,3,5.3,7,9,1,3.1,36,0,1,119.8,19,14,4.1
49,Female,8.4,4.7,3.8,1.9,0.3,0.9,0.4,2.4,1,5.8,8,4,3,6.1,79,1,0,133.9,1,8,8.5
23,Female,2.9,1.2,3.1,0.7,0.9,2.4,1.8,0.9,1.3,8.2,5,1,3,2.2,75,0,0,266.5,13,17,1.5
18,Female,5.4,2.6,2.5,1.2,1.5,4.6,0,2.7,2.1,8.7,6,8,7,3.8,45,0,0,112.6,16,13,9.7
30,Female,6.8,4.8,2,1,1.1,1.9,2.4,1.6,0.9,5.2,3,4,2,5.2,37,0,0,166.3,14,14,0
33,Male,6.4,2,1.8,1.2,0.2,0.7,0.8,1.5,0.9,6,5,10,10,3.9,41,1,0,132.3,16,0,12.6
54,Male,8.1,3.8,1.3,0.4,0.6,2.3,0.5,2.1,0,6.5,3,8,7,2,25,0,0,103.1,1,18,9.6
48,Other,2.3,3,1.7,0.3,2.7,2.6,3.2,1.8,0,6.7,2,8,9,0.4,38,0,0,184.9,20,0,11.2
53,Female,6.3,3.5,2,1,0.1,0.9,1.8,1.1,0.1,5.4,7,9,1,5.4,80,1,0,79.5,7,5,16.3
50,Other,8.4,3.1,0.6,0.6,0,0,3,1.9,2.1,7.3,10,10,2,0.9,56,1,0,222.2,9,7,11.8
46,Male,6.1,4.1,1.2,1.5,1.1,0.9,3.4,3.1,0.2,7.4,7,7,6,2.2,53,0,0,98,2,3,0
29,Female,3.7,1.5,0,0.2,0,1.9,1.9,2.6,1.7,7.5,8,4,2,3.1,30,1,0,116.7,10,15,5.6
49,Female,8,1.6,2.1,0.3,0.6,1.5,2,1.2,2.7,7.4,1,2,2,5.5,75,1,0,178.6,8,10,9.4
37,Other,4.7,5.2,2.1,0.8,0.2,3.3,3.3,1.4,1.4,6.6,2,6,5,5,43,1,1,187.6,14,3,7.4
50,Male,4.4,6.2,3.8,0.2,0.3,2.6,1.4,2.7,0.3,7.7,2,4,7,3.3,64,0,0,161.7,10,10,8.4
24,Female,4.1,3,2.4,1.8,1.6,2.1,3.4,1.2,1.1,7.2,3,6,4,5.4,56,0,1,123.4,2,9,23
35,Female,5.6,5.6,1.4,0.9,1.8,0,0,1.3,1.6,4.7,7,8,6,5.9,42,1,0,70.3,6,16,10.8
54,Male,6.4,1.8,1.8,0.7,0.7,2.8,1.6,1.8,1.6,4.7,7,3,3,2,59,0,1,145.5,6,8,13.1
34,Female,3.5,2.2,2.5,1.2,1.4,4.4,2.2,1.2,1.3,6.9,7,1,4,2.2,62,1,0,107.5,3,9,0
33,Female,3.9,5.2,2.2,1.4,0.6,3,0.6,2.6,1.8,8,1,5,4,4.5,23,0,1,270.6,5,7,16
39,Other,4.6,4.2,2.6,1.1,1.9,1.2,2.4,2.1,2.2,7,2,3,4,6.4,37,0,0,156.7,18,13,32.8
43,Female,4.1,5.4,2.4,1,0,1.8,2.2,4.3,0.7,7.2,8,6,1,1.6,49,1,1,85.5,13,12,20.8
18,Male,6.1,3.7,1.7,0.5,1.7,2.6,1.1,1,2.6,5.2,9,3,4,0,34,0,0,133.4,3,2,6.5
39,Male,6.7,1.5,1.5,1.3,1.7,3.7,1.1,4,1.5,6.6,10,1,4,4.3,56,0,0,187.9,18,13,28.2
52,Male,6.4,3.3,1.4,1.7,3.8,1.2,1,2.8,0,7.9,7,9,6,5.7,42,1,0,208.1,18,13,10.2
46,Male,6.5,4.8,1.1,0.9,0,1.4,0.1,4.4,1,7,1,5,9,3.3,31,0,1,134.5,16,2,12.5
24,Female,9.3,2.8,0.9,0.6,4.2,1.9,3.9,4.3,1,6.6,4,2,10,8.3,23,1,1,144.1,20,15,7.9
57,Male,6.8,2.6,3.8,1.1,2.3,1.8,1.7,1.9,2.3,7.2,10,2,6,1.3,23,0,0,178.2,18,9,7.7
19,Other,7.6,3.7,2.1,1,3.3,3,0.4,0.7,0.6,6.8,8,9,6,1.5,71,0,1,103.2,11,3,0
22,Other,5.2,2.2,1.8,0.4,2.4,2.3,1.9,2.3,1.3,7.9,5,1,7,1.5,60,0,1,167.4,16,19,16.3
57,Female,7.9,3.4,1.5,0.7,0.6,0.3,2.3,0,0,6.8,1,10,7,3.2,60,1,1,164.3,14,17,7.6
29,Other,5.1,3.1,2.4,1.9,2.2,1.2,1,3.4,0.4,6.5,7,3,1,3.2,33,0,1,176.7,8,3,8.5
38,Female,6.8,2.3,3.2,0.3,0.8,1.2,1.6,2.7,2,5.2,6,10,8,1.5,78,0,0,148.1,19,1,12.2
33,Female,3.3,4.5,2.7,0.7,1.4,0,3.6,1.7,0,8,9,7,1,5.2,77,1,0,71.8,15,10,6.7
40,Male,6.3,4,2.9,0.5,0.3,3.1,0.6,1.9,2.2,5.4,4,1,9,3.5,75,1,1,161.4,17,14,12.1
58,Female,4,2.5,1.4,0.6,0.8,2.2,1.3,1.2,2.3,6.8,4,2,4,0.9,78,1,0,106.2,17,10,19.6
14,Female,7.9,3,2,0.8,2.4,1.4,0,2.5,2.4,7.5,8,6,9,4.2,27,0,1,236.3,3,20,13.2
55,Female,7.8,2.6,1.4,1.2,1.9,3.1,4.2,1.2,2.7,8.6,4,9,8,2.2,42,0,1,237.7,3,5,8.8
13,Female,5.1,2,2.1,1.7,2.5,2.4,2.8,2.5,2,6.8,3,9,9,3.2,20,1,1,92.8,20,17,9
63,Female,10.1,0.5,3.3,1.1,0.1,0.5,1.9,3,1.6,8.2,7,8,6,4.8,75,1,0,107.2,0,17,11.6
48,Female,5.4,2.3,2.4,0.7,0,2.7,1.1,3.3,1.8,6.5,5,3,9,5,30,1,0,34.6,4,0,3.3
63,Male,2.8,2.1,3.6,1.8,2.6,3.6,1.1,3.1,1.3,5.8,9,2,4,4.8,46,1,0,186.8,11,12,11.7
38,Other,4.4,3.2,1.7,0,2.5,1.8,1.7,2.1,0.8,9.8,5,1,3,3.1,23,1,1,121.3,13,0,15.5
41,Female,3.9,3.7,1.2,1.3,1.7,1.9,2.6,3.1,2,5,9,9,3,1.1,48,0,0,163.5,9,12,10.7
33,Male,6.8,1.8,2.5,0.5,1.9,2.1,0.7,2.7,1.6,10,6,5,8,2.4,36,1,0,123,17,20,6.6
23,Female,3.5,3.6,2.1,1,2.4,0.5,1.4,2.7,2.1,8.5,6,3,2,3,68,1,0,69.9,20,4,7.7
52,Male,4.9,1.6,2.3,1.3,1.7,2.2,3,1.2,1,5.8,6,10,6,6.1,38,1,0,160.5,9,16,15.2
23,Female,6.6,2.8,2.2,0.2,2,0.9,3.9,0.9,1.1,7.3,7,10,9,1.9,64,1,0,214.4,15,15,1.2
48,Female,6.3,2.1,1.5,1.1,2.3,2,2.7,2.8,1.4,4.8,4,5,9,3.4,70,0,0,148.6,5,20,3.5
61,Male,6,4.1,2.2,1.1,1.4,2.2,1.2,3.1,1.1,7.2,4,3,8,0.5,77,1,0,98.7,2,17,0
51,Other,6.3,3.2,3,1.7,1.2,2.6,1.8,1.7,4,6.9,9,9,8,3.7,68,0,1,142.6,19,9,10.3
52,Female,5.3,2.8,3.1,2.4,1.9,2.7,2.5,4,3.1,7.5,7,1,1,2.9,43,0,1,175.7,14,16,16.9
47,Male,2.8,2.1,1.5,0.2,3.8,0.9,1.7,5.4,1.2,6,10,1,7,2.7,71,0,1,139.9,4,6,20.7
46,Female,5.2,2.5,2.2,1.7,0.7,2.2,2.9,4.8,1.1,6.7,6,3,1,4.7,63,1,0,95.1,5,14,22.4
59,Other,6.9,5.7,3.5,1,1.1,3.1,1.1,2.2,1.6,7.1,1,6,9,1.6,71,1,1,251,11,18,4.5
36,Male,5.7,2.2,1.5,0.6,0,0.6,3.9,1.9,0.8,5.9,7,2,3,5.8,65,1,1,74.4,0,8,12
34,Male,6.8,3.7,1.4,1.2,1.9,4.1,1.9,3.5,0.8,8.2,6,1,1,1.5,73,0,1,263.7,9,20,6.8
17,Male,4.8,2.8,2.8,0.3,1,0.8,1.2,3.4,1.2,6.7,4,8,8,5.7,60,0,0,145.4,2,20,23.2
45,Male,8,3.7,2.6,0.4,0.1,4,2.7,1.1,0.8,6.9,8,10,7,0,76,1,1,194.9,20,4,20.4
48,Female,0.9,4.3,1.2,0.1,1.4,0.9,0.8,2.2,1.4,5.5,7,9,2,3.6,63,0,0,160.8,4,9,11.3
59,Female,6.3,2.5,0.6,1.3,3,1.9,2.2,3.4,1.6,4.5,8,10,7,4.2,75,0,0,106.1,14,12,5
32,Male,8.7,4.1,2.2,1.2,1.1,1.8,3.7,1.3,0,4.9,9,1,5,2.3,51,1,0,216.4,3,0,0
31,Female,9,7.1,1.6,0.6,1.2,0.4,0.5,1.5,0,7.2,1,3,7,3.6,50,0,1,180.8,18,20,0
47,Male,5.5,3.9,0.3,1.8,3,2.8,3.4,1.7,0.4,5.6,3,5,10,2.3,68,0,1,145.2,16,5,0
64,Other,3.3,5.4,1.3,0.7,1.5,2.9,0.5,2,1.5,7.4,2,7,7,3.9,35,0,0,186.4,7,2,0
55,Other,8.7,3.7,2.6,1.6,0.3,2.7,3,0.5,0.4,8.5,3,10,2,3.5,51,1,1,143.1,4,16,25
29,Male,5.9,1.6,1.8,1.1,2.2,1.7,0.9,3.4,3.5,7.4,2,4,2,7.4,63,1,0,39.9,3,11,0
57,Female,5.7,3.4,3.6,0.7,2.6,1.2,3.4,1.5,2.1,7,6,6,7,0.2,61,1,0,64.5,18,10,1.5
55,Female,4.2,2.5,0,0.9,1.3,3.3,1.3,2.8,3.2,7.3,9,1,3,3.4,77,1,0,148.9,8,7,2.6
46,Male,3.5,2.1,3.3,0.4,1.6,2.3,1.6,2.6,2.1,7.8,2,4,4,2.2,53,0,1,134.1,12,11,30.8
21,Male,7.1,2.9,1.7,1.1,0.2,1.1,0.9,1.2,0,6.9,4,8,7,3.2,54,1,0,145.5,20,10,9.5
38,Female,7.3,2.8,1.5,1,0.6,2.3,0,0.2,0,7.3,5,5,2,2.7,78,0,0,133,16,4,18
14,Female,6.4,1.4,0.4,1.3,1.2,0,0.6,2.6,0.7,5.8,5,8,2,2.3,56,0,1,93.9,7,7,11.4
21,Other,4.5,7.1,2.5,1.4,1.6,2.1,0,1.9,0,5.3,1,1,9,2,35,0,1,80.9,18,11,0
21,Female,3.9,4.2,0.2,1.1,0.9,2.8,0,3.1,2.3,5.9,6,10,1,4.4,40,1,0,107.7,10,5,22.3
52,Female,3.1,3.4,2.8,0.3,1.1,1.8,2.4,3.6,1,6.1,5,9,3,2.3,32,1,1,187.7,20,8,13.2
29,Female,4.9,3.1,0.5,1.5,1.4,2.9,3.8,0,1.4,6.1,6,4,10,3,77,0,0,109.1,13,16,9
13,Female,4,4.8,0.6,1,0.5,3,4.2,2.2,2.6,7.9,4,9,4,3.4,75,0,1,202.1,17,1,24.1
37,Female,2.6,6.1,0.8,0.1,1.2,2.3,0.6,3.9,3.1,3.2,6,8,5,1.6,37,1,0,98.2,4,0,7.2
55,Male,7.3,4,1.3,1.2,2.7,4.1,1.9,4.4,0.9,6.2,9,8,3,4.2,21,0,0,209.3,11,17,8.8
52,Female,3.4,3.2,2.9,1.2,0.9,3.6,3.4,0.1,0,7.4,1,2,9,1.1,75,1,0,124.2,15,2,7.2
54,Female,8,5.2,3.5,0.8,0.6,2.8,0.4,4,0,7.3,6,3,5,4,52,0,0,134.6,15,13,18.6
37,Male,6.8,3.2,1.4,0.9,3.6,2.4,3.4,1.2,2.3,5.5,1,10,7,3.8,60,0,0,135,13,12,16.5
51,Female,6.6,3.7,2,0.7,1.7,1.7,3.5,3.4,1.5,8.6,7,9,7,2.7,37,0,1,179.1,6,1,12.2
47,Male,9.3,4.5,2.5,1.2,0.7,1.2,0,1.8,0.3,4.8,4,3,9,0.8,47,0,1,162.6,20,3,1.6
15,Female,3.4,2.4,1.7,1.1,2.1,3,0,3.5,1.9,6.1,6,8,2,3,56,1,1,157,20,14,7
62,Female,7.7,0,2.5,0.5,1.8,1.8,1.5,2,0.1,6.1,7,5,3,0.9,54,1,1,146,8,4,1.6
49,Male,5.4,2.3,2,1.8,0.9,0.8,3.1,0.6,0,6.1,5,7,4,2.8,56,0,0,121.5,2,9,19.3
56,Male,11.1,4.2,1.7,0.7,1.5,1,0.2,1.7,0,8.1,9,4,8,4.6,31,1,1,204.8,13,8,0
56,Male,5.2,4.1,0.6,0,1.2,1.2,0,3.2,0,6.5,8,8,1,3,59,1,0,154.3,0,17,22.8
63,Female,4.9,5,2.1,0.8,2.5,4.1,2.1,2,2.4,6.9,3,4,9,5.5,27,0,1,178.7,13,2,20.3
42,Male,6.9,2.4,3,1.5,2.2,3,2.8,1.1,1,7.6,1,5,5,3.6,73,0,1,160,19,13,2.7
50,Other,5.6,5.4,1.2,0.9,0,2,1.2,0.8,1.2,5.7,10,1,4,4.5,44,1,0,128.9,17,9,6.7
46,Male,4.5,3.3,0,0.2,3.4,2.5,1.3,1.4,1.4,6.3,8,10,8,4.4,26,0,0,269.8,2,16,4.3
24,Other,4.1,3.9,1.7,0.5,1.2,2.6,2.8,1.4,0.2,8.5,4,8,9,5.8,21,0,0,211.5,5,14,13.4
31,Other,8.9,4.4,3.5,0.5,3.2,1,1,3.2,0.7,7,7,7,3,0.4,52,1,0,123,3,17,21.3
49,Female,3.7,0.9,3.2,0.7,2.2,0.6,1,2,0.8,5.2,4,5,4,2,75,1,1,252.6,0,16,19.5
56,Female,6.4,1.5,1.4,0.9,1.7,3.3,2.3,2.1,0.3,5.5,7,6,1,3.1,52,0,1,196.4,20,2,6.5
61,Female,8.1,1.4,2.5,1.2,1.4,0.4,2.5,2.3,0.7,7.6,1,1,3,4.6,59,0,0,95.4,2,15,20
29,Female,8.2,4.6,2.6,1.1,4.3,2,1.7,3.2,1.1,5.1,1,8,10,3.3,79,0,0,194.1,17,18,19.4
22,Male,4.8,2.5,3.5,1.1,1.2,1.1,3.8,3.3,1,5.9,2,9,5,3,76,0,0,170.8,19,12,8.5
61,Male,5.6,6,0.4,1.9,0.8,2.3,2.9,1.8,1.6,6.7,5,5,8,5.1,68,0,1,158.3,19,16,9.9
59,Male,5.2,3,0.9,1.4,0.9,1.7,1.6,2.2,0.7,6.5,10,10,1,2.3,42,0,1,200.7,2,15,22.3
24,Male,2.9,0.8,0,1.4,1.5,2.6,0.5,3.3,2.7,8.3,6,7,1,2.2,24,0,1,167,20,8,18.5
28,Male,7.1,2,1.3,0.1,1.5,0,3.2,1.6,0.2,3.6,2,10,3,4,80,1,1,49.5,20,20,19.8
36,Female,6.1,3.2,3.1,0.6,2.5,3.3,3.2,1.8,0.7,7.1,1,4,9,7.8,33,0,1,82.3,15,11,30.7
31,Other,8.9,3.8,1.4,0.2,2.3,2.9,1.9,3.3,1.6,6.2,9,6,9,3,27,0,0,107.2,6,2,14.4
20,Male,4.4,1.5,0.7,0.6,2.3,3.2,2.3,1.8,1.8,8.1,7,2,1,1.7,39,0,1,249.8,8,8,12.6
43,Female,8.2,3.9,2.2,1.4,1.3,3.1,2.8,2.8,0,6.2,8,4,4,1.9,37,0,1,182.6,1,15,20.9
33,Male,8.3,4.3,2.3,0.8,2.2,2.4,3.9,0.4,1.1,6.3,6,5,8,2.3,42,0,0,177.1,2,4,25.9
29,Female,6.1,2,1,1.5,2.3,1.2,3.1,3.3,2,6.5,9,9,2,5.7,48,0,0,155.4,0,18,5.1
35,Other,1.7,6,1.5,1.3,1.4,2.5,2.5,2.2,0,5.7,8,9,4,2.3,26,0,1,103.9,5,12,8.4
49,Female,5,2.2,2.2,1,1.8,2.3,3.1,3,1.1,5.8,4,8,7,3.6,43,0,0,77.3,20,1,1.9
28,Other,9.6,1.5,2.7,1.5,2.3,3.1,3.4,4,0,6.3,5,4,7,2.8,65,1,1,199.8,14,18,12.7
18,Male,6.6,0.7,1.4,1.7,1.7,2.7,2.3,2.1,0.4,8.5,2,6,5,0.4,44,0,1,233.2,4,17,17.1
20,Female,7.4,4.8,1.2,1.2,1.8,2.1,3.1,0.5,1.3,5.9,1,7,7,2.3,33,0,1,183.9,12,11,2.4
37,Female,5.8,3,3.9,1.1,2.9,2.5,1.2,2,1,5.7,6,1,6,0,57,0,1,125.5,7,17,19.1
30,Male,5.6,2.3,1.7,1.3,1.7,2.6,3.2,4.1,0.1,6,3,1,2,3.4,22,1,1,129.6,12,4,6.4
37,Other,2.3,0.8,2.2,0.3,0.9,3.3,1.2,2.7,2.4,6.5,4,4,9,4,72,1,0,184.7,18,19,5.7
24,Male,7.6,2.4,2.6,0.9,0.2,4.1,0.8,1.1,0.9,8.7,1,3,5,1.3,65,0,0,144.2,8,19,19
27,Female,8.2,6.6,0.2,1,1.6,2.7,1.8,2.2,1.7,5.6,6,10,2,1.9,33,0,0,142.1,2,7,5
38,Male,4.1,0,2,0.8,1.2,2.6,0.4,3.1,2.7,9.5,8,4,6,0.3,22,0,1,123.1,13,15,0
53,Male,5.6,2.1,0.4,0.6,2.3,1.7,1.3,2.3,0.5,7,10,9,10,0,61,0,1,116.8,6,1,15.9
57,Female,5.4,5.7,1.9,1.5,3.1,1.6,2.5,2.3,1.8,5.3,4,2,5,0,28,0,0,144,12,12,8.9
38,Female,6.8,4.9,3.4,1.1,0.5,1.1,2.3,1.6,1.6,5.8,10,4,2,4.3,72,0,1,70.8,8,0,19.6
59,Male,4.9,2.1,1,1.1,0.6,0,2.8,1.7,0,4.2,8,7,10,2.4,26,0,1,181,10,4,16.7
44,Male,7.9,3.3,0.3,1.7,1.5,1,2.8,2.8,2.4,6.6,10,2,10,3.4,45,0,1,56.6,8,20,0
22,Female,6.1,3.7,3.9,0.9,0.7,1.8,2.4,3.1,1.3,7.8,3,8,7,7.1,26,0,0,203.3,10,11,20.5
28,Male,0.9,3.2,0.9,0.8,1.3,1.6,1,2.3,0.7,6.5,7,10,10,5,26,1,1,123.6,13,3,25.2
19,Male,6.9,5.7,0.5,1.7,1,2.5,3.1,1.9,0,7.5,3,4,2,4.1,63,0,1,144.1,14,4,18.3
29,Other,8,3.5,3.6,0.3,0.5,1,1.9,3.5,0,7,6,9,7,2,77,1,0,177.9,16,10,18.6
35,Female,3.7,4.7,0.8,1,2.3,1.1,2.3,1.9,1.1,8,4,1,6,6.1,55,0,0,135.6,0,9,8
38,Male,6.8,3.3,3.6,0.6,1.6,0,2.1,2.9,0,5.3,6,7,4,5.5,71,0,0,113.1,2,7,6.2
33,Female,9.7,0,2.3,1.1,3.3,2.6,3.9,3.2,1.8,7.6,7,1,4,4.8,32,1,0,164.3,2,20,11.7
34,Female,6.2,1.2,3.3,1.3,1.9,0.9,0.6,0.9,0.8,8.8,8,10,6,3,22,0,0,259.9,2,8,17.4
19,Female,8.3,1.5,2.2,1.3,2.8,1.1,1.6,2.7,0,9.6,6,9,9,1.2,39,0,1,189.4,3,6,17.2
26,Female,5.1,2.6,3.1,1.5,0.8,2.7,2.6,0,0.5,8.2,4,10,10,6,28,0,1,112.1,16,13,6.5
27,Male,6,6.1,1.1,0.9,0.8,0.9,2,2.4,0.1,6.7,9,10,6,4.7,72,0,1,132.4,19,10,5.7
19,Male,5.6,3.5,1.4,0.9,3.7,2.5,1.4,3.3,0,5.3,7,1,6,2.6,41,0,0,126.1,3,17,0
21,Male,5.2,2.8,0,1.3,0.9,0.6,0,2.9,0,5.5,9,3,1,2.4,71,0,1,98.4,12,17,15.2
63,Female,5.7,4.9,3,1.4,0.6,2,1.7,3.5,1.3,6.3,3,7,5,0.6,64,0,1,180,6,7,6.9
60,Male,2.7,0.8,2.4,0.3,0.3,1.3,2.4,3,0.2,8.7,5,1,1,4.5,52,0,0,133.7,3,1,7.6
20,Female,5.3,2.3,1,1.2,3.4,1.7,2.7,1.8,3.1,5.9,1,5,9,3.3,80,0,1,165.9,7,20,23.8
62,Male,8.7,2,0.3,0.8,1.2,3.8,1.8,0.5,2.2,6.7,8,6,10,3.8,42,0,1,19.3,10,6,14.8
35,Male,4.1,3.6,2.3,1,1.9,0,2.2,2.6,2.8,7.6,1,3,4,4.9,80,1,0,184.5,18,4,12.6
41,Female,3.9,4.3,3.7,0.8,1.7,3.7,0.6,3.1,1.9,3,1,6,2,4.4,42,0,1,120.4,6,13,16.6
30,Female,6.1,3.7,1.9,0.6,0.8,0.9,2.5,0.2,0.6,5.2,7,4,9,1.3,57,1,1,99.7,8,13,21.4
43,Male,6.2,3.7,1.3,0.5,1.2,3,2,3,1.5,8.8,8,6,6,3,71,1,1,83.1,3,2,0
42,Female,6.8,2.5,1.1,0.9,2.3,3.3,2.2,2.6,0.9,7.8,3,6,10,3.8,45,0,1,104,3,5,5.5
64,Male,5.8,3.5,3.2,1.2,0.3,2.5,1.7,2,1.5,7.8,2,4,3,4,51,0,1,128.6,0,16,8.1
51,Female,6.1,1.7,1.2,0.7,2.2,0.5,2.3,3.1,2.1,5.4,7,1,2,0,80,0,1,194.4,5,7,2.2
47,Female,5.3,4,1.6,1.6,2.9,2.3,2.8,2.1,1.8,8.2,10,3,6,1,75,0,1,127.8,2,19,7.9
30,Male,3.4,2.2,3,2.2,1.8,5.1,2.3,2.1,1.2,5.5,5,10,10,4.3,47,1,1,199.1,2,2,0
54,Female,5.9,1.3,2.6,1.2,2.8,2,0,0.8,1.3,6.6,1,7,6,4.3,49,0,1,164.6,0,14,17.4
51,Female,7.4,3.1,1.7,1,0.1,1.9,2.3,3,1.4,7.3,2,2,9,6.2,59,0,1,241,6,4,5.9
29,Female,7,0.1,1.3,0.5,0,1.8,1.5,0.8,2.3,7.5,3,4,5,0,36,0,0,125,8,18,11.6
26,Male,2.5,5.2,3.5,1.2,1.7,2.6,1.2,1.6,0.7,7.1,6,6,9,4.8,76,1,1,170.7,2,1,10.4
43,Male,6.5,4.2,0.9,1.7,0.9,1.9,3.6,3.1,0.9,6.3,1,5,5,3.8,75,0,0,212.4,14,20,14.5
36,Other,4.2,3.5,1.8,2,2.4,2.3,0.9,2.3,0.7,4.3,8,6,2,0.9,37,1,1,181.5,2,7,0
47,Male,8.8,0.6,0.5,1.7,1.2,1.6,1,4.7,1.3,6.6,2,5,1,0,44,1,0,141.5,10,8,13.6
56,Female,6.7,1.9,3.2,1.4,1.6,0.8,0,3.3,1.8,3.9,5,9,9,4.9,23,0,0,125.6,17,4,7.8
57,Female,7.8,3.1,1.5,1.2,1.6,4.8,3.7,3.5,1.5,7.2,8,2,10,1,45,0,0,52.8,2,2,13.3
46,Female,6,2.6,1.3,0.5,1.6,1.9,3.1,3.6,1.1,5.3,5,4,7,0.4,50,0,1,138,19,11,0.6
15,Male,5.9,0.5,2.7,1,1,5.8,1.6,2.2,2.3,6.3,8,1,3,3.9,31,0,1,103.9,6,2,13.3
49,Male,9,1,0.6,0.9,0.1,2.5,2.7,1.8,0.4,5.9,6,7,6,3,73,1,1,122.9,8,18,20.4
55,Female,7.9,2.6,2.6,1,1.3,2.7,0,0.9,0,7.2,7,1,10,4.1,67,0,1,152.6,16,15,11.5
52,Male,6.2,1.1,1.6,0.6,3,1.6,2.6,0.6,1.5,5.6,8,6,4,3.9,37,0,1,71.9,8,15,4.3
38,Male,5.6,5.1,0.8,1.4,0.9,1.3,1,4,1.2,6.8,3,10,9,9.7,29,0,0,100.4,9,0,4.6
35,Male,2.6,3.7,1,0.9,0.9,1.7,4,1.7,1,6.7,5,10,2,4.4,55,0,1,169.4,12,16,14.6
56,Male,6.6,1.8,1.3,0.8,1.7,1,2.4,3.7,0,6.6,10,9,4,4.3,21,0,1,86.7,4,20,14.6
51,Female,5.7,4.8,1.6,0.6,0.3,0.9,2.2,0.6,1.4,7,7,2,1,1.2,79,0,1,147.7,13,19,12.9
27,Male,7.1,4.5,0.8,1.1,2.5,4.1,1,2.3,3,5.1,9,1,7,6.1,44,0,0,79.9,3,2,9.7
61,Male,7.7,3.4,2.3,1.7,0.4,3,1,4.1,0,5.1,6,10,4,2,66,0,1,176.3,13,16,11.6
16,Male,8.5,2.9,0.8,1,1.2,3.8,2.7,2.8,1,8.2,10,3,5,1.2,28,0,0,182.9,10,16,9.5
41,Female,6.7,2.6,0,1.1,4,3.3,1,2.9,1.3,4.7,1,6,1,2.6,66,0,0,211.7,9,15,7
34,Female,3.9,2.2,3.9,2,0.4,1.3,1,1.7,0.8,9.1,8,7,2,3.9,51,0,0,212.3,4,5,16.1
37,Male,1.7,1,2.2,1.6,3,0.2,3.7,1.3,1.4,6.3,6,8,4,2.1,24,0,0,163.7,20,17,12.5
25,Female,4.4,5.3,4,1.3,1.6,1.4,2.3,2.4,0.8,5.5,1,4,2,1.2,70,0,1,61.9,11,13,20.3
30,Female,8.7,2.2,1,1.3,1.8,2.1,0.7,1,1.4,7.5,4,8,1,1.2,22,0,1,150.1,20,19,18.9
45,Female,9.6,3,2.5,0.7,0.7,3.4,2.7,2.4,0.9,5.8,6,7,10,3.4,36,0,0,172.9,14,7,12.2
28,Female,5.5,1.6,2.9,0.6,2.3,1.9,1.7,3.8,0.7,6.9,10,8,1,4.1,32,0,1,156,12,18,14.8
57,Male,3.1,2.6,1.8,1.1,1.1,5.6,0,0.9,1.1,8,1,5,6,4.3,75,0,1,233.1,7,8,2.3
54,Male,4.7,7.3,0.6,1.1,0.4,1.5,1.4,3.3,1.7,7.4,10,10,2,0,22,0,1,214.9,3,20,9.4
56,Male,8.3,1.9,1.7,0.6,3,2.7,0.7,3.8,0,7,5,7,3,1.3,47,0,1,151.3,12,17,12.7
14,Male,4.8,5.2,2.6,1.4,1.1,1.3,2.3,2.2,1.9,7.3,3,4,5,4.9,23,0,1,187.3,14,0,0
47,Other,7.2,3,2.6,0.9,0,2.5,1.2,2.5,0.5,6.5,7,1,3,2.2,37,0,1,76.7,8,20,13.4
54,Male,6.3,4,2,1.6,1.2,1.8,2.1,1.9,1.8,7.5,8,3,6,3.4,75,0,0,159.5,5,16,2.3
46,Male,7.4,4.9,2.9,1,2.3,1.7,2.8,2.1,0.5,5.2,3,10,7,8.3,54,1,0,86.8,17,3,3.2
42,Female,9.6,3.4,2.9,0.9,2.1,1.3,4.8,3.6,1.9,8.3,10,9,10,0,33,0,0,141,8,15,5.8
25,Female,7.2,2.5,1.5,0.5,0.9,2.2,4.4,3.4,1.2,6.3,3,4,6,2.7,35,0,1,116.1,5,11,9.8
25,Male,6.3,2.7,0.5,0.6,0.5,3,2.3,3,0.3,6.7,3,5,2,4.4,31,0,1,117.4,20,12,0
30,Male,9.9,2.8,2.2,1.7,0.1,0.8,1.9,3.3,0.8,6.1,6,3,9,1,30,0,1,109.4,6,1,16.9
44,Male,6.7,5.8,1.3,1.1,1.5,1.9,1.3,2.8,2.4,7.2,6,6,2,2.7,21,0,0,130,11,11,11.4
44,Female,4.4,0.8,2.1,1.2,1.7,2.6,0,0.9,1.3,7.8,3,4,6,0.6,52,0,1,121.4,3,9,25.4
47,Male,7.4,0.3,3.3,1.8,2.2,2.8,0,3.9,0.7,5.3,6,5,9,4.2,32,0,1,181.7,10,14,12.4
51,Male,6.9,0.4,2.4,0.3,1.4,4.2,1,1.3,2.3,6.4,9,7,9,1.7,49,1,1,136.8,2,4,14.6
58,Female,5.4,1.7,3.3,1.3,1.3,2.7,4,2.4,2.1,6.7,8,7,2,2.1,45,0,0,147.7,6,0,3.2
64,Male,5,4.1,1,0.2,1.2,1.5,3.9,3.6,0.4,7,7,9,9,4.8,69,1,0,164.6,1,7,0.5
41,Female,5.4,4.1,3.1,0.8,1.7,1.3,2.1,0.7,1,6.2,7,2,8,4.1,37,1,1,164.4,9,20,15
61,Female,4.9,2.1,3.7,0.4,1.4,1.3,2.6,3.3,0,6,8,4,7,4.9,32,1,1,96.6,2,17,1.3
41,Male,5.5,3,2.1,1.4,2.4,1.2,1.3,1,2.1,7.6,7,8,8,6.5,23,1,0,136.8,16,5,15.1
56,Other,4.3,1.3,4.3,0.1,1.8,2.3,2,3.3,1.2,7.1,3,4,10,3.1,78,0,0,161.9,10,0,23.7
28,Female,6.8,1.5,1.1,0.9,1.6,2.5,1.1,4.1,1.9,6.8,8,3,8,7.2,52,0,1,106,0,13,17.6
56,Male,6.6,3.9,1.4,0.4,1.5,3,1.1,1.5,0,8,8,10,1,3.4,34,0,1,100.3,1,9,14.6
59,Female,6.7,4.6,2.6,0.6,0.6,2.8,2.7,1.4,0.9,4.9,1,6,9,5.6,36,0,0,91.3,12,3,12.2
22,Female,5.9,2.3,2.1,0.6,1.5,3.5,1.3,2.6,1.4,7.5,10,3,6,2.9,25,0,1,160.1,13,17,6.9
42,Female,5.6,5.5,1.3,1.7,0.9,1.2,2.6,1.3,0,6.9,5,2,1,4.7,24,1,0,135.3,16,18,9.1
37,Male,8.9,4.4,2.6,0.8,1.8,4,1.8,0,1.9,4.8,5,9,1,2.1,52,0,1,142.4,1,7,5.5
51,Other,6.1,5.4,2.4,1.9,1.3,1.2,3.7,2.5,0.9,7.9,1,3,7,5.7,73,0,1,61,16,11,0
32,Male,8.5,2.5,1.4,2,3.2,2.4,2.7,2.9,0,7.2,6,1,10,5.3,35,1,0,153.5,18,9,10.3
17,Male,4,5.3,2.2,2.1,0.2,1.8,2.3,2.1,0.7,7.4,6,9,2,2.6,65,0,0,156,8,12,18.9
13,Male,7.2,6.3,2.8,1,0,2,0.3,2.6,1.7,6.1,4,5,6,3.3,43,0,0,163.2,11,6,0
42,Male,4.5,2.4,1.4,1.1,1.8,2.8,1.4,3.9,0.3,7.4,6,7,5,1.1,80,0,1,222.1,15,16,21.2
61,Female,4.9,2.8,2.5,1.2,0.9,0.3,1.9,2,1.2,5.6,6,2,5,4.9,24,1,0,112,3,11,19.7
15,Male,5.2,1.6,1.1,0.8,1.7,1,2.1,2.2,0.8,4.9,1,1,10,4.7,22,0,1,174.4,10,5,13.2
57,Male,5.1,1.3,1.3,1.2,0.3,2.9,2.8,2.5,0,6.5,5,6,6,0.5,54,1,1,166.7,20,6,13.2
26,Female,5.1,1.3,3.1,0.5,3.4,2,2.2,2.1,1.8,7.3,2,5,8,7.3,80,0,1,172.8,19,12,8.5
42,Male,8.4,1.8,2.6,0.1,1.1,1.7,0.8,2.1,2,7.7,7,10,5,3.8,46,1,1,134.5,3,13,10.3
62,Male,6.1,3.4,0.1,1.4,0.8,0.7,2.7,4.7,2.3,6.7,9,6,8,2.5,31,0,1,188.2,1,12,6.3
16,Male,6.5,1.8,1.6,0.8,3.4,1.7,1.4,2.7,1.2,6.6,9,2,5,5.4,69,1,1,113.5,9,5,10.3
30,Male,5.1,3.4,2.5,0.5,2.3,2.8,1.2,2.1,1.7,7.7,9,7,10,2,60,1,1,126.5,8,18,11.1
49,Male,7.7,3.4,2.1,0.6,2.9,1.3,0.7,4.3,0,6.1,7,1,6,5.6,44,0,1,140.7,16,12,25
37,Female,6.7,2.3,2.6,1.8,1.3,3.6,1.6,3.9,1.4,5.8,7,8,8,0.6,74,0,0,138.5,11,8,14.5
60,Male,5.4,2.9,2.1,1.2,1.5,3.3,1.3,3.3,0.9,8.4,1,7,2,2.6,36,0,1,168.7,3,10,8.3
13,Male,2.8,2.2,1.9,0.2,0.9,1.6,3.4,1.7,1.1,6.2,6,7,7,2.8,68,0,0,163,8,9,9.2
58,Female,6.4,2.5,1.8,0.4,0.8,1.3,1.7,6.1,0.1,7.6,5,6,3,1.9,39,1,1,163.4,13,2,4.3
27,Female,7.2,1.8,3.1,0.9,1.9,0,2.6,0.5,2.3,8.1,8,10,9,1.5,47,0,1,216.1,3,18,5.6
21,Male,4,3.1,2.7,1.2,1.1,0.7,0,0.2,0,6.8,8,5,10,2,69,1,0,139.6,1,6,17.3
27,Female,5.4,2.1,2.4,0.6,3.7,0.6,2.9,3,1.5,6.8,4,9,7,1.9,80,1,0,202.8,17,4,6
61,Male,7.1,1.3,2.1,0.9,2.3,0.3,2.8,2,0.3,8.7,1,3,3,2.1,54,0,0,96.8,12,14,5.1
36,Female,2.9,3.9,1.5,1.1,3.4,2,0.3,0,3.3,4.9,6,9,8,5.9,69,0,0,143.6,9,1,5.3
16,Female,4.7,3.9,1.7,1.1,0,2.4,1,2.3,1.9,4.9,10,5,10,3.9,34,0,1,146.6,13,10,4.2
24,Male,6.8,4.7,3.1,0,3.4,4.2,1.2,2.6,1.2,7.5,1,8,2,2.8,52,0,1,84.6,8,5,19
49,Other,8.2,1.5,3,1.1,0,2.1,1.8,2.3,0.2,6,5,3,10,4.5,22,0,0,152.3,10,4,11.1
49,Male,10.4,2.3,1.4,0.1,0.2,0,1.2,2.9,2.1,7.5,5,7,8,2.8,26,0,0,155.8,19,19,7.7
55,Female,9.9,3.3,2.1,0.9,0,1.1,1.7,1.9,0,6.4,3,10,7,1.4,29,1,1,179.9,0,6,10.2
18,Male,6.3,2.2,2.5,0.7,1.7,2.7,2.8,2.3,1.6,7.5,5,4,5,0,60,0,0,174.1,11,3,11.7
51,Female,5,3.9,2.4,0.5,1.5,1.9,1.3,4.2,1.7,5.4,6,5,4,5,45,0,1,86.1,16,4,4
58,Female,7.8,3.7,2.4,1.4,2.3,3,2.4,3.7,1.7,7.2,5,4,10,0,60,0,0,209.8,16,4,0
36,Female,4.9,3.7,0.9,0.4,1.4,1.4,2.2,2.2,2,5.9,1,9,10,0,59,1,1,126.9,7,9,20.7
23,Male,4.5,5.2,0.8,0.7,2.7,3.4,0,3.2,0.6,7.4,7,7,1,4,25,0,0,119.8,16,17,17.9
25,Female,5.4,4,3.2,1.4,0.6,2.3,1,3.6,1.7,9.3,3,6,4,3,52,0,0,174.5,20,1,13
46,Female,5.1,3.2,3.5,0.7,2.7,2.3,3.2,1.3,0.5,5.5,7,6,6,5.9,35,1,0,192.6,19,14,17.4
37,Female,6.8,2.7,0.5,0.6,1.5,2.2,0.9,2.9,0.4,6.1,5,10,6,1.7,43,1,1,126.4,20,8,25.3
19,Female,4.8,2.8,2,0.9,3.9,1.1,0.7,2.7,0.2,6.3,3,7,2,4.5,75,1,0,147.8,12,1,5.7
64,Female,6.2,1.4,2.8,1.3,2.4,1.9,3.2,3.4,0.9,6.9,6,5,9,2.6,49,1,1,195.6,12,2,1
16,Male,9.2,0.4,0,1.7,1.2,2.4,2.2,1.3,2.3,3.8,1,10,1,4.1,79,0,0,103.5,14,19,15.3
20,Male,6.2,3.7,0.9,0.5,1.5,0.3,3.7,2.5,2.9,6.5,6,3,4,3.3,76,1,0,10.1,17,1,0
32,Female,9,4.8,1.9,0.6,0.5,2.1,1.4,1.5,0.9,6.2,4,3,4,4,29,0,1,176.9,12,1,10.3
41,Male,8.4,2.5,1.4,0.9,1.9,3.5,3.4,2.9,0.6,6.2,4,7,2,3.4,30,0,0,195.8,7,18,7.6
63,Other,7.2,5.4,2.2,1.1,1.2,2.5,0.9,1.4,2.5,6.9,5,10,8,3.6,63,1,0,70.3,6,13,15.4
57,Female,5.3,2.7,3.5,0.6,2.2,3.6,0,1.8,1.6,6.9,9,1,2,0.8,41,0,0,149,18,17,6.1
58,Other,8.1,0.1,1.1,1.3,0.2,2.5,2.8,2.7,1.2,6.9,1,4,2,3.2,22,0,1,125.1,9,20,19.6
22,Male,5.5,4.4,2.1,0.5,1.2,0.9,2.7,1.3,0.1,5.2,3,10,2,4.2,57,0,1,156.4,11,0,4
55,Female,6,2.3,1.7,0,0.3,2.9,2.8,0.4,2.6,6.2,4,8,1,2.9,59,0,1,46.6,1,6,15.6
46,Female,6.7,4.5,2.1,1.3,0.4,0.6,1.8,3.9,1.3,6.1,2,4,5,2.8,42,0,0,86.6,13,7,4.7
38,Female,6,1.1,2,1.3,2.1,1.7,3.8,1.7,1.2,7.1,9,1,4,0,64,1,0,172.4,9,11,14.4
53,Female,4.6,3.6,4.6,1.5,2.6,1.7,3,0.7,1.7,5.3,7,5,2,6.1,75,1,0,143.3,16,3,1.9
61,Male,2.9,1.8,3.5,0,0,1.2,3,1.1,1.2,6.7,1,1,1,0.3,38,0,0,225.2,12,6,9.8
15,Female,7.9,3.3,0.4,0.7,3.4,4.9,2.1,2.4,2.7,8.4,9,9,1,1.8,59,1,0,179.4,0,17,20.6
18,Female,7.1,4.1,1.1,0.9,2.9,1.9,0.4,4.6,2.2,3.3,6,8,2,1.4,72,0,0,101.8,14,17,10.9
17,Male,2.6,3.8,1.2,1.9,0.2,4.2,2.1,2.3,0.6,6.3,2,7,1,3.6,74,0,0,186,0,9,19.5
17,Male,4.5,3.1,0.8,0.9,2.3,2.4,2.4,3.3,1.3,4.1,1,5,9,3.7,32,1,0,235.4,14,9,9.8
59,Other,6.4,0.9,0.6,0.3,1,1,4.4,2,0.6,6.5,6,4,2,4.3,55,1,0,146.4,19,5,6
35,Female,6.9,4.1,1.8,1.1,1.4,1.5,2.3,2.7,3.1,7.5,7,7,3,4.4,22,0,0,170.1,14,11,11.4
61,Other,3,4.5,1.3,1.7,2.1,2,0.7,2.2,0.5,5.9,10,3,9,6.4,41,0,0,191.3,13,9,14.9
21,Female,5.8,1.4,1.1,1.5,2,1.6,2.6,3.2,1.1,7.6,6,8,5,2.4,44,0,1,141.7,12,12,0
47,Male,7.1,1.7,4,1.3,0.9,1.7,3.5,1,1.6,8.1,7,5,8,1.3,39,1,0,44.2,1,11,14.2
32,Male,5.3,4.6,1.3,1.1,0.9,2.7,4.1,2.6,1.7,7,6,5,7,2.5,47,0,0,177.8,7,18,2.5
61,Male,6.5,2.7,1.6,0,1,2.4,1.9,2.7,1.9,5.9,8,1,6,0.8,76,0,0,190,8,0,0.5
54,Male,5,1.7,2.7,1,2.6,2.8,1.8,3,2,7.1,2,10,2,2.3,22,1,0,223.2,18,0,14.3
47,Male,7.8,3.4,1.6,1.1,0,3.8,0.3,0.8,1.9,8.5,9,8,4,0,41,0,1,95,18,10,20.7
62,Male,4.4,2,0.8,0.9,1.3,1.4,1.3,1.9,0.8,4.9,9,7,9,1.3,63,1,0,97.3,8,17,11.7
30,Male,3.7,3.2,1.7,1.4,3.1,3.3,2.5,3.3,0.7,7.8,9,1,7,0,56,1,1,115.5,6,1,0
29,Other,6.1,2.4,4,0.9,2.2,3.7,0.2,2.8,1.2,5,7,4,3,5.4,76,0,1,141.6,13,5,4.6
36,Male,3.1,2.5,1.5,0.8,2.6,3.6,4.5,4.8,0.6,4.7,9,4,6,3.2,57,0,1,176.9,1,15,6.7
15,Female,1.8,4.7,1.1,1.5,1.4,0,1.6,1.8,0.5,5,1,9,8,6.8,37,0,1,93.9,11,0,11.6
44,Female,8.2,0,2.4,0.8,0.3,4.2,2.1,0,0.8,6.5,3,10,8,5.2,39,1,1,197.5,10,8,9.4
47,Male,4,3.8,1.7,1,1.6,1.2,2.4,1.9,3.3,8,2,2,8,5.4,65,0,0,194.9,16,14,14
50,Male,3.3,4.4,4.7,1.4,0.8,0,3.4,0,2.7,4.1,1,4,8,2.7,24,1,0,196.4,1,15,18
25,Male,4.4,2.1,1.2,0.5,3.7,4.1,2.3,3.4,1,7.7,5,10,10,4,62,0,1,134.5,11,13,12.8
59,Male,4.3,4.4,3.7,0.4,1.3,2.6,0.7,2.5,0,6.3,1,3,6,1.2,78,0,1,38.2,14,6,17.2
37,Female,5.7,1.6,3.2,1.7,2.1,2.7,2.5,3,0.6,5.2,3,10,10,1.9,28,0,1,230.1,7,0,7.8
21,Male,3.8,2,1.6,0.7,3.2,1.6,3.4,3.2,2.1,7.2,6,5,3,3,48,0,0,120.4,7,15,36.4
16,Male,7,1.8,2,1.3,0.4,2.2,0.9,3.9,0,5.9,6,7,9,0,36,0,0,185.9,17,8,14.4
26,Male,7.3,4.4,1,0.1,0,1.8,3,0,1.8,9.2,3,5,3,2,31,0,1,156.1,13,10,15.5
49,Other,3.5,0.4,1.5,0,2,1.3,2.3,0,1.7,7.1,4,5,4,4.6,76,0,0,206.4,9,9,24.1
46,Female,4.8,5.5,1.6,1.2,2.2,2,2.1,1.5,1.2,6.6,7,4,10,2,45,0,1,147.4,3,10,10.7
23,Female,5,2.5,2.2,0.9,1.1,2.1,1.2,2.1,1.2,7.3,6,9,1,1.5,52,0,1,153.4,15,5,4.8
53,Male,5.7,3.9,0.6,1.2,0.3,0.4,1.7,2.8,0.3,8.1,2,6,2,2.2,52,0,0,159,15,1,20.5
15,Female,8.2,3.8,2.3,1.9,1.8,2.1,2.5,2.7,1.9,8.2,9,10,6,4.5,55,0,1,170.9,20,17,20.9
40,Female,8.3,3.2,1.9,0.4,1.5,0,1.5,2.7,1.5,7.6,6,6,1,3.7,48,0,1,88.2,16,11,11.2
41,Female,11,2.1,2.4,1,1.8,4.3,0.8,0.5,0.7,8.2,2,6,9,2.5,41,1,0,243.8,8,13,24.1
21,Other,1.5,4.9,2.5,1.7,0.4,1.9,0.8,1.5,0.4,7.9,7,6,8,3,37,0,1,146.5,10,7,9.3
15,Male,4.2,2.2,1.8,0.5,1.8,0.7,2.3,2.1,0,7.6,10,1,2,4.7,36,1,1,178.8,12,3,17.5
37,Other,9.6,1.9,2.5,0.7,2.3,2.6,2.6,2.3,1.6,6,10,6,2,5.6,63,0,0,225.8,0,17,22.1
46,Other,2.4,4.3,1.9,0.1,0,1.1,1.9,1.8,1,8,4,4,8,2.1,71,1,0,149.6,6,20,10.8
24,Male,9.6,3.2,2.7,2.1,3,2,4.2,2.8,1,6,1,2,8,2.8,43,0,0,100.2,10,12,13.7
54,Female,6.3,5,2.3,0,1.8,2.5,0,1,0,6.8,10,6,1,5.5,41,0,1,98.6,2,13,18.2
21,Other,6.4,2.9,2.2,1.4,2.4,0.8,2.5,1.9,0.1,6,9,1,5,4,63,0,0,127.5,1,19,7.1
27,Male,3.4,2,1.9,0.3,0.2,4.3,0,3.2,0,7.3,10,1,2,0.2,24,0,0,166.7,13,14,3.5
52,Female,5.1,3.4,3.3,0.5,2.2,4.5,1.9,2.8,2,8,8,5,1,1.2,20,0,0,171.9,9,19,20.7
37,Other,9.5,2.3,2.4,1.5,0,1.4,2.3,2,1.4,6,5,6,3,1.3,38,1,0,206.5,19,18,12.5
17,Female,5.9,2.1,0.7,0.6,0.6,0.7,1.8,2,0.9,4.8,3,2,3,2.2,49,0,0,73.2,16,13,6
23,Male,5.1,4.2,1.5,1.3,1.8,1.4,0,1.9,2.3,7.7,4,10,10,3.7,58,0,0,161.1,7,11,10.8
46,Female,6.8,5.7,1.8,1.7,1.2,1.4,1.9,2.1,2.2,7.7,3,8,9,6.8,34,1,1,180.8,14,14,14.1
36,Male,5.6,2.6,2,1.1,1.5,3.3,2,1.8,2.3,8.4,10,4,10,2.8,65,0,1,178.9,5,5,0
27,Female,6.7,1.5,2.2,1.4,3.4,1.4,3.1,2,1,7.6,8,4,1,4.3,77,0,1,29.2,19,18,15.7
50,Male,4.3,2.8,1.1,1,1.5,0.6,0.3,2.9,0,7.6,5,10,2,5.3,54,0,1,131.4,1,1,13.3
20,Female,5.8,3.8,1.9,1.1,2.2,2.1,3.7,2.9,2.9,5.6,8,5,9,6,24,0,0,190.7,14,5,23.2
17,Female,4.7,3.4,1.7,0.7,1.4,0.2,0,0.8,1.7,7.4,1,10,5,5.3,25,0,1,109.4,15,10,8.2
60,Female,2.4,4.8,3.1,2,1.4,3.3,0.4,4.8,1.7,9.1,9,4,9,1.5,44,0,0,90.7,1,0,21
38,Female,7,4,1,1.4,0.5,2.7,2.2,1.8,1.9,5.8,10,5,6,0.1,30,0,0,178.2,13,8,9.6
30,Female,3.5,1.3,2,1.3,1.9,1.3,2.4,3.1,4,5,3,10,10,1.7,70,0,0,165,19,12,11.1
18,Female,5.7,2.3,1.3,1.4,4,1.4,3.8,1.1,1.1,6.7,1,3,10,3.3,41,0,0,161.5,0,8,12.2
49,Male,7.9,0.9,3.9,0.7,1.6,2.3,2.2,4.4,2.6,7.6,3,8,3,1.5,78,1,0,117.7,8,14,26.7
60,Female,3,4.7,3.3,1.5,1.2,0.7,1.9,3.2,0.3,6.8,2,6,8,0,53,1,0,84.3,16,17,0.1
25,Male,7.2,0,0.4,1.8,2.6,1.1,2.5,3,2,8.6,7,8,9,0.6,76,0,1,197.5,20,3,14
40,Other,5.4,1.1,1.2,0.3,2.5,1.7,0,2.3,3,5.5,10,5,2,9,63,0,1,316.9,13,3,10.3
17,Male,4.1,2.2,2.9,1.3,1.9,0.4,0.8,0.1,1.2,4.7,4,7,9,2.6,76,0,0,69,9,11,9.8
25,Male,10,3.8,2.5,1,1.2,1.5,0.6,4.7,0,8.2,7,10,4,6.6,74,0,1,201,12,8,14.7
29,Female,6,2.2,2.4,0.7,2.6,0.7,3.1,3.6,1.8,4.8,3,7,8,2.5,33,0,1,141.4,12,17,18.8
62,Female,4.9,2.5,2.2,0.5,1.6,3.7,3.6,2.1,1,6.9,6,6,5,4.6,78,0,1,165.9,18,5,14.3
52,Male,4.4,2.5,3,1.5,2.4,1.5,4.2,3.1,2,8.2,7,10,6,2.7,28,0,1,147,7,16,19.9
57,Female,7.8,3.3,2.8,1.1,0.7,0.9,2.7,0.8,0.7,6.8,7,4,4,3,39,1,0,259.8,6,16,8
44,Female,4.8,1.2,1.7,0.9,0.9,2.8,3.1,0,3.6,5.7,5,6,5,4.6,35,1,1,109.9,16,12,9.6
41,Female,7.5,1.6,0.8,1.3,1.6,1.2,2.1,2.5,1.3,8,6,9,1,2.2,77,1,1,119.9,7,11,2
63,Male,6,5.5,0.3,0.9,0.3,0.7,1.4,1.5,2,6.7,3,4,3,0.6,36,0,0,153.8,3,13,25.9
15,Female,8.2,3.6,1.9,0.6,1.1,3.1,0.7,1.9,0.2,6.2,4,6,4,1.4,36,1,0,178.4,6,7,8.5
52,Female,3.9,4.1,0.2,1.1,0.2,1.6,0.6,2.4,0,8.5,6,6,1,1.4,53,0,0,216.7,19,14,7.6
46,Female,4.2,3.1,2.3,1,0,3,0.4,1,0,6,3,3,3,3.2,61,0,1,174.6,16,8,14.9
52,Female,5.4,2.8,1.7,0.1,3.9,2,2.9,2.4,0,5.8,7,4,4,0,30,1,0,161.3,4,0,18.9
39,Female,5.6,3.7,3.9,0.7,0.9,2.2,1.5,1.1,1.9,5.4,3,3,9,3.6,54,1,1,127.9,19,16,4.5
25,Male,5.3,4.1,2.3,0.4,1,2.7,1.1,3.8,0.6,8,9,3,3,5.5,53,1,1,175.6,3,9,19.5
57,Male,11.3,4.3,2,0.2,1.6,1.2,0,2.4,0,7,4,10,3,2,55,0,0,114.3,18,4,7.6
45,Male,10.1,2.8,0.4,1.2,0.4,1,0.9,3.2,0.5,5.9,2,4,4,1.7,27,0,1,160.1,0,10,21.4
18,Male,6.6,4.4,0.7,0.7,1,3.4,1.7,0.2,1.9,4.8,6,4,9,6.9,38,1,1,139.1,20,2,5.7
36,Male,6.8,0,2.7,1.5,3.3,2.7,0.2,3.3,1.9,8.2,9,6,9,5.9,71,1,0,100.9,9,1,15.9
31,Female,5.5,4.3,1.7,0.1,1.9,1.9,5.2,4.4,2.2,5.9,10,4,1,3.9,69,1,0,227.9,5,3,10.3
28,Male,3.9,2.4,4.5,0.9,2.5,3,0.4,2.7,0.9,4.3,10,6,8,1.5,52,0,1,101,11,20,1
52,Other,5.6,3.8,1.9,0.7,3.1,2.6,3.4,3.2,3.2,6.6,2,2,10,4.2,75,0,1,130.3,16,1,0
40,Male,7.5,2,2.2,0.2,1.7,3.1,1.9,2.2,2.3,7.7,4,4,1,1,42,0,1,70.8,4,0,4.1
45,Female,8.6,1,0.7,1,1.3,0.6,1.3,3,0,7.4,5,2,2,0.4,77,1,0,141.6,8,8,17.9
60,Female,8,3.5,2.9,0.3,0.1,1.9,1.7,4.6,2,6.6,9,8,10,3.9,21,0,0,171.7,8,2,0
53,Male,3,0.7,1.1,1.1,1.1,3.4,2,5.4,1.2,6,7,9,5,2,27,0,1,104.7,4,5,12.7
25,Male,5.4,2.4,2.5,1.4,1.3,4,2.3,2.9,1,5.8,5,7,6,0,48,1,1,59,18,13,12
55,Female,3.1,1.8,2.8,1.1,0.7,1.4,0.8,1.2,1.2,8,6,6,2,4.2,61,0,0,131.2,10,0,0
57,Male,8.3,2.7,2.1,1.2,3,2.2,2.7,3.3,0.5,4.2,9,8,10,5.9,70,1,1,142.2,11,11,3.6
37,Other,5.2,4.2,3.8,1.5,2.6,2,1.7,0.9,2.2,5.4,4,4,5,4.3,26,1,1,138.2,4,20,3.6
54,Female,5.9,2.3,1.4,1,2.5,0.5,0.4,1.7,0.6,6.4,2,10,3,2,68,0,0,229.3,7,15,10.4
48,Other,7,3.5,3.7,0.6,1.4,1.7,1.5,1.8,0.6,4.1,5,2,7,0,79,0,1,166.7,16,19,21.7
39,Male,11.5,4.1,0.7,0.7,0.5,0.1,3.7,5.2,2,6.2,7,4,1,3.3,48,1,0,162.8,7,18,18.6
50,Female,6.5,2.1,2.8,0.7,2.8,1.8,2.3,4.4,3.4,5,4,5,5,1.7,50,0,1,166.5,1,17,7.1
19,Female,5.5,2.1,1.9,0.5,1.8,0.8,2,4.1,0.7,7.1,1,9,3,1.2,49,0,0,166.2,17,13,3.4
17,Female,3.5,5.1,1.3,1.4,2.3,2.2,1.5,3.6,0,5.8,8,5,2,0,54,0,0,127.8,18,2,0
55,Male,8.9,2.9,0.3,1.3,2.1,1.6,1.6,1.3,2.3,6,5,9,3,6.8,44,0,1,103.2,20,13,7
57,Female,5.6,3.8,1.7,0.2,1.8,1.6,2.3,2.8,1.4,5.7,10,9,10,0.8,66,0,1,273.6,9,16,2.8
63,Female,9.3,3.8,1.7,0.6,3.5,3.9,1.7,4.9,1.7,7.3,2,8,4,0,23,0,1,142.7,6,12,9.7
43,Female,8.2,1.2,2.2,0.5,0.8,2.1,2.5,3.1,1.2,6.4,3,5,2,6.4,68,0,0,151.1,8,0,10
35,Male,5.1,1.9,2.7,1.2,1.2,4.3,2.4,3.8,1.8,7.6,10,2,2,3.1,62,0,1,152.3,11,7,6.2
54,Female,3.2,3.6,1.2,1.5,3.1,2.5,0.6,0.4,1.6,7.9,10,5,3,2.8,57,0,0,112.2,11,20,6.4
22,Male,6.5,0,3.8,1.2,1.6,3,2.6,3.4,0.7,6.2,5,1,2,3.6,36,0,1,158.9,4,1,4.4
44,Female,4.8,2.7,1.5,0.6,1.4,1,0.9,1.1,1.9,5.7,4,8,6,3.9,29,1,1,86.1,10,18,5.9
55,Female,6.1,1.7,2.6,0.8,1.2,1.2,0.8,2.2,1.7,6,9,2,2,3.4,20,0,0,185.8,16,14,21.5
42,Female,8.1,4.7,2.1,0.3,2.2,2,2,4.3,0.8,9.7,9,7,1,0,37,1,0,137.2,14,13,14.1
51,Female,2.7,3.5,1.8,0.3,1.3,3.5,2.3,3,1,5.8,8,2,8,0,65,0,1,206.4,10,13,14.3
43,Male,6.5,4.8,2,1.4,1.2,1.6,2.7,3.6,0.4,6.3,2,5,10,1.5,38,0,1,175.9,14,17,18.1
30,Other,7.5,2.9,1.1,1.7,2.2,0.3,0,2.3,1.7,6.8,5,10,4,2,80,1,1,169.7,15,14,17.4
48,Male,7.6,2.8,1.6,0.6,1.6,2.5,2.9,0,1.7,7.2,8,7,2,2.3,69,0,0,110.3,18,9,21.4
14,Female,3.3,2.5,0.7,1,0.5,2.1,2.5,1.3,1.2,6.6,8,6,4,3.5,75,0,1,153.5,20,17,14.7
26,Female,6.8,2.2,1.5,1.4,1.5,1.3,1.1,3.4,0.1,8.6,7,5,2,2.4,51,0,0,187.8,11,19,11.6
25,Female,8.4,7,1.5,0.2,2.9,1.6,1.7,2.9,0,6.8,4,6,5,1.6,73,0,0,155.8,2,3,5.3
41,Male,6.7,4.2,2.8,0.5,2.3,1,2.2,4.7,1,6.3,3,2,7,3.8,50,0,0,82.1,7,6,3.4
24,Female,5.8,1.4,1.7,2,3,3.1,0,2.7,1.4,7.6,8,10,6,4.4,52,0,0,199.3,10,1,17.1
51,Female,8.3,7,1.6,0.5,0.8,2,0.5,1.3,1.8,5.4,8,1,2,1.4,41,0,0,187.8,0,8,9.1
14,Male,4.6,2.4,2.2,0.8,2.6,2.3,3.4,2.5,2.3,7.1,10,1,4,0.3,20,1,0,75,3,3,0
44,Other,2.9,3.5,2.2,0.7,0.9,1.3,1.3,3.8,0.8,6.1,5,8,8,3.4,60,1,1,156.3,5,11,0
25,Male,5.6,4.4,1.4,0,0.3,3.6,1.9,0.2,0,8,3,3,7,2.2,65,0,1,190.8,9,9,27.2
58,Male,7.1,0.7,2.4,1,0.7,2.3,1.9,2.9,0.7,8.1,5,3,7,4.7,54,1,1,120,14,10,2.1
39,Male,8.1,1.8,1.8,1,1.6,0,2.9,0.9,3.4,6.3,4,9,4,1,63,0,0,83.7,7,0,4.5
61,Male,7.1,5.5,1.4,1.1,2.5,2.6,1.5,2.7,2.8,5.5,8,6,1,0.6,68,0,0,96.3,13,12,19.8
53,Other,7.7,2.7,1.5,1,1.8,1.7,1.6,3.4,1.6,4.3,2,4,7,1.7,36,1,1,144.6,1,6,0.3
29,Male,8.1,4.5,2.9,0.8,1.3,1.8,2.2,3.2,0.8,6.8,8,4,6,4,53,0,0,196.5,19,5,14.3
52,Male,5.3,2.3,1.5,0.7,0.5,3.2,3,4.2,1.1,3.9,10,7,8,2.3,48,0,0,95.6,20,8,24.6
43,Male,5.7,2.9,2.3,0.7,2.2,2.1,3.4,2.8,2.9,6.4,6,6,5,2.8,25,0,1,96,5,17,26.9
46,Female,8.6,5.7,0.7,0.5,2.5,4.1,1.6,3.2,1.4,5.8,4,2,8,2,20,0,0,134.8,2,2,6.4
36,Female,3.6,3.7,3.1,0.6,1.8,2.1,1.4,3.2,0.8,7.2,3,9,10,5,74,0,1,184.4,1,12,9.9
57,Male,6.9,2.5,1.4,0.5,0.4,1.4,1.8,1.2,2.5,6.5,10,2,8,4,46,1,1,237.7,13,2,6.8
47,Male,4.6,2,2.4,1.3,2.3,0,3.6,2.3,0,5.8,5,8,9,0,31,0,0,154.4,17,12,9.9
60,Female,8.2,2.1,1.7,1.2,2.7,1.1,2.9,0,0.2,7.5,6,4,1,4.8,23,0,0,116.3,14,5,20.4
18,Male,6,4.9,2.4,1,3,1.6,1.4,3,0.4,5.2,1,10,3,4.2,74,0,1,110.2,3,17,0
31,Female,6,4.1,2.4,2,1.1,3.8,0.1,0,2.2,7.2,1,1,6,5.2,35,1,1,218.6,15,1,15.2
42,Male,9.5,1.3,1.9,0.5,1.9,1.4,3.3,3.6,0.6,9,10,1,4,1.9,71,0,1,86.9,11,19,8.4
19,Female,3.8,3.1,0.1,1.6,1,4,3.5,4.6,0,7.7,3,9,8,1.1,30,0,1,159.7,16,16,20.9
22,Male,6.4,2.9,3.1,0.9,0.6,0.6,0.7,3.1,0.5,6,2,4,10,2.8,71,1,0,215.9,0,0,20.5
53,Female,5.6,3.5,1.9,1.1,3.1,1.1,1.5,3.3,0.7,5.3,1,1,1,3.3,39,0,0,142.1,19,16,6.7
44,Male,7.1,2.1,2.4,1.3,2.1,3.4,3.1,4.1,1.1,7.6,8,3,5,5.4,45,0,1,95.9,8,4,9.1
46,Other,9.9,4.6,2.7,0.8,2.8,1.3,2.5,1.9,1.3,5,1,3,4,4.3,47,0,0,176.5,11,8,17.1
40,Male,4.8,3,1.5,0.5,0.3,3.3,0,0.8,2.2,6.5,10,7,1,3.3,61,0,1,155.2,4,3,17.9
27,Female,3.6,3.6,2.5,0.6,1.8,1,0.6,2.4,0.9,7.4,8,6,10,2.7,27,0,1,173.5,16,13,0
42,Male,4.4,1.8,1.3,0,2,1.1,2.7,1.5,0.6,5.3,5,8,6,3,21,0,1,178.9,2,7,17.1
49,Male,5.5,1.9,2.4,1.3,0.7,2.8,2.3,2.6,1.2,5.2,4,7,10,2.2,59,0,0,175.9,5,12,23.2
41,Female,6.1,7,2,1.3,3,1,2.8,2.8,1.4,4.9,8,1,3,4.4,45,1,1,164.8,2,5,12
34,Male,6.2,5.7,1.6,1.8,1.3,1.7,2.9,1.9,0.6,8.4,8,3,5,0.1,46,0,0,183.8,5,13,17.6
16,Female,9.6,2.9,2,1.2,2,2.5,2.3,1.6,0,8.5,8,9,6,3,52,0,1,217.5,20,8,20.2
32,Other,9.2,5.3,0.9,1.3,0.9,1.7,2.5,0,0.7,8.5,3,4,4,5.1,80,1,1,110.8,12,16,11.8
44,Female,8.6,4.8,2.3,1,0.3,1.3,1.3,2.3,2,8.7,8,3,10,0.7,74,0,1,136.7,20,6,16.5
48,Male,11,2.1,2.4,1.2,2.4,0.6,2.1,1.9,1.1,5.7,1,5,10,6.9,26,0,0,189.7,18,8,10.1
62,Female,7.6,1.9,2.3,1.5,1.9,3.7,2.4,2,2.4,4.3,4,8,6,0.8,73,0,1,146.4,14,14,9.6
16,Male,8.2,4,3.5,1.1,1.7,4,4,3.5,1.7,8.5,5,1,7,2,65,0,1,86.8,6,9,4.7
39,Female,7.6,3.4,1.9,0.7,1.2,2.4,1,5.1,0.7,7.6,6,2,2,5.1,55,0,0,166.6,12,13,11.4
29,Female,7.3,2.4,2,0.9,1.9,1.7,2.9,2,2.7,7.5,5,7,7,5.9,40,0,1,125.4,19,15,25.1
24,Female,6.8,4.1,0.8,1.4,2.8,1.8,1.9,3,0.3,5.3,5,1,7,3.7,68,1,1,256,1,1,2.8
34,Female,5.2,0.8,3.6,0.8,0.8,3,2.9,2.8,0,6.6,5,5,2,3.7,53,0,1,199.7,18,3,14.9
29,Female,3.5,3.2,0.5,1.4,2.1,3.2,1.9,4,1.5,6.7,9,10,3,6.6,77,0,0,208,18,20,12.6
22,Male,5.7,1.1,2.2,2,1.7,1.4,3.4,1.3,0.4,6.4,10,8,3,0.3,42,0,1,152.1,2,14,21.8
13,Female,7.1,1.2,1.4,1.5,1.3,3.3,1.1,1.3,1.1,5.5,10,6,1,0,53,1,1,165.5,2,10,23.3
34,Male,6.1,1.9,2.1,1.4,0,2.7,2.2,1.4,0.1,4.2,3,3,1,0,59,0,1,132.9,5,20,2.6
38,Female,3.9,3.5,0.7,1.2,1.5,3.3,2.5,0,1.2,5.6,2,7,10,1.3,26,1,1,108.1,12,10,5.4
30,Female,5.7,2,2.9,0.6,2.2,0.1,1.2,2.4,1.7,3.1,10,3,6,1.6,45,1,0,104.4,13,12,5.8
62,Female,5.6,1.2,1,0.6,1.8,1.5,2.4,1.1,1.8,6,2,5,9,3.8,59,0,0,256.8,5,15,6.1
26,Male,5.9,3.7,3.2,0.6,0.1,1.8,3.2,2.8,0.1,5.8,8,7,9,5,71,0,0,169.8,8,8,6.8
59,Female,7,5.2,1.1,1.3,2.7,1.4,1.9,0,0,5.1,5,2,1,4.8,68,0,0,83.9,9,20,12.8
41,Male,7.4,4,3,0.8,3.1,4.3,2.9,2.4,1.6,7,5,10,7,4.8,74,0,1,198.1,15,1,3.2
24,Female,5,5.7,1.2,1,1.4,1.5,1.2,2.2,0.8,6.1,6,4,6,1.1,36,0,0,281.2,14,1,4.3
48,Male,8,5.1,1.4,1.2,3.8,2.6,0.7,1.8,0.6,6.2,9,2,4,3.8,50,1,1,73.2,11,4,3.7
47,Male,8.3,2.3,2,0.6,0.7,2.2,2.8,3.8,1.1,8.2,7,7,3,1.5,58,1,1,180,12,4,13.9
64,Male,6.6,3.9,1.2,0.7,0.2,1.7,1.3,1.5,1,6.1,5,3,9,4.2,44,0,0,93.9,17,4,9.5
24,Female,7.3,2.9,1.1,1.2,0.5,1.1,0,2.9,1.6,7,5,9,10,3.1,56,1,0,207.8,1,13,8.1
19,Male,8,4.6,1.2,0.9,1.7,4.5,1.1,1.7,1.7,5.2,10,6,5,4.8,34,1,1,43,13,5,3.3
41,Male,3.8,2.9,2.3,0.9,0,1.7,3.6,4.7,2.2,6.8,9,1,8,7.8,21,0,0,153.9,16,15,0
23,Other,8.1,1.8,2,0.5,1.2,3.1,3.3,2.3,0.9,6.4,9,10,4,2.9,30,0,0,172.2,0,15,23.1
45,Male,4.4,5.1,2.1,0.9,4.4,2,0.7,3.4,2.2,6.6,2,8,4,0.8,51,0,1,80.8,10,7,7.7
18,Female,4.6,3.5,1.7,1.8,0,1.4,0.2,3.3,1.8,5,7,7,6,0,49,0,1,172.2,13,4,31.7
59,Female,6.4,2,2.5,0.8,1,2.1,1.5,4,2.1,5.1,10,1,6,1.2,36,0,1,126.8,11,12,16.2
27,Other,1.7,2.3,3.1,0.4,0.5,2.4,3.2,2.7,0.1,6.1,1,3,3,5.1,43,1,1,236.2,13,2,24.6
44,Female,6.4,2,2.6,1.5,1.2,1.4,1.8,0.8,1.1,8.1,4,3,2,4,64,0,1,78.8,16,8,17.9
63,Female,8,1.5,1.8,1.3,1.2,1.1,1.8,3.1,3.1,4.8,2,3,9,3.5,23,1,0,195.4,11,3,11.3
23,Female,2.7,2.3,0.8,1.1,0.8,2.6,1.3,2.9,0,8.5,10,7,2,3.8,75,0,1,145,5,7,5.2
35,Male,8.2,3.6,0,0.3,1.3,2.1,1.7,0,3,5.7,9,6,9,4.4,69,0,0,214.7,8,15,2.2
38,Female,4.6,3.1,1.9,0.4,2.1,1.2,3,0.3,2.9,6.6,6,2,8,0,80,1,1,215.8,11,10,19
46,Male,6.4,2.3,0,0.2,2.9,0.9,2.1,3.4,1.9,7.7,4,5,10,5,65,0,1,137.4,16,18,12.1
58,Other,4.9,5.2,1.8,1.2,1.2,2.4,1.8,4.3,0,6.1,3,6,7,3.8,51,1,1,147.8,15,9,14.9
46,Male,7.1,0,3.4,1.5,1.5,0,2.8,2.4,1,6.2,4,2,5,0.1,38,0,1,195.4,1,6,16.5
41,Female,8,3.5,0.8,1.2,2,1.7,2.1,3.6,2,8.2,2,1,3,3.7,22,1,0,176.1,17,11,12.8
16,Male,7.3,2.8,0.7,2,0.3,2.2,3.1,2.6,0,7.8,5,4,2,0.4,23,0,0,144.1,15,7,6.2
29,Female,6,1.5,2.6,0.8,1.3,4.1,1.2,2.5,1.9,7.3,9,4,8,4,44,0,0,108.3,9,9,18.1
47,Male,5,3.5,0,0.8,1,2,2.3,2.3,1.3,6.3,6,4,2,3.2,28,1,0,168.3,18,4,8.4
25,Female,5.9,2.7,2.4,1.1,2.5,1.6,3.1,2.6,0.6,6.4,2,1,8,1,40,1,1,94.4,3,4,10.7
53,Female,7.3,4.9,3.5,0.9,3.3,2.3,3.9,3,0.1,5.2,6,3,5,3.8,42,0,0,182.4,6,12,15.7
51,Male,7.4,4.3,1.1,1.2,0.7,1.1,0.7,2,2.7,6.2,9,7,9,4.6,65,1,1,205.5,15,1,9.5
27,Female,7.1,5.9,1,0.7,2.8,1.7,1.8,4.1,2,6.6,4,4,4,1.9,48,1,1,108.7,18,11,0
41,Female,3.4,2.3,2.6,0.3,0,2,0.4,1.2,1,6.5,1,2,8,4.6,49,0,0,129.1,4,10,18.3
41,Female,6,5.1,0.8,0.1,1.7,2.8,0.8,4.7,1.2,6.9,2,8,7,2.4,44,0,0,118.5,4,1,20
23,Male,4.7,1.3,2.8,1.2,1.8,1.2,2,2.2,0.9,7.8,5,1,8,4.7,68,0,0,202.7,6,14,0
64,Male,7.3,2.8,0.9,0.7,0,2,0,2.4,0,4.7,10,9,5,2.8,48,0,1,152.7,16,19,1.7
44,Male,4.5,2.3,3.8,0.4,0.7,0,2.5,1.7,2.5,5.7,7,5,2,5.3,53,0,1,131.7,0,6,26.2
14,Male,6.9,3.9,2.7,0.7,0.6,2.6,2.7,3,1.4,7.9,8,2,7,1.2,33,1,0,182.4,2,7,11.9
59,Other,5.4,3.9,2,2,0.2,1.7,1.9,2,2.2,9.5,3,4,3,1.2,41,1,0,126,15,2,10
26,Male,2.2,1.6,3.7,0.4,0,4.3,1,1.9,0.7,5.2,9,3,10,1.4,67,0,0,139.8,1,16,6.6
32,Female,7.9,4,3,1.4,1.3,2.4,1.7,3.3,1.3,5.7,2,7,10,3.3,70,0,0,94.3,0,19,1.8
34,Male,5.9,2.4,2.4,1.2,1.4,1,4.5,4,1.5,4.9,4,6,10,2.7,35,1,1,191.9,20,5,8.4
23,Female,8.6,1.8,0.1,1.7,1.4,0.7,1.4,1.1,2.2,4.1,4,9,10,3.6,30,0,1,95.4,6,14,17.8
39,Female,2.7,3,1.3,0.9,2.3,2.8,1.1,3.6,3,6.8,6,4,2,0.7,79,0,0,221.6,9,12,9.9
15,Female,5.4,0.8,3.1,0.2,0,4.2,0,4.1,0.9,7.2,10,3,3,1.6,78,1,1,161.9,2,12,14.9
29,Male,5.6,4.4,0.7,1.5,1.1,3.8,3.3,0.2,0.9,6.1,6,7,4,5.5,33,1,0,142.2,17,11,24.1
56,Female,6.5,2.9,1.2,0.9,4.1,0.5,0.5,1.4,1,6.2,3,6,10,3.7,26,1,0,149.3,2,13,5.4
40,Male,3.3,2.9,1,1.6,2.4,2.2,2.1,4.1,0.6,6.4,9,5,7,4.2,24,1,1,235.5,6,8,12.4
41,Male,7.1,2.9,2.4,1.4,2.4,3.4,4.5,3,3.8,5.8,5,10,10,2.5,77,1,0,82.7,14,9,18
33,Male,9.8,5.5,3,1.5,0.5,0.4,2.4,4.7,0,6.4,2,7,1,3.6,59,0,0,86.4,0,4,2.5
59,Female,6.9,5.3,3,2.2,1.3,3.2,2.4,2.3,3.9,8.2,6,5,6,2.1,48,0,1,198,18,20,11.4
28,Male,6.2,5,1.1,1.1,0,1.2,1.6,1.8,1.8,5.5,3,9,6,0,36,0,0,103.9,4,4,25
49,Female,3.2,2.9,2.4,1.7,2.1,1.7,2.4,4.3,1.1,6.2,8,4,8,5.1,49,0,0,113,20,20,7.3
32,Male,4.5,1.3,1.1,0.8,2.9,2.3,2.1,1.4,0.4,6.3,3,1,2,3.4,44,0,1,127.8,6,19,18.5
18,Female,5.9,3,1.8,1.3,0.1,3.3,2.6,2.2,1.2,5.8,5,10,2,1.5,33,0,0,206.3,10,5,8.9
31,Male,4.9,3.5,2.5,0.7,0.3,3.8,0,3.2,0.6,6.6,4,5,1,3,78,0,0,190.5,0,11,24.4
17,Female,8.1,4.2,3.1,1.2,1.5,1.6,2.5,3.4,2.6,3.5,4,1,3,2.1,61,0,0,142.9,1,16,0
15,Female,7.1,3.5,0,1.2,1.7,1.4,2.5,1.5,1.8,7.2,2,1,7,6,41,0,1,170,13,15,10.5
13,Female,11.4,1.5,2.1,0,1,1.3,5.1,2.8,2.9,5.3,8,1,8,4.3,63,0,0,168.8,9,17,0
50,Female,4,2.2,3.4,0.7,0.7,2.9,2,2.1,0.9,5.5,3,1,7,0.7,24,1,1,99.9,2,5,4.4
27,Male,6.1,2.1,2.2,1.1,0.7,3.2,2.3,0.3,1.3,6.3,4,8,9,0.4,59,1,1,103.3,13,9,4.3
46,Female,3.2,3.8,2.1,0,1.5,3.1,2.5,1.9,1.1,4.8,6,2,8,3.5,47,1,0,48.2,4,19,7.9
47,Male,1.6,3.8,1.4,1,2.1,2.3,2.5,0.4,0.8,8.1,9,9,8,3.3,31,0,1,224.5,16,20,0.5
61,Male,7.4,4,3.4,1.5,1.5,2.4,0.5,1.6,0.2,5.5,4,7,2,4,55,0,1,116.5,6,8,9.4
37,Female,7,3.5,1.5,1.7,1.4,1.7,3,0.9,1.9,9.7,3,3,1,2.7,79,0,0,150.7,0,1,13.7
36,Female,4.3,0,1.9,0.6,0,1.8,0.9,3.5,1.5,7.3,5,9,6,1.7,32,1,1,176.9,10,2,0
24,Male,6.2,0.4,1.5,1.7,2.4,3,2.5,2.9,1.2,5.8,9,4,7,4,76,1,1,101.4,5,9,4.9
30,Female,4.7,2.8,2.1,1.6,1.4,2.3,1,4.5,1.7,6.1,1,7,6,4.2,40,0,0,107.6,15,7,30.3
27,Female,5,3.1,3.4,0,1.1,1.4,1.7,1.3,0.8,6.7,5,3,7,5.5,51,1,0,104,13,8,12.6
56,Male,5.4,4.9,1.1,1.1,1.8,3.3,1.4,2.7,1.2,8.5,4,5,8,4.5,68,0,0,5.2,16,20,0
28,Male,4.2,3.1,2.1,1.1,0.7,1.3,1.7,1.1,2.1,7.6,5,4,2,1.3,75,0,0,146.7,14,18,0
39,Male,4.6,1.5,2.4,1.8,1.1,2.2,1.9,1.7,2.2,7.6,7,6,1,3.5,76,1,0,266.9,13,0,11.8
20,Male,4.6,4,1.2,1.1,1.6,0.5,2.4,2,2.7,6.1,7,9,10,2.4,40,0,1,123.5,6,1,10.8
58,Male,6.8,3,1.9,1.7,0.8,0.9,1.9,5.1,0.1,5.8,7,5,8,1.1,80,0,0,124.9,9,19,5.3
37,Male,0.5,2.4,3.9,0.6,0,2,3,3,0.2,7.3,1,1,8,0,56,0,0,131.5,18,3,27.5
29,Male,5.5,0.6,0.2,0.2,0,1.2,1.4,2.3,0,8.1,9,5,8,7.5,57,1,0,165.6,6,15,30.9
41,Female,3.8,3.1,1.6,0.7,1.9,1.7,2.5,3.9,0.6,6.3,7,5,10,1.9,28,0,1,194.1,14,20,7.9
20,Female,3.9,3.3,2.3,1.8,1.5,3.5,1,3.4,0.9,5.7,4,9,7,2.7,56,0,0,108.3,13,11,17
27,Other,4.9,1.5,1.6,1.5,1.4,1.9,4.1,2.4,1.6,5.3,4,8,2,3.4,21,1,0,173.1,14,1,17.4
39,Male,6,4.1,4.9,2.2,0.3,3.1,2.5,3.4,2.4,4.5,2,5,4,3.2,22,0,0,145.7,18,14,18.4
58,Female,5.6,4,2.5,0.3,1.5,1.1,1.2,2.1,0.8,6,6,5,9,0,62,0,1,164.9,20,17,4.9
62,Female,3.9,3.1,1,1.5,1.1,2.7,4.1,6.4,1.8,6.2,10,2,8,2.7,29,0,0,172.6,15,15,25.5
64,Female,7.4,3,0,1.4,0.9,0.8,2.6,4.1,2.5,6.5,3,9,4,6.5,54,1,0,101.3,1,20,9.5
19,Male,4.2,4.4,2.3,0.9,1.4,1.7,1.2,2,0.7,7.1,1,4,8,2.6,28,0,0,123.7,1,11,13.4
15,Female,4.5,3.6,1.2,1.4,1.8,2.7,1.8,3.5,0.9,5.9,5,7,10,6.3,59,1,0,173.1,0,17,10
